filepath,true_label,true_idx,pred_idx,pred_label,pred_prob
D:\Major project\Testing\glioma\Te-glTr_0000.jpg,glioma,0,0,glioma,0.6251961
D:\Major project\Testing\glioma\Te-glTr_0001.jpg,glioma,0,0,glioma,0.62517715
D:\Major project\Testing\glioma\Te-glTr_0002.jpg,glioma,0,0,glioma,0.6251938
D:\Major project\Testing\glioma\Te-glTr_0003.jpg,glioma,0,0,glioma,0.5787693
D:\Major project\Testing\glioma\Te-glTr_0004.jpg,glioma,0,0,glioma,0.5980752
D:\Major project\Testing\glioma\Te-glTr_0005.jpg,glioma,0,0,glioma,0.62428343
D:\Major project\Testing\glioma\Te-glTr_0006.jpg,glioma,0,0,glioma,0.6252003
D:\Major project\Testing\glioma\Te-glTr_0007.jpg,glioma,0,0,glioma,0.6252051
D:\Major project\Testing\glioma\Te-glTr_0008.jpg,glioma,0,0,glioma,0.62520623
D:\Major project\Testing\glioma\Te-glTr_0009.jpg,glioma,0,0,glioma,0.6251962
D:\Major project\Testing\glioma\Te-gl_0010.jpg,glioma,0,0,glioma,0.62486553
D:\Major project\Testing\glioma\Te-gl_0011.jpg,glioma,0,0,glioma,0.6251527
D:\Major project\Testing\glioma\Te-gl_0012.jpg,glioma,0,0,glioma,0.62484354
D:\Major project\Testing\glioma\Te-gl_0013.jpg,glioma,0,0,glioma,0.6251184
D:\Major project\Testing\glioma\Te-gl_0014.jpg,glioma,0,0,glioma,0.62520385
D:\Major project\Testing\glioma\Te-gl_0015.jpg,glioma,0,0,glioma,0.62518054
D:\Major project\Testing\glioma\Te-gl_0016.jpg,glioma,0,0,glioma,0.62520576
D:\Major project\Testing\glioma\Te-gl_0017.jpg,glioma,0,0,glioma,0.62515295
D:\Major project\Testing\glioma\Te-gl_0018.jpg,glioma,0,0,glioma,0.6251859
D:\Major project\Testing\glioma\Te-gl_0019.jpg,glioma,0,0,glioma,0.4818859
D:\Major project\Testing\glioma\Te-gl_0020.jpg,glioma,0,0,glioma,0.6242382
D:\Major project\Testing\glioma\Te-gl_0021.jpg,glioma,0,0,glioma,0.6252042
D:\Major project\Testing\glioma\Te-gl_0022.jpg,glioma,0,0,glioma,0.6251919
D:\Major project\Testing\glioma\Te-gl_0023.jpg,glioma,0,0,glioma,0.53157
D:\Major project\Testing\glioma\Te-gl_0024.jpg,glioma,0,0,glioma,0.61955976
D:\Major project\Testing\glioma\Te-gl_0025.jpg,glioma,0,0,glioma,0.6252066
D:\Major project\Testing\glioma\Te-gl_0026.jpg,glioma,0,0,glioma,0.625205
D:\Major project\Testing\glioma\Te-gl_0027.jpg,glioma,0,0,glioma,0.625206
D:\Major project\Testing\glioma\Te-gl_0028.jpg,glioma,0,0,glioma,0.62056595
D:\Major project\Testing\glioma\Te-gl_0029.jpg,glioma,0,0,glioma,0.61955976
D:\Major project\Testing\glioma\Te-gl_0030.jpg,glioma,0,1,meningioma,0.62404364
D:\Major project\Testing\glioma\Te-gl_0031.jpg,glioma,0,0,glioma,0.62520415
D:\Major project\Testing\glioma\Te-gl_0032.jpg,glioma,0,0,glioma,0.6252024
D:\Major project\Testing\glioma\Te-gl_0033.jpg,glioma,0,0,glioma,0.62520456
D:\Major project\Testing\glioma\Te-gl_0034.jpg,glioma,0,0,glioma,0.6252048
D:\Major project\Testing\glioma\Te-gl_0035.jpg,glioma,0,0,glioma,0.6252056
D:\Major project\Testing\glioma\Te-gl_0036.jpg,glioma,0,0,glioma,0.62517977
D:\Major project\Testing\glioma\Te-gl_0037.jpg,glioma,0,0,glioma,0.62516594
D:\Major project\Testing\glioma\Te-gl_0038.jpg,glioma,0,0,glioma,0.6252062
D:\Major project\Testing\glioma\Te-gl_0039.jpg,glioma,0,0,glioma,0.62519073
D:\Major project\Testing\glioma\Te-gl_0040.jpg,glioma,0,0,glioma,0.62520355
D:\Major project\Testing\glioma\Te-gl_0041.jpg,glioma,0,0,glioma,0.62515014
D:\Major project\Testing\glioma\Te-gl_0042.jpg,glioma,0,0,glioma,0.6228564
D:\Major project\Testing\glioma\Te-gl_0043.jpg,glioma,0,1,meningioma,0.6211997
D:\Major project\Testing\glioma\Te-gl_0044.jpg,glioma,0,0,glioma,0.44715
D:\Major project\Testing\glioma\Te-gl_0045.jpg,glioma,0,0,glioma,0.38161176
D:\Major project\Testing\glioma\Te-gl_0046.jpg,glioma,0,1,meningioma,0.3834659
D:\Major project\Testing\glioma\Te-gl_0047.jpg,glioma,0,1,meningioma,0.37892205
D:\Major project\Testing\glioma\Te-gl_0048.jpg,glioma,0,0,glioma,0.54981697
D:\Major project\Testing\glioma\Te-gl_0049.jpg,glioma,0,0,glioma,0.62519115
D:\Major project\Testing\glioma\Te-gl_0050.jpg,glioma,0,0,glioma,0.6251335
D:\Major project\Testing\glioma\Te-gl_0051.jpg,glioma,0,0,glioma,0.62520343
D:\Major project\Testing\glioma\Te-gl_0052.jpg,glioma,0,0,glioma,0.62520653
D:\Major project\Testing\glioma\Te-gl_0053.jpg,glioma,0,0,glioma,0.6252065
D:\Major project\Testing\glioma\Te-gl_0054.jpg,glioma,0,0,glioma,0.62520623
D:\Major project\Testing\glioma\Te-gl_0055.jpg,glioma,0,0,glioma,0.62520623
D:\Major project\Testing\glioma\Te-gl_0056.jpg,glioma,0,0,glioma,0.62520564
D:\Major project\Testing\glioma\Te-gl_0057.jpg,glioma,0,0,glioma,0.5383117
D:\Major project\Testing\glioma\Te-gl_0058.jpg,glioma,0,0,glioma,0.6252041
D:\Major project\Testing\glioma\Te-gl_0059.jpg,glioma,0,0,glioma,0.62520415
D:\Major project\Testing\glioma\Te-gl_0060.jpg,glioma,0,0,glioma,0.62511766
D:\Major project\Testing\glioma\Te-gl_0061.jpg,glioma,0,0,glioma,0.6240136
D:\Major project\Testing\glioma\Te-gl_0062.jpg,glioma,0,0,glioma,0.6252069
D:\Major project\Testing\glioma\Te-gl_0063.jpg,glioma,0,0,glioma,0.62520534
D:\Major project\Testing\glioma\Te-gl_0064.jpg,glioma,0,0,glioma,0.62520576
D:\Major project\Testing\glioma\Te-gl_0065.jpg,glioma,0,0,glioma,0.625206
D:\Major project\Testing\glioma\Te-gl_0066.jpg,glioma,0,0,glioma,0.6252044
D:\Major project\Testing\glioma\Te-gl_0067.jpg,glioma,0,0,glioma,0.6252048
D:\Major project\Testing\glioma\Te-gl_0068.jpg,glioma,0,0,glioma,0.6250549
D:\Major project\Testing\glioma\Te-gl_0069.jpg,glioma,0,0,glioma,0.6252039
D:\Major project\Testing\glioma\Te-gl_0070.jpg,glioma,0,0,glioma,0.6250436
D:\Major project\Testing\glioma\Te-gl_0071.jpg,glioma,0,0,glioma,0.62520593
D:\Major project\Testing\glioma\Te-gl_0072.jpg,glioma,0,0,glioma,0.6251994
D:\Major project\Testing\glioma\Te-gl_0073.jpg,glioma,0,0,glioma,0.6251482
D:\Major project\Testing\glioma\Te-gl_0074.jpg,glioma,0,0,glioma,0.6251498
D:\Major project\Testing\glioma\Te-gl_0075.jpg,glioma,0,0,glioma,0.6252042
D:\Major project\Testing\glioma\Te-gl_0076.jpg,glioma,0,0,glioma,0.6252064
D:\Major project\Testing\glioma\Te-gl_0077.jpg,glioma,0,0,glioma,0.62519395
D:\Major project\Testing\glioma\Te-gl_0078.jpg,glioma,0,0,glioma,0.6252066
D:\Major project\Testing\glioma\Te-gl_0079.jpg,glioma,0,0,glioma,0.6252062
D:\Major project\Testing\glioma\Te-gl_0080.jpg,glioma,0,0,glioma,0.62520707
D:\Major project\Testing\glioma\Te-gl_0081.jpg,glioma,0,0,glioma,0.5970645
D:\Major project\Testing\glioma\Te-gl_0082.jpg,glioma,0,0,glioma,0.6252067
D:\Major project\Testing\glioma\Te-gl_0083.jpg,glioma,0,0,glioma,0.6224074
D:\Major project\Testing\glioma\Te-gl_0084.jpg,glioma,0,0,glioma,0.6249903
D:\Major project\Testing\glioma\Te-gl_0085.jpg,glioma,0,0,glioma,0.62520415
D:\Major project\Testing\glioma\Te-gl_0086.jpg,glioma,0,0,glioma,0.62520736
D:\Major project\Testing\glioma\Te-gl_0087.jpg,glioma,0,0,glioma,0.6249321
D:\Major project\Testing\glioma\Te-gl_0088.jpg,glioma,0,0,glioma,0.6240851
D:\Major project\Testing\glioma\Te-gl_0089.jpg,glioma,0,0,glioma,0.538248
D:\Major project\Testing\glioma\Te-gl_0090.jpg,glioma,0,0,glioma,0.625203
D:\Major project\Testing\glioma\Te-gl_0091.jpg,glioma,0,0,glioma,0.6251976
D:\Major project\Testing\glioma\Te-gl_0092.jpg,glioma,0,0,glioma,0.6251384
D:\Major project\Testing\glioma\Te-gl_0093.jpg,glioma,0,0,glioma,0.6250417
D:\Major project\Testing\glioma\Te-gl_0094.jpg,glioma,0,0,glioma,0.54936546
D:\Major project\Testing\glioma\Te-gl_0095.jpg,glioma,0,0,glioma,0.6252058
D:\Major project\Testing\glioma\Te-gl_0096.jpg,glioma,0,0,glioma,0.62507755
D:\Major project\Testing\glioma\Te-gl_0097.jpg,glioma,0,0,glioma,0.62518907
D:\Major project\Testing\glioma\Te-gl_0098.jpg,glioma,0,0,glioma,0.6252058
D:\Major project\Testing\glioma\Te-gl_0099.jpg,glioma,0,0,glioma,0.6057547
D:\Major project\Testing\glioma\Te-gl_0100.jpg,glioma,0,0,glioma,0.62520653
D:\Major project\Testing\glioma\Te-gl_0101.jpg,glioma,0,0,glioma,0.62467295
D:\Major project\Testing\glioma\Te-gl_0102.jpg,glioma,0,0,glioma,0.62516993
D:\Major project\Testing\glioma\Te-gl_0103.jpg,glioma,0,0,glioma,0.62519914
D:\Major project\Testing\glioma\Te-gl_0104.jpg,glioma,0,0,glioma,0.6252058
D:\Major project\Testing\glioma\Te-gl_0105.jpg,glioma,0,0,glioma,0.6252042
D:\Major project\Testing\glioma\Te-gl_0106.jpg,glioma,0,0,glioma,0.59833
D:\Major project\Testing\glioma\Te-gl_0107.jpg,glioma,0,0,glioma,0.6043033
D:\Major project\Testing\glioma\Te-gl_0108.jpg,glioma,0,0,glioma,0.6252042
D:\Major project\Testing\glioma\Te-gl_0109.jpg,glioma,0,0,glioma,0.62129045
D:\Major project\Testing\glioma\Te-gl_0110.jpg,glioma,0,0,glioma,0.62426084
D:\Major project\Testing\glioma\Te-gl_0111.jpg,glioma,0,0,glioma,0.6252048
D:\Major project\Testing\glioma\Te-gl_0112.jpg,glioma,0,0,glioma,0.6252052
D:\Major project\Testing\glioma\Te-gl_0113.jpg,glioma,0,0,glioma,0.6251915
D:\Major project\Testing\glioma\Te-gl_0114.jpg,glioma,0,0,glioma,0.55943173
D:\Major project\Testing\glioma\Te-gl_0115.jpg,glioma,0,0,glioma,0.62508607
D:\Major project\Testing\glioma\Te-gl_0116.jpg,glioma,0,0,glioma,0.6251906
D:\Major project\Testing\glioma\Te-gl_0117.jpg,glioma,0,0,glioma,0.62520266
D:\Major project\Testing\glioma\Te-gl_0118.jpg,glioma,0,0,glioma,0.6251714
D:\Major project\Testing\glioma\Te-gl_0119.jpg,glioma,0,0,glioma,0.6250591
D:\Major project\Testing\glioma\Te-gl_0120.jpg,glioma,0,0,glioma,0.625205
D:\Major project\Testing\glioma\Te-gl_0121.jpg,glioma,0,0,glioma,0.6251977
D:\Major project\Testing\glioma\Te-gl_0122.jpg,glioma,0,0,glioma,0.61262816
D:\Major project\Testing\glioma\Te-gl_0123.jpg,glioma,0,0,glioma,0.6252042
D:\Major project\Testing\glioma\Te-gl_0124.jpg,glioma,0,0,glioma,0.6252067
D:\Major project\Testing\glioma\Te-gl_0125.jpg,glioma,0,0,glioma,0.5874041
D:\Major project\Testing\glioma\Te-gl_0126.jpg,glioma,0,0,glioma,0.58849424
D:\Major project\Testing\glioma\Te-gl_0127.jpg,glioma,0,0,glioma,0.6252046
D:\Major project\Testing\glioma\Te-gl_0128.jpg,glioma,0,0,glioma,0.6252024
D:\Major project\Testing\glioma\Te-gl_0129.jpg,glioma,0,0,glioma,0.6251721
D:\Major project\Testing\glioma\Te-gl_0130.jpg,glioma,0,0,glioma,0.6252045
D:\Major project\Testing\glioma\Te-gl_0131.jpg,glioma,0,0,glioma,0.62520605
D:\Major project\Testing\glioma\Te-gl_0132.jpg,glioma,0,0,glioma,0.625206
D:\Major project\Testing\glioma\Te-gl_0133.jpg,glioma,0,0,glioma,0.62510496
D:\Major project\Testing\glioma\Te-gl_0134.jpg,glioma,0,0,glioma,0.6252051
D:\Major project\Testing\glioma\Te-gl_0135.jpg,glioma,0,0,glioma,0.62520665
D:\Major project\Testing\glioma\Te-gl_0136.jpg,glioma,0,0,glioma,0.6251997
D:\Major project\Testing\glioma\Te-gl_0137.jpg,glioma,0,0,glioma,0.62520444
D:\Major project\Testing\glioma\Te-gl_0138.jpg,glioma,0,0,glioma,0.62515336
D:\Major project\Testing\glioma\Te-gl_0139.jpg,glioma,0,0,glioma,0.62520295
D:\Major project\Testing\glioma\Te-gl_0140.jpg,glioma,0,0,glioma,0.625197
D:\Major project\Testing\glioma\Te-gl_0141.jpg,glioma,0,0,glioma,0.62520593
D:\Major project\Testing\glioma\Te-gl_0142.jpg,glioma,0,0,glioma,0.6251713
D:\Major project\Testing\glioma\Te-gl_0143.jpg,glioma,0,0,glioma,0.62519884
D:\Major project\Testing\glioma\Te-gl_0144.jpg,glioma,0,0,glioma,0.6252033
D:\Major project\Testing\glioma\Te-gl_0145.jpg,glioma,0,0,glioma,0.62520504
D:\Major project\Testing\glioma\Te-gl_0146.jpg,glioma,0,0,glioma,0.625204
D:\Major project\Testing\glioma\Te-gl_0147.jpg,glioma,0,0,glioma,0.6252064
D:\Major project\Testing\glioma\Te-gl_0148.jpg,glioma,0,0,glioma,0.62486
D:\Major project\Testing\glioma\Te-gl_0149.jpg,glioma,0,0,glioma,0.62516326
D:\Major project\Testing\glioma\Te-gl_0150.jpg,glioma,0,0,glioma,0.6250819
D:\Major project\Testing\glioma\Te-gl_0151.jpg,glioma,0,0,glioma,0.6251509
D:\Major project\Testing\glioma\Te-gl_0152.jpg,glioma,0,0,glioma,0.6230817
D:\Major project\Testing\glioma\Te-gl_0153.jpg,glioma,0,0,glioma,0.6252048
D:\Major project\Testing\glioma\Te-gl_0154.jpg,glioma,0,0,glioma,0.6251601
D:\Major project\Testing\glioma\Te-gl_0155.jpg,glioma,0,0,glioma,0.6252062
D:\Major project\Testing\glioma\Te-gl_0156.jpg,glioma,0,0,glioma,0.6252008
D:\Major project\Testing\glioma\Te-gl_0157.jpg,glioma,0,0,glioma,0.6251979
D:\Major project\Testing\glioma\Te-gl_0158.jpg,glioma,0,0,glioma,0.5707059
D:\Major project\Testing\glioma\Te-gl_0159.jpg,glioma,0,0,glioma,0.59520394
D:\Major project\Testing\glioma\Te-gl_0160.jpg,glioma,0,0,glioma,0.625187
D:\Major project\Testing\glioma\Te-gl_0161.jpg,glioma,0,0,glioma,0.6251368
D:\Major project\Testing\glioma\Te-gl_0162.jpg,glioma,0,0,glioma,0.62513644
D:\Major project\Testing\glioma\Te-gl_0163.jpg,glioma,0,0,glioma,0.62275875
D:\Major project\Testing\glioma\Te-gl_0164.jpg,glioma,0,0,glioma,0.6251961
D:\Major project\Testing\glioma\Te-gl_0165.jpg,glioma,0,0,glioma,0.62520254
D:\Major project\Testing\glioma\Te-gl_0166.jpg,glioma,0,0,glioma,0.6251743
D:\Major project\Testing\glioma\Te-gl_0167.jpg,glioma,0,0,glioma,0.62461853
D:\Major project\Testing\glioma\Te-gl_0168.jpg,glioma,0,0,glioma,0.6106311
D:\Major project\Testing\glioma\Te-gl_0169.jpg,glioma,0,0,glioma,0.62349755
D:\Major project\Testing\glioma\Te-gl_0170.jpg,glioma,0,0,glioma,0.6251933
D:\Major project\Testing\glioma\Te-gl_0171.jpg,glioma,0,0,glioma,0.6252035
D:\Major project\Testing\glioma\Te-gl_0172.jpg,glioma,0,0,glioma,0.62515604
D:\Major project\Testing\glioma\Te-gl_0173.jpg,glioma,0,0,glioma,0.62520325
D:\Major project\Testing\glioma\Te-gl_0174.jpg,glioma,0,0,glioma,0.6247952
D:\Major project\Testing\glioma\Te-gl_0175.jpg,glioma,0,0,glioma,0.6252038
D:\Major project\Testing\glioma\Te-gl_0176.jpg,glioma,0,0,glioma,0.6247606
D:\Major project\Testing\glioma\Te-gl_0177.jpg,glioma,0,0,glioma,0.62501734
D:\Major project\Testing\glioma\Te-gl_0178.jpg,glioma,0,0,glioma,0.6031348
D:\Major project\Testing\glioma\Te-gl_0179.jpg,glioma,0,0,glioma,0.6251056
D:\Major project\Testing\glioma\Te-gl_0180.jpg,glioma,0,0,glioma,0.6252041
D:\Major project\Testing\glioma\Te-gl_0181.jpg,glioma,0,0,glioma,0.6251761
D:\Major project\Testing\glioma\Te-gl_0182.jpg,glioma,0,0,glioma,0.6251159
D:\Major project\Testing\glioma\Te-gl_0183.jpg,glioma,0,0,glioma,0.6252065
D:\Major project\Testing\glioma\Te-gl_0184.jpg,glioma,0,0,glioma,0.62519485
D:\Major project\Testing\glioma\Te-gl_0185.jpg,glioma,0,0,glioma,0.62513864
D:\Major project\Testing\glioma\Te-gl_0186.jpg,glioma,0,0,glioma,0.6251987
D:\Major project\Testing\glioma\Te-gl_0187.jpg,glioma,0,0,glioma,0.6252039
D:\Major project\Testing\glioma\Te-gl_0188.jpg,glioma,0,0,glioma,0.6251917
D:\Major project\Testing\glioma\Te-gl_0189.jpg,glioma,0,0,glioma,0.6251588
D:\Major project\Testing\glioma\Te-gl_0190.jpg,glioma,0,0,glioma,0.61427724
D:\Major project\Testing\glioma\Te-gl_0191.jpg,glioma,0,0,glioma,0.62519073
D:\Major project\Testing\glioma\Te-gl_0192.jpg,glioma,0,0,glioma,0.6212014
D:\Major project\Testing\glioma\Te-gl_0193.jpg,glioma,0,0,glioma,0.6252041
D:\Major project\Testing\glioma\Te-gl_0194.jpg,glioma,0,0,glioma,0.62519944
D:\Major project\Testing\glioma\Te-gl_0195.jpg,glioma,0,0,glioma,0.625112
D:\Major project\Testing\glioma\Te-gl_0196.jpg,glioma,0,0,glioma,0.62478983
D:\Major project\Testing\glioma\Te-gl_0197.jpg,glioma,0,0,glioma,0.6250923
D:\Major project\Testing\glioma\Te-gl_0198.jpg,glioma,0,0,glioma,0.6246475
D:\Major project\Testing\glioma\Te-gl_0199.jpg,glioma,0,0,glioma,0.62505895
D:\Major project\Testing\glioma\Te-gl_0200.jpg,glioma,0,0,glioma,0.6251854
D:\Major project\Testing\glioma\Te-gl_0201.jpg,glioma,0,0,glioma,0.6252002
D:\Major project\Testing\glioma\Te-gl_0202.jpg,glioma,0,0,glioma,0.6252018
D:\Major project\Testing\glioma\Te-gl_0203.jpg,glioma,0,0,glioma,0.62520593
D:\Major project\Testing\glioma\Te-gl_0204.jpg,glioma,0,0,glioma,0.62468714
D:\Major project\Testing\glioma\Te-gl_0205.jpg,glioma,0,0,glioma,0.62516236
D:\Major project\Testing\glioma\Te-gl_0206.jpg,glioma,0,0,glioma,0.6248136
D:\Major project\Testing\glioma\Te-gl_0207.jpg,glioma,0,0,glioma,0.6251604
D:\Major project\Testing\glioma\Te-gl_0208.jpg,glioma,0,0,glioma,0.6250255
D:\Major project\Testing\glioma\Te-gl_0209.jpg,glioma,0,0,glioma,0.62520194
D:\Major project\Testing\glioma\Te-gl_0210.jpg,glioma,0,0,glioma,0.6252053
D:\Major project\Testing\glioma\Te-gl_0211.jpg,glioma,0,0,glioma,0.6251097
D:\Major project\Testing\glioma\Te-gl_0212.jpg,glioma,0,0,glioma,0.6252047
D:\Major project\Testing\glioma\Te-gl_0213.jpg,glioma,0,0,glioma,0.62519336
D:\Major project\Testing\glioma\Te-gl_0214.jpg,glioma,0,0,glioma,0.6251955
D:\Major project\Testing\glioma\Te-gl_0215.jpg,glioma,0,0,glioma,0.62518483
D:\Major project\Testing\glioma\Te-gl_0216.jpg,glioma,0,0,glioma,0.62519866
D:\Major project\Testing\glioma\Te-gl_0217.jpg,glioma,0,0,glioma,0.62520385
D:\Major project\Testing\glioma\Te-gl_0218.jpg,glioma,0,0,glioma,0.6251868
D:\Major project\Testing\glioma\Te-gl_0219.jpg,glioma,0,0,glioma,0.6250602
D:\Major project\Testing\glioma\Te-gl_0220.jpg,glioma,0,0,glioma,0.62520224
D:\Major project\Testing\glioma\Te-gl_0221.jpg,glioma,0,0,glioma,0.62447673
D:\Major project\Testing\glioma\Te-gl_0222.jpg,glioma,0,0,glioma,0.6250811
D:\Major project\Testing\glioma\Te-gl_0223.jpg,glioma,0,0,glioma,0.6195964
D:\Major project\Testing\glioma\Te-gl_0224.jpg,glioma,0,0,glioma,0.6252054
D:\Major project\Testing\glioma\Te-gl_0225.jpg,glioma,0,0,glioma,0.62519944
D:\Major project\Testing\glioma\Te-gl_0226.jpg,glioma,0,0,glioma,0.62520677
D:\Major project\Testing\glioma\Te-gl_0227.jpg,glioma,0,0,glioma,0.62479025
D:\Major project\Testing\glioma\Te-gl_0228.jpg,glioma,0,0,glioma,0.6252025
D:\Major project\Testing\glioma\Te-gl_0229.jpg,glioma,0,0,glioma,0.6072961
D:\Major project\Testing\glioma\Te-gl_0230.jpg,glioma,0,0,glioma,0.616017
D:\Major project\Testing\glioma\Te-gl_0231.jpg,glioma,0,0,glioma,0.61587083
D:\Major project\Testing\glioma\Te-gl_0232.jpg,glioma,0,0,glioma,0.5033744
D:\Major project\Testing\glioma\Te-gl_0233.jpg,glioma,0,0,glioma,0.550284
D:\Major project\Testing\glioma\Te-gl_0234.jpg,glioma,0,1,meningioma,0.49946398
D:\Major project\Testing\glioma\Te-gl_0235.jpg,glioma,0,1,meningioma,0.52792007
D:\Major project\Testing\glioma\Te-gl_0236.jpg,glioma,0,1,meningioma,0.61868554
D:\Major project\Testing\glioma\Te-gl_0237.jpg,glioma,0,1,meningioma,0.6191568
D:\Major project\Testing\glioma\Te-gl_0238.jpg,glioma,0,0,glioma,0.4242495
D:\Major project\Testing\glioma\Te-gl_0239.jpg,glioma,0,1,meningioma,0.50720346
D:\Major project\Testing\glioma\Te-gl_0240.jpg,glioma,0,0,glioma,0.59895176
D:\Major project\Testing\glioma\Te-gl_0241.jpg,glioma,0,0,glioma,0.61949205
D:\Major project\Testing\glioma\Te-gl_0242.jpg,glioma,0,0,glioma,0.4509838
D:\Major project\Testing\glioma\Te-gl_0243.jpg,glioma,0,0,glioma,0.49433115
D:\Major project\Testing\glioma\Te-gl_0244.jpg,glioma,0,0,glioma,0.61078507
D:\Major project\Testing\glioma\Te-gl_0245.jpg,glioma,0,1,meningioma,0.39941707
D:\Major project\Testing\glioma\Te-gl_0246.jpg,glioma,0,0,glioma,0.39768326
D:\Major project\Testing\glioma\Te-gl_0247.jpg,glioma,0,1,meningioma,0.45456213
D:\Major project\Testing\glioma\Te-gl_0248.jpg,glioma,0,0,glioma,0.58012444
D:\Major project\Testing\glioma\Te-gl_0249.jpg,glioma,0,1,meningioma,0.5681107
D:\Major project\Testing\glioma\Te-gl_0250.jpg,glioma,0,0,glioma,0.43601853
D:\Major project\Testing\glioma\Te-gl_0251.jpg,glioma,0,1,meningioma,0.5586861
D:\Major project\Testing\glioma\Te-gl_0252.jpg,glioma,0,1,meningioma,0.5912105
D:\Major project\Testing\glioma\Te-gl_0253.jpg,glioma,0,0,glioma,0.59551626
D:\Major project\Testing\glioma\Te-gl_0254.jpg,glioma,0,0,glioma,0.53281647
D:\Major project\Testing\glioma\Te-gl_0255.jpg,glioma,0,1,meningioma,0.61508787
D:\Major project\Testing\glioma\Te-gl_0256.jpg,glioma,0,0,glioma,0.61166376
D:\Major project\Testing\glioma\Te-gl_0257.jpg,glioma,0,0,glioma,0.6028278
D:\Major project\Testing\glioma\Te-gl_0258.jpg,glioma,0,0,glioma,0.51977974
D:\Major project\Testing\glioma\Te-gl_0259.jpg,glioma,0,1,meningioma,0.60573345
D:\Major project\Testing\glioma\Te-gl_0260.jpg,glioma,0,1,meningioma,0.41453874
D:\Major project\Testing\glioma\Te-gl_0261.jpg,glioma,0,0,glioma,0.57462436
D:\Major project\Testing\glioma\Te-gl_0262.jpg,glioma,0,0,glioma,0.60601735
D:\Major project\Testing\glioma\Te-gl_0263.jpg,glioma,0,0,glioma,0.5480209
D:\Major project\Testing\glioma\Te-gl_0264.jpg,glioma,0,1,meningioma,0.57121265
D:\Major project\Testing\glioma\Te-gl_0265.jpg,glioma,0,1,meningioma,0.5994807
D:\Major project\Testing\glioma\Te-gl_0266.jpg,glioma,0,0,glioma,0.46726808
D:\Major project\Testing\glioma\Te-gl_0267.jpg,glioma,0,1,meningioma,0.57053155
D:\Major project\Testing\glioma\Te-gl_0268.jpg,glioma,0,0,glioma,0.38009983
D:\Major project\Testing\glioma\Te-gl_0269.jpg,glioma,0,0,glioma,0.62296224
D:\Major project\Testing\glioma\Te-gl_0270.jpg,glioma,0,0,glioma,0.5305343
D:\Major project\Testing\glioma\Te-gl_0271.jpg,glioma,0,0,glioma,0.55513275
D:\Major project\Testing\glioma\Te-gl_0272.jpg,glioma,0,0,glioma,0.35880268
D:\Major project\Testing\glioma\Te-gl_0273.jpg,glioma,0,0,glioma,0.6222889
D:\Major project\Testing\glioma\Te-gl_0274.jpg,glioma,0,0,glioma,0.6247738
D:\Major project\Testing\glioma\Te-gl_0275.jpg,glioma,0,1,meningioma,0.47826222
D:\Major project\Testing\glioma\Te-gl_0276.jpg,glioma,0,1,meningioma,0.57244974
D:\Major project\Testing\glioma\Te-gl_0277.jpg,glioma,0,1,meningioma,0.60317147
D:\Major project\Testing\glioma\Te-gl_0278.jpg,glioma,0,0,glioma,0.6117572
D:\Major project\Testing\glioma\Te-gl_0279.jpg,glioma,0,0,glioma,0.5919325
D:\Major project\Testing\glioma\Te-gl_0280.jpg,glioma,0,0,glioma,0.5681247
D:\Major project\Testing\glioma\Te-gl_0281.jpg,glioma,0,0,glioma,0.58901536
D:\Major project\Testing\glioma\Te-gl_0282.jpg,glioma,0,0,glioma,0.62393314
D:\Major project\Testing\glioma\Te-gl_0283.jpg,glioma,0,1,meningioma,0.4230148
D:\Major project\Testing\glioma\Te-gl_0284.jpg,glioma,0,0,glioma,0.6248872
D:\Major project\Testing\glioma\Te-gl_0285.jpg,glioma,0,0,glioma,0.61759436
D:\Major project\Testing\glioma\Te-gl_0286.jpg,glioma,0,0,glioma,0.6252056
D:\Major project\Testing\glioma\Te-gl_0287.jpg,glioma,0,0,glioma,0.62520546
D:\Major project\Testing\glioma\Te-gl_0288.jpg,glioma,0,0,glioma,0.6252059
D:\Major project\Testing\glioma\Te-gl_0289.jpg,glioma,0,0,glioma,0.6245599
D:\Major project\Testing\glioma\Te-gl_0290.jpg,glioma,0,0,glioma,0.61975956
D:\Major project\Testing\glioma\Te-gl_0291.jpg,glioma,0,0,glioma,0.61595064
D:\Major project\Testing\glioma\Te-gl_0292.jpg,glioma,0,0,glioma,0.6249823
D:\Major project\Testing\glioma\Te-gl_0293.jpg,glioma,0,0,glioma,0.62364244
D:\Major project\Testing\glioma\Te-gl_0294.jpg,glioma,0,0,glioma,0.62519956
D:\Major project\Testing\glioma\Te-gl_0295.jpg,glioma,0,0,glioma,0.6216768
D:\Major project\Testing\glioma\Te-gl_0296.jpg,glioma,0,0,glioma,0.6252061
D:\Major project\Testing\glioma\Te-gl_0297.jpg,glioma,0,0,glioma,0.62520635
D:\Major project\Testing\glioma\Te-gl_0298.jpg,glioma,0,0,glioma,0.6252013
D:\Major project\Testing\glioma\Te-gl_0299.jpg,glioma,0,0,glioma,0.6226845
D:\Major project\Testing\meningioma\Te-meTr_0000.jpg,meningioma,1,1,meningioma,0.49170604
D:\Major project\Testing\meningioma\Te-meTr_0001.jpg,meningioma,1,1,meningioma,0.61975527
D:\Major project\Testing\meningioma\Te-meTr_0002.jpg,meningioma,1,1,meningioma,0.55459774
D:\Major project\Testing\meningioma\Te-meTr_0003.jpg,meningioma,1,1,meningioma,0.5697655
D:\Major project\Testing\meningioma\Te-meTr_0004.jpg,meningioma,1,1,meningioma,0.6201279
D:\Major project\Testing\meningioma\Te-meTr_0005.jpg,meningioma,1,1,meningioma,0.5343339
D:\Major project\Testing\meningioma\Te-meTr_0006.jpg,meningioma,1,1,meningioma,0.6030178
D:\Major project\Testing\meningioma\Te-meTr_0007.jpg,meningioma,1,1,meningioma,0.61347216
D:\Major project\Testing\meningioma\Te-meTr_0008.jpg,meningioma,1,1,meningioma,0.62411034
D:\Major project\Testing\meningioma\Te-meTr_0009.jpg,meningioma,1,2,notumor,0.5977406
D:\Major project\Testing\meningioma\Te-me_0010.jpg,meningioma,1,1,meningioma,0.6204324
D:\Major project\Testing\meningioma\Te-me_0011.jpg,meningioma,1,1,meningioma,0.62298906
D:\Major project\Testing\meningioma\Te-me_0012.jpg,meningioma,1,1,meningioma,0.62453294
D:\Major project\Testing\meningioma\Te-me_0013.jpg,meningioma,1,1,meningioma,0.56086487
D:\Major project\Testing\meningioma\Te-me_0014.jpg,meningioma,1,1,meningioma,0.4469532
D:\Major project\Testing\meningioma\Te-me_0015.jpg,meningioma,1,1,meningioma,0.6246694
D:\Major project\Testing\meningioma\Te-me_0016.jpg,meningioma,1,1,meningioma,0.61819386
D:\Major project\Testing\meningioma\Te-me_0017.jpg,meningioma,1,1,meningioma,0.6211045
D:\Major project\Testing\meningioma\Te-me_0018.jpg,meningioma,1,1,meningioma,0.6244071
D:\Major project\Testing\meningioma\Te-me_0019.jpg,meningioma,1,1,meningioma,0.5343555
D:\Major project\Testing\meningioma\Te-me_0020.jpg,meningioma,1,1,meningioma,0.58434963
D:\Major project\Testing\meningioma\Te-me_0021.jpg,meningioma,1,1,meningioma,0.6244205
D:\Major project\Testing\meningioma\Te-me_0022.jpg,meningioma,1,1,meningioma,0.6222086
D:\Major project\Testing\meningioma\Te-me_0023.jpg,meningioma,1,1,meningioma,0.622066
D:\Major project\Testing\meningioma\Te-me_0024.jpg,meningioma,1,1,meningioma,0.5942422
D:\Major project\Testing\meningioma\Te-me_0025.jpg,meningioma,1,1,meningioma,0.624518
D:\Major project\Testing\meningioma\Te-me_0026.jpg,meningioma,1,1,meningioma,0.6246895
D:\Major project\Testing\meningioma\Te-me_0027.jpg,meningioma,1,1,meningioma,0.6247746
D:\Major project\Testing\meningioma\Te-me_0028.jpg,meningioma,1,1,meningioma,0.62470174
D:\Major project\Testing\meningioma\Te-me_0029.jpg,meningioma,1,1,meningioma,0.61257374
D:\Major project\Testing\meningioma\Te-me_0030.jpg,meningioma,1,1,meningioma,0.4378584
D:\Major project\Testing\meningioma\Te-me_0031.jpg,meningioma,1,1,meningioma,0.6204324
D:\Major project\Testing\meningioma\Te-me_0032.jpg,meningioma,1,1,meningioma,0.62075424
D:\Major project\Testing\meningioma\Te-me_0033.jpg,meningioma,1,2,notumor,0.5590824
D:\Major project\Testing\meningioma\Te-me_0034.jpg,meningioma,1,1,meningioma,0.6138796
D:\Major project\Testing\meningioma\Te-me_0035.jpg,meningioma,1,1,meningioma,0.6172304
D:\Major project\Testing\meningioma\Te-me_0036.jpg,meningioma,1,1,meningioma,0.61109245
D:\Major project\Testing\meningioma\Te-me_0037.jpg,meningioma,1,1,meningioma,0.4633365
D:\Major project\Testing\meningioma\Te-me_0038.jpg,meningioma,1,1,meningioma,0.62449557
D:\Major project\Testing\meningioma\Te-me_0039.jpg,meningioma,1,1,meningioma,0.6227446
D:\Major project\Testing\meningioma\Te-me_0040.jpg,meningioma,1,1,meningioma,0.6145005
D:\Major project\Testing\meningioma\Te-me_0041.jpg,meningioma,1,1,meningioma,0.62201643
D:\Major project\Testing\meningioma\Te-me_0042.jpg,meningioma,1,1,meningioma,0.6212931
D:\Major project\Testing\meningioma\Te-me_0043.jpg,meningioma,1,1,meningioma,0.6244459
D:\Major project\Testing\meningioma\Te-me_0044.jpg,meningioma,1,1,meningioma,0.5713246
D:\Major project\Testing\meningioma\Te-me_0045.jpg,meningioma,1,1,meningioma,0.59932446
D:\Major project\Testing\meningioma\Te-me_0046.jpg,meningioma,1,1,meningioma,0.6155926
D:\Major project\Testing\meningioma\Te-me_0047.jpg,meningioma,1,1,meningioma,0.621632
D:\Major project\Testing\meningioma\Te-me_0048.jpg,meningioma,1,1,meningioma,0.6084044
D:\Major project\Testing\meningioma\Te-me_0049.jpg,meningioma,1,1,meningioma,0.6145545
D:\Major project\Testing\meningioma\Te-me_0050.jpg,meningioma,1,1,meningioma,0.6203122
D:\Major project\Testing\meningioma\Te-me_0051.jpg,meningioma,1,2,notumor,0.3757054
D:\Major project\Testing\meningioma\Te-me_0052.jpg,meningioma,1,1,meningioma,0.5889325
D:\Major project\Testing\meningioma\Te-me_0053.jpg,meningioma,1,0,glioma,0.5016764
D:\Major project\Testing\meningioma\Te-me_0054.jpg,meningioma,1,1,meningioma,0.6218578
D:\Major project\Testing\meningioma\Te-me_0055.jpg,meningioma,1,1,meningioma,0.6243813
D:\Major project\Testing\meningioma\Te-me_0056.jpg,meningioma,1,1,meningioma,0.6161994
D:\Major project\Testing\meningioma\Te-me_0057.jpg,meningioma,1,1,meningioma,0.59382004
D:\Major project\Testing\meningioma\Te-me_0058.jpg,meningioma,1,1,meningioma,0.56735605
D:\Major project\Testing\meningioma\Te-me_0059.jpg,meningioma,1,1,meningioma,0.5487797
D:\Major project\Testing\meningioma\Te-me_0060.jpg,meningioma,1,1,meningioma,0.58428943
D:\Major project\Testing\meningioma\Te-me_0061.jpg,meningioma,1,1,meningioma,0.60050696
D:\Major project\Testing\meningioma\Te-me_0062.jpg,meningioma,1,1,meningioma,0.56653404
D:\Major project\Testing\meningioma\Te-me_0063.jpg,meningioma,1,1,meningioma,0.6226736
D:\Major project\Testing\meningioma\Te-me_0064.jpg,meningioma,1,1,meningioma,0.43268773
D:\Major project\Testing\meningioma\Te-me_0065.jpg,meningioma,1,1,meningioma,0.5687639
D:\Major project\Testing\meningioma\Te-me_0066.jpg,meningioma,1,1,meningioma,0.59290415
D:\Major project\Testing\meningioma\Te-me_0067.jpg,meningioma,1,1,meningioma,0.60879666
D:\Major project\Testing\meningioma\Te-me_0068.jpg,meningioma,1,1,meningioma,0.6245075
D:\Major project\Testing\meningioma\Te-me_0069.jpg,meningioma,1,1,meningioma,0.43453848
D:\Major project\Testing\meningioma\Te-me_0070.jpg,meningioma,1,1,meningioma,0.61926895
D:\Major project\Testing\meningioma\Te-me_0071.jpg,meningioma,1,1,meningioma,0.5966397
D:\Major project\Testing\meningioma\Te-me_0072.jpg,meningioma,1,1,meningioma,0.61292946
D:\Major project\Testing\meningioma\Te-me_0073.jpg,meningioma,1,1,meningioma,0.5966397
D:\Major project\Testing\meningioma\Te-me_0074.jpg,meningioma,1,1,meningioma,0.6248689
D:\Major project\Testing\meningioma\Te-me_0075.jpg,meningioma,1,1,meningioma,0.6047528
D:\Major project\Testing\meningioma\Te-me_0076.jpg,meningioma,1,1,meningioma,0.6246998
D:\Major project\Testing\meningioma\Te-me_0077.jpg,meningioma,1,1,meningioma,0.6244768
D:\Major project\Testing\meningioma\Te-me_0078.jpg,meningioma,1,1,meningioma,0.62222636
D:\Major project\Testing\meningioma\Te-me_0079.jpg,meningioma,1,1,meningioma,0.6013104
D:\Major project\Testing\meningioma\Te-me_0080.jpg,meningioma,1,1,meningioma,0.4990636
D:\Major project\Testing\meningioma\Te-me_0081.jpg,meningioma,1,1,meningioma,0.62320447
D:\Major project\Testing\meningioma\Te-me_0082.jpg,meningioma,1,1,meningioma,0.62465924
D:\Major project\Testing\meningioma\Te-me_0083.jpg,meningioma,1,1,meningioma,0.59702903
D:\Major project\Testing\meningioma\Te-me_0084.jpg,meningioma,1,1,meningioma,0.62236243
D:\Major project\Testing\meningioma\Te-me_0085.jpg,meningioma,1,1,meningioma,0.62092555
D:\Major project\Testing\meningioma\Te-me_0086.jpg,meningioma,1,1,meningioma,0.62424314
D:\Major project\Testing\meningioma\Te-me_0087.jpg,meningioma,1,1,meningioma,0.5801704
D:\Major project\Testing\meningioma\Te-me_0088.jpg,meningioma,1,1,meningioma,0.6225592
D:\Major project\Testing\meningioma\Te-me_0089.jpg,meningioma,1,1,meningioma,0.62495846
D:\Major project\Testing\meningioma\Te-me_0090.jpg,meningioma,1,1,meningioma,0.6221794
D:\Major project\Testing\meningioma\Te-me_0091.jpg,meningioma,1,1,meningioma,0.60874873
D:\Major project\Testing\meningioma\Te-me_0092.jpg,meningioma,1,1,meningioma,0.6074165
D:\Major project\Testing\meningioma\Te-me_0093.jpg,meningioma,1,1,meningioma,0.6217626
D:\Major project\Testing\meningioma\Te-me_0094.jpg,meningioma,1,1,meningioma,0.62147576
D:\Major project\Testing\meningioma\Te-me_0095.jpg,meningioma,1,1,meningioma,0.6248894
D:\Major project\Testing\meningioma\Te-me_0096.jpg,meningioma,1,1,meningioma,0.5852521
D:\Major project\Testing\meningioma\Te-me_0097.jpg,meningioma,1,1,meningioma,0.62422
D:\Major project\Testing\meningioma\Te-me_0098.jpg,meningioma,1,1,meningioma,0.6241272
D:\Major project\Testing\meningioma\Te-me_0099.jpg,meningioma,1,2,notumor,0.43143418
D:\Major project\Testing\meningioma\Te-me_0100.jpg,meningioma,1,1,meningioma,0.59071887
D:\Major project\Testing\meningioma\Te-me_0101.jpg,meningioma,1,1,meningioma,0.6211318
D:\Major project\Testing\meningioma\Te-me_0102.jpg,meningioma,1,1,meningioma,0.6016434
D:\Major project\Testing\meningioma\Te-me_0103.jpg,meningioma,1,1,meningioma,0.6175061
D:\Major project\Testing\meningioma\Te-me_0104.jpg,meningioma,1,1,meningioma,0.6245517
D:\Major project\Testing\meningioma\Te-me_0105.jpg,meningioma,1,2,notumor,0.5896627
D:\Major project\Testing\meningioma\Te-me_0106.jpg,meningioma,1,1,meningioma,0.6044036
D:\Major project\Testing\meningioma\Te-me_0107.jpg,meningioma,1,1,meningioma,0.6232901
D:\Major project\Testing\meningioma\Te-me_0108.jpg,meningioma,1,1,meningioma,0.51980853
D:\Major project\Testing\meningioma\Te-me_0109.jpg,meningioma,1,1,meningioma,0.6244535
D:\Major project\Testing\meningioma\Te-me_0110.jpg,meningioma,1,1,meningioma,0.5647337
D:\Major project\Testing\meningioma\Te-me_0111.jpg,meningioma,1,1,meningioma,0.38336647
D:\Major project\Testing\meningioma\Te-me_0112.jpg,meningioma,1,1,meningioma,0.5566977
D:\Major project\Testing\meningioma\Te-me_0113.jpg,meningioma,1,1,meningioma,0.46637237
D:\Major project\Testing\meningioma\Te-me_0114.jpg,meningioma,1,1,meningioma,0.618171
D:\Major project\Testing\meningioma\Te-me_0115.jpg,meningioma,1,1,meningioma,0.5438581
D:\Major project\Testing\meningioma\Te-me_0116.jpg,meningioma,1,3,pituitary,0.32998258
D:\Major project\Testing\meningioma\Te-me_0117.jpg,meningioma,1,1,meningioma,0.62037325
D:\Major project\Testing\meningioma\Te-me_0118.jpg,meningioma,1,1,meningioma,0.5715467
D:\Major project\Testing\meningioma\Te-me_0119.jpg,meningioma,1,1,meningioma,0.62474394
D:\Major project\Testing\meningioma\Te-me_0120.jpg,meningioma,1,1,meningioma,0.6090761
D:\Major project\Testing\meningioma\Te-me_0121.jpg,meningioma,1,1,meningioma,0.6210018
D:\Major project\Testing\meningioma\Te-me_0122.jpg,meningioma,1,1,meningioma,0.6177662
D:\Major project\Testing\meningioma\Te-me_0123.jpg,meningioma,1,1,meningioma,0.59880143
D:\Major project\Testing\meningioma\Te-me_0124.jpg,meningioma,1,1,meningioma,0.5884112
D:\Major project\Testing\meningioma\Te-me_0125.jpg,meningioma,1,1,meningioma,0.6230508
D:\Major project\Testing\meningioma\Te-me_0126.jpg,meningioma,1,1,meningioma,0.62284636
D:\Major project\Testing\meningioma\Te-me_0127.jpg,meningioma,1,1,meningioma,0.6250273
D:\Major project\Testing\meningioma\Te-me_0128.jpg,meningioma,1,1,meningioma,0.5835818
D:\Major project\Testing\meningioma\Te-me_0129.jpg,meningioma,1,1,meningioma,0.6250019
D:\Major project\Testing\meningioma\Te-me_0130.jpg,meningioma,1,1,meningioma,0.62466186
D:\Major project\Testing\meningioma\Te-me_0131.jpg,meningioma,1,1,meningioma,0.6105905
D:\Major project\Testing\meningioma\Te-me_0132.jpg,meningioma,1,1,meningioma,0.61803937
D:\Major project\Testing\meningioma\Te-me_0133.jpg,meningioma,1,1,meningioma,0.6246136
D:\Major project\Testing\meningioma\Te-me_0134.jpg,meningioma,1,1,meningioma,0.6215615
D:\Major project\Testing\meningioma\Te-me_0135.jpg,meningioma,1,1,meningioma,0.62485117
D:\Major project\Testing\meningioma\Te-me_0136.jpg,meningioma,1,1,meningioma,0.5772845
D:\Major project\Testing\meningioma\Te-me_0137.jpg,meningioma,1,1,meningioma,0.61965054
D:\Major project\Testing\meningioma\Te-me_0138.jpg,meningioma,1,1,meningioma,0.6249596
D:\Major project\Testing\meningioma\Te-me_0139.jpg,meningioma,1,1,meningioma,0.6249879
D:\Major project\Testing\meningioma\Te-me_0140.jpg,meningioma,1,1,meningioma,0.5545977
D:\Major project\Testing\meningioma\Te-me_0141.jpg,meningioma,1,1,meningioma,0.5887109
D:\Major project\Testing\meningioma\Te-me_0142.jpg,meningioma,1,0,glioma,0.5821191
D:\Major project\Testing\meningioma\Te-me_0143.jpg,meningioma,1,1,meningioma,0.6044036
D:\Major project\Testing\meningioma\Te-me_0144.jpg,meningioma,1,1,meningioma,0.62483597
D:\Major project\Testing\meningioma\Te-me_0145.jpg,meningioma,1,1,meningioma,0.5647337
D:\Major project\Testing\meningioma\Te-me_0146.jpg,meningioma,1,1,meningioma,0.52290946
D:\Major project\Testing\meningioma\Te-me_0147.jpg,meningioma,1,1,meningioma,0.6249936
D:\Major project\Testing\meningioma\Te-me_0148.jpg,meningioma,1,1,meningioma,0.5670943
D:\Major project\Testing\meningioma\Te-me_0149.jpg,meningioma,1,1,meningioma,0.6243253
D:\Major project\Testing\meningioma\Te-me_0150.jpg,meningioma,1,1,meningioma,0.62321436
D:\Major project\Testing\meningioma\Te-me_0151.jpg,meningioma,1,1,meningioma,0.62359494
D:\Major project\Testing\meningioma\Te-me_0152.jpg,meningioma,1,1,meningioma,0.6182735
D:\Major project\Testing\meningioma\Te-me_0153.jpg,meningioma,1,1,meningioma,0.62404996
D:\Major project\Testing\meningioma\Te-me_0154.jpg,meningioma,1,1,meningioma,0.6245334
D:\Major project\Testing\meningioma\Te-me_0155.jpg,meningioma,1,1,meningioma,0.62500495
D:\Major project\Testing\meningioma\Te-me_0156.jpg,meningioma,1,1,meningioma,0.51790345
D:\Major project\Testing\meningioma\Te-me_0157.jpg,meningioma,1,1,meningioma,0.62470216
D:\Major project\Testing\meningioma\Te-me_0158.jpg,meningioma,1,1,meningioma,0.62307566
D:\Major project\Testing\meningioma\Te-me_0159.jpg,meningioma,1,1,meningioma,0.6199643
D:\Major project\Testing\meningioma\Te-me_0160.jpg,meningioma,1,1,meningioma,0.61330026
D:\Major project\Testing\meningioma\Te-me_0161.jpg,meningioma,1,1,meningioma,0.62400275
D:\Major project\Testing\meningioma\Te-me_0162.jpg,meningioma,1,1,meningioma,0.6194368
D:\Major project\Testing\meningioma\Te-me_0163.jpg,meningioma,1,1,meningioma,0.4709622
D:\Major project\Testing\meningioma\Te-me_0164.jpg,meningioma,1,1,meningioma,0.50234526
D:\Major project\Testing\meningioma\Te-me_0165.jpg,meningioma,1,1,meningioma,0.5685043
D:\Major project\Testing\meningioma\Te-me_0166.jpg,meningioma,1,1,meningioma,0.60781395
D:\Major project\Testing\meningioma\Te-me_0167.jpg,meningioma,1,1,meningioma,0.62412333
D:\Major project\Testing\meningioma\Te-me_0168.jpg,meningioma,1,1,meningioma,0.62450224
D:\Major project\Testing\meningioma\Te-me_0169.jpg,meningioma,1,1,meningioma,0.62324905
D:\Major project\Testing\meningioma\Te-me_0170.jpg,meningioma,1,1,meningioma,0.5369888
D:\Major project\Testing\meningioma\Te-me_0171.jpg,meningioma,1,1,meningioma,0.621506
D:\Major project\Testing\meningioma\Te-me_0172.jpg,meningioma,1,1,meningioma,0.6249857
D:\Major project\Testing\meningioma\Te-me_0173.jpg,meningioma,1,1,meningioma,0.6228229
D:\Major project\Testing\meningioma\Te-me_0174.jpg,meningioma,1,1,meningioma,0.6230701
D:\Major project\Testing\meningioma\Te-me_0175.jpg,meningioma,1,1,meningioma,0.62457955
D:\Major project\Testing\meningioma\Te-me_0176.jpg,meningioma,1,1,meningioma,0.6246172
D:\Major project\Testing\meningioma\Te-me_0177.jpg,meningioma,1,1,meningioma,0.62127817
D:\Major project\Testing\meningioma\Te-me_0178.jpg,meningioma,1,0,glioma,0.48594466
D:\Major project\Testing\meningioma\Te-me_0179.jpg,meningioma,1,1,meningioma,0.62338865
D:\Major project\Testing\meningioma\Te-me_0180.jpg,meningioma,1,1,meningioma,0.6249364
D:\Major project\Testing\meningioma\Te-me_0181.jpg,meningioma,1,1,meningioma,0.6223846
D:\Major project\Testing\meningioma\Te-me_0182.jpg,meningioma,1,1,meningioma,0.623948
D:\Major project\Testing\meningioma\Te-me_0183.jpg,meningioma,1,1,meningioma,0.62465006
D:\Major project\Testing\meningioma\Te-me_0184.jpg,meningioma,1,1,meningioma,0.6244432
D:\Major project\Testing\meningioma\Te-me_0185.jpg,meningioma,1,1,meningioma,0.6190432
D:\Major project\Testing\meningioma\Te-me_0186.jpg,meningioma,1,1,meningioma,0.6156325
D:\Major project\Testing\meningioma\Te-me_0187.jpg,meningioma,1,1,meningioma,0.5521073
D:\Major project\Testing\meningioma\Te-me_0188.jpg,meningioma,1,1,meningioma,0.62334275
D:\Major project\Testing\meningioma\Te-me_0189.jpg,meningioma,1,1,meningioma,0.482899
D:\Major project\Testing\meningioma\Te-me_0190.jpg,meningioma,1,1,meningioma,0.62443703
D:\Major project\Testing\meningioma\Te-me_0191.jpg,meningioma,1,1,meningioma,0.6241845
D:\Major project\Testing\meningioma\Te-me_0192.jpg,meningioma,1,1,meningioma,0.62402135
D:\Major project\Testing\meningioma\Te-me_0193.jpg,meningioma,1,3,pituitary,0.5579189
D:\Major project\Testing\meningioma\Te-me_0194.jpg,meningioma,1,1,meningioma,0.61411476
D:\Major project\Testing\meningioma\Te-me_0195.jpg,meningioma,1,1,meningioma,0.62487197
D:\Major project\Testing\meningioma\Te-me_0196.jpg,meningioma,1,1,meningioma,0.60172254
D:\Major project\Testing\meningioma\Te-me_0197.jpg,meningioma,1,1,meningioma,0.6218113
D:\Major project\Testing\meningioma\Te-me_0198.jpg,meningioma,1,1,meningioma,0.6144812
D:\Major project\Testing\meningioma\Te-me_0199.jpg,meningioma,1,1,meningioma,0.6249466
D:\Major project\Testing\meningioma\Te-me_0200.jpg,meningioma,1,1,meningioma,0.62478054
D:\Major project\Testing\meningioma\Te-me_0201.jpg,meningioma,1,1,meningioma,0.6246929
D:\Major project\Testing\meningioma\Te-me_0202.jpg,meningioma,1,1,meningioma,0.61435795
D:\Major project\Testing\meningioma\Te-me_0203.jpg,meningioma,1,1,meningioma,0.62393
D:\Major project\Testing\meningioma\Te-me_0204.jpg,meningioma,1,1,meningioma,0.54003555
D:\Major project\Testing\meningioma\Te-me_0205.jpg,meningioma,1,1,meningioma,0.62136954
D:\Major project\Testing\meningioma\Te-me_0206.jpg,meningioma,1,1,meningioma,0.6250169
D:\Major project\Testing\meningioma\Te-me_0207.jpg,meningioma,1,1,meningioma,0.43641892
D:\Major project\Testing\meningioma\Te-me_0208.jpg,meningioma,1,1,meningioma,0.62419295
D:\Major project\Testing\meningioma\Te-me_0209.jpg,meningioma,1,1,meningioma,0.62483585
D:\Major project\Testing\meningioma\Te-me_0210.jpg,meningioma,1,1,meningioma,0.62495494
D:\Major project\Testing\meningioma\Te-me_0211.jpg,meningioma,1,1,meningioma,0.624982
D:\Major project\Testing\meningioma\Te-me_0212.jpg,meningioma,1,1,meningioma,0.624683
D:\Major project\Testing\meningioma\Te-me_0213.jpg,meningioma,1,1,meningioma,0.6239045
D:\Major project\Testing\meningioma\Te-me_0214.jpg,meningioma,1,1,meningioma,0.6248803
D:\Major project\Testing\meningioma\Te-me_0215.jpg,meningioma,1,1,meningioma,0.61920047
D:\Major project\Testing\meningioma\Te-me_0216.jpg,meningioma,1,1,meningioma,0.6089206
D:\Major project\Testing\meningioma\Te-me_0217.jpg,meningioma,1,1,meningioma,0.6141968
D:\Major project\Testing\meningioma\Te-me_0218.jpg,meningioma,1,1,meningioma,0.45992628
D:\Major project\Testing\meningioma\Te-me_0219.jpg,meningioma,1,1,meningioma,0.6246027
D:\Major project\Testing\meningioma\Te-me_0220.jpg,meningioma,1,1,meningioma,0.62501556
D:\Major project\Testing\meningioma\Te-me_0221.jpg,meningioma,1,1,meningioma,0.61933464
D:\Major project\Testing\meningioma\Te-me_0222.jpg,meningioma,1,1,meningioma,0.61306316
D:\Major project\Testing\meningioma\Te-me_0223.jpg,meningioma,1,1,meningioma,0.59061116
D:\Major project\Testing\meningioma\Te-me_0224.jpg,meningioma,1,1,meningioma,0.6145975
D:\Major project\Testing\meningioma\Te-me_0225.jpg,meningioma,1,1,meningioma,0.6233705
D:\Major project\Testing\meningioma\Te-me_0226.jpg,meningioma,1,1,meningioma,0.6021731
D:\Major project\Testing\meningioma\Te-me_0227.jpg,meningioma,1,0,glioma,0.37556353
D:\Major project\Testing\meningioma\Te-me_0228.jpg,meningioma,1,1,meningioma,0.5792737
D:\Major project\Testing\meningioma\Te-me_0229.jpg,meningioma,1,1,meningioma,0.5994562
D:\Major project\Testing\meningioma\Te-me_0230.jpg,meningioma,1,1,meningioma,0.60311836
D:\Major project\Testing\meningioma\Te-me_0231.jpg,meningioma,1,1,meningioma,0.62296575
D:\Major project\Testing\meningioma\Te-me_0232.jpg,meningioma,1,1,meningioma,0.5926062
D:\Major project\Testing\meningioma\Te-me_0233.jpg,meningioma,1,1,meningioma,0.5886178
D:\Major project\Testing\meningioma\Te-me_0234.jpg,meningioma,1,1,meningioma,0.6021258
D:\Major project\Testing\meningioma\Te-me_0235.jpg,meningioma,1,1,meningioma,0.62109524
D:\Major project\Testing\meningioma\Te-me_0236.jpg,meningioma,1,1,meningioma,0.47327983
D:\Major project\Testing\meningioma\Te-me_0237.jpg,meningioma,1,1,meningioma,0.52533406
D:\Major project\Testing\meningioma\Te-me_0238.jpg,meningioma,1,1,meningioma,0.6243388
D:\Major project\Testing\meningioma\Te-me_0239.jpg,meningioma,1,1,meningioma,0.5948645
D:\Major project\Testing\meningioma\Te-me_0240.jpg,meningioma,1,1,meningioma,0.6241788
D:\Major project\Testing\meningioma\Te-me_0241.jpg,meningioma,1,1,meningioma,0.6020075
D:\Major project\Testing\meningioma\Te-me_0242.jpg,meningioma,1,1,meningioma,0.562452
D:\Major project\Testing\meningioma\Te-me_0243.jpg,meningioma,1,1,meningioma,0.6144654
D:\Major project\Testing\meningioma\Te-me_0244.jpg,meningioma,1,1,meningioma,0.6136934
D:\Major project\Testing\meningioma\Te-me_0245.jpg,meningioma,1,1,meningioma,0.6241286
D:\Major project\Testing\meningioma\Te-me_0246.jpg,meningioma,1,1,meningioma,0.6194951
D:\Major project\Testing\meningioma\Te-me_0247.jpg,meningioma,1,1,meningioma,0.56070197
D:\Major project\Testing\meningioma\Te-me_0248.jpg,meningioma,1,1,meningioma,0.6231878
D:\Major project\Testing\meningioma\Te-me_0249.jpg,meningioma,1,0,glioma,0.56288797
D:\Major project\Testing\meningioma\Te-me_0250.jpg,meningioma,1,1,meningioma,0.6000325
D:\Major project\Testing\meningioma\Te-me_0251.jpg,meningioma,1,1,meningioma,0.62362343
D:\Major project\Testing\meningioma\Te-me_0252.jpg,meningioma,1,1,meningioma,0.62353206
D:\Major project\Testing\meningioma\Te-me_0253.jpg,meningioma,1,1,meningioma,0.49992725
D:\Major project\Testing\meningioma\Te-me_0254.jpg,meningioma,1,1,meningioma,0.6180333
D:\Major project\Testing\meningioma\Te-me_0255.jpg,meningioma,1,1,meningioma,0.62289953
D:\Major project\Testing\meningioma\Te-me_0256.jpg,meningioma,1,1,meningioma,0.62053937
D:\Major project\Testing\meningioma\Te-me_0257.jpg,meningioma,1,1,meningioma,0.6184089
D:\Major project\Testing\meningioma\Te-me_0258.jpg,meningioma,1,1,meningioma,0.56845206
D:\Major project\Testing\meningioma\Te-me_0259.jpg,meningioma,1,1,meningioma,0.46426064
D:\Major project\Testing\meningioma\Te-me_0260.jpg,meningioma,1,1,meningioma,0.60707575
D:\Major project\Testing\meningioma\Te-me_0261.jpg,meningioma,1,1,meningioma,0.62151855
D:\Major project\Testing\meningioma\Te-me_0262.jpg,meningioma,1,1,meningioma,0.6224048
D:\Major project\Testing\meningioma\Te-me_0263.jpg,meningioma,1,1,meningioma,0.6214263
D:\Major project\Testing\meningioma\Te-me_0264.jpg,meningioma,1,1,meningioma,0.51879525
D:\Major project\Testing\meningioma\Te-me_0265.jpg,meningioma,1,1,meningioma,0.6199589
D:\Major project\Testing\meningioma\Te-me_0266.jpg,meningioma,1,1,meningioma,0.5000754
D:\Major project\Testing\meningioma\Te-me_0267.jpg,meningioma,1,1,meningioma,0.62294316
D:\Major project\Testing\meningioma\Te-me_0268.jpg,meningioma,1,1,meningioma,0.6038383
D:\Major project\Testing\meningioma\Te-me_0269.jpg,meningioma,1,1,meningioma,0.62354606
D:\Major project\Testing\meningioma\Te-me_0270.jpg,meningioma,1,1,meningioma,0.4889226
D:\Major project\Testing\meningioma\Te-me_0271.jpg,meningioma,1,1,meningioma,0.5393213
D:\Major project\Testing\meningioma\Te-me_0272.jpg,meningioma,1,1,meningioma,0.58965284
D:\Major project\Testing\meningioma\Te-me_0273.jpg,meningioma,1,1,meningioma,0.6241642
D:\Major project\Testing\meningioma\Te-me_0274.jpg,meningioma,1,1,meningioma,0.62407273
D:\Major project\Testing\meningioma\Te-me_0275.jpg,meningioma,1,1,meningioma,0.6224271
D:\Major project\Testing\meningioma\Te-me_0276.jpg,meningioma,1,1,meningioma,0.62497234
D:\Major project\Testing\meningioma\Te-me_0277.jpg,meningioma,1,1,meningioma,0.4114062
D:\Major project\Testing\meningioma\Te-me_0278.jpg,meningioma,1,1,meningioma,0.6003832
D:\Major project\Testing\meningioma\Te-me_0279.jpg,meningioma,1,1,meningioma,0.5648246
D:\Major project\Testing\meningioma\Te-me_0280.jpg,meningioma,1,1,meningioma,0.6161692
D:\Major project\Testing\meningioma\Te-me_0281.jpg,meningioma,1,1,meningioma,0.62346447
D:\Major project\Testing\meningioma\Te-me_0282.jpg,meningioma,1,1,meningioma,0.62485415
D:\Major project\Testing\meningioma\Te-me_0283.jpg,meningioma,1,1,meningioma,0.5566281
D:\Major project\Testing\meningioma\Te-me_0284.jpg,meningioma,1,1,meningioma,0.6240181
D:\Major project\Testing\meningioma\Te-me_0285.jpg,meningioma,1,1,meningioma,0.61300254
D:\Major project\Testing\meningioma\Te-me_0286.jpg,meningioma,1,1,meningioma,0.6206648
D:\Major project\Testing\meningioma\Te-me_0287.jpg,meningioma,1,3,pituitary,0.564426
D:\Major project\Testing\meningioma\Te-me_0288.jpg,meningioma,1,1,meningioma,0.59595
D:\Major project\Testing\meningioma\Te-me_0289.jpg,meningioma,1,1,meningioma,0.61921436
D:\Major project\Testing\meningioma\Te-me_0290.jpg,meningioma,1,1,meningioma,0.6245786
D:\Major project\Testing\meningioma\Te-me_0291.jpg,meningioma,1,1,meningioma,0.6246515
D:\Major project\Testing\meningioma\Te-me_0292.jpg,meningioma,1,3,pituitary,0.5897892
D:\Major project\Testing\meningioma\Te-me_0293.jpg,meningioma,1,1,meningioma,0.6087583
D:\Major project\Testing\meningioma\Te-me_0294.jpg,meningioma,1,1,meningioma,0.6215478
D:\Major project\Testing\meningioma\Te-me_0295.jpg,meningioma,1,1,meningioma,0.6229133
D:\Major project\Testing\meningioma\Te-me_0296.jpg,meningioma,1,1,meningioma,0.55665135
D:\Major project\Testing\meningioma\Te-me_0297.jpg,meningioma,1,1,meningioma,0.5591085
D:\Major project\Testing\meningioma\Te-me_0298.jpg,meningioma,1,1,meningioma,0.6201848
D:\Major project\Testing\meningioma\Te-me_0299.jpg,meningioma,1,1,meningioma,0.6048176
D:\Major project\Testing\meningioma\Te-me_0300.jpg,meningioma,1,1,meningioma,0.58445686
D:\Major project\Testing\meningioma\Te-me_0301.jpg,meningioma,1,1,meningioma,0.62195843
D:\Major project\Testing\meningioma\Te-me_0302.jpg,meningioma,1,1,meningioma,0.6247885
D:\Major project\Testing\meningioma\Te-me_0303.jpg,meningioma,1,1,meningioma,0.6250228
D:\Major project\Testing\meningioma\Te-me_0304.jpg,meningioma,1,1,meningioma,0.5977413
D:\Major project\Testing\meningioma\Te-me_0305.jpg,meningioma,1,1,meningioma,0.61816144
D:\Major project\Testing\notumor\Te-noTr_0000.jpg,notumor,2,2,notumor,0.5980781
D:\Major project\Testing\notumor\Te-noTr_0001.jpg,notumor,2,2,notumor,0.62459224
D:\Major project\Testing\notumor\Te-noTr_0002.jpg,notumor,2,2,notumor,0.6245893
D:\Major project\Testing\notumor\Te-noTr_0003.jpg,notumor,2,2,notumor,0.6244909
D:\Major project\Testing\notumor\Te-noTr_0004.jpg,notumor,2,2,notumor,0.62399834
D:\Major project\Testing\notumor\Te-noTr_0005.jpg,notumor,2,2,notumor,0.6244995
D:\Major project\Testing\notumor\Te-noTr_0006.jpg,notumor,2,2,notumor,0.58649737
D:\Major project\Testing\notumor\Te-noTr_0007.jpg,notumor,2,2,notumor,0.6245949
D:\Major project\Testing\notumor\Te-noTr_0008.jpg,notumor,2,2,notumor,0.62452585
D:\Major project\Testing\notumor\Te-noTr_0009.jpg,notumor,2,2,notumor,0.6244915
D:\Major project\Testing\notumor\Te-no_0010.jpg,notumor,2,2,notumor,0.6245684
D:\Major project\Testing\notumor\Te-no_0011.jpg,notumor,2,2,notumor,0.62419593
D:\Major project\Testing\notumor\Te-no_0012.jpg,notumor,2,2,notumor,0.6244072
D:\Major project\Testing\notumor\Te-no_0013.jpg,notumor,2,2,notumor,0.62458444
D:\Major project\Testing\notumor\Te-no_0014.jpg,notumor,2,2,notumor,0.624595
D:\Major project\Testing\notumor\Te-no_0015.jpg,notumor,2,2,notumor,0.60833967
D:\Major project\Testing\notumor\Te-no_0016.jpg,notumor,2,2,notumor,0.6245897
D:\Major project\Testing\notumor\Te-no_0017.jpg,notumor,2,2,notumor,0.62356013
D:\Major project\Testing\notumor\Te-no_0018.jpg,notumor,2,2,notumor,0.6242059
D:\Major project\Testing\notumor\Te-no_0019.jpg,notumor,2,2,notumor,0.62453836
D:\Major project\Testing\notumor\Te-no_0020.jpg,notumor,2,2,notumor,0.6226249
D:\Major project\Testing\notumor\Te-no_0021.jpg,notumor,2,2,notumor,0.6240067
D:\Major project\Testing\notumor\Te-no_0022.jpg,notumor,2,2,notumor,0.61945546
D:\Major project\Testing\notumor\Te-no_0023.jpg,notumor,2,2,notumor,0.6239327
D:\Major project\Testing\notumor\Te-no_0024.jpg,notumor,2,2,notumor,0.5831261
D:\Major project\Testing\notumor\Te-no_0025.jpg,notumor,2,2,notumor,0.62447876
D:\Major project\Testing\notumor\Te-no_0026.jpg,notumor,2,2,notumor,0.6244895
D:\Major project\Testing\notumor\Te-no_0027.jpg,notumor,2,2,notumor,0.6234975
D:\Major project\Testing\notumor\Te-no_0028.jpg,notumor,2,2,notumor,0.6216273
D:\Major project\Testing\notumor\Te-no_0029.jpg,notumor,2,1,meningioma,0.32204667
D:\Major project\Testing\notumor\Te-no_0030.jpg,notumor,2,2,notumor,0.624541
D:\Major project\Testing\notumor\Te-no_0031.jpg,notumor,2,2,notumor,0.62459224
D:\Major project\Testing\notumor\Te-no_0032.jpg,notumor,2,2,notumor,0.6245802
D:\Major project\Testing\notumor\Te-no_0033.jpg,notumor,2,2,notumor,0.59883916
D:\Major project\Testing\notumor\Te-no_0034.jpg,notumor,2,2,notumor,0.62457144
D:\Major project\Testing\notumor\Te-no_0035.jpg,notumor,2,2,notumor,0.61294085
D:\Major project\Testing\notumor\Te-no_0036.jpg,notumor,2,2,notumor,0.6244393
D:\Major project\Testing\notumor\Te-no_0037.jpg,notumor,2,2,notumor,0.62440485
D:\Major project\Testing\notumor\Te-no_0038.jpg,notumor,2,2,notumor,0.6192969
D:\Major project\Testing\notumor\Te-no_0039.jpg,notumor,2,2,notumor,0.62458706
D:\Major project\Testing\notumor\Te-no_0040.jpg,notumor,2,2,notumor,0.62436014
D:\Major project\Testing\notumor\Te-no_0041.jpg,notumor,2,2,notumor,0.6242448
D:\Major project\Testing\notumor\Te-no_0042.jpg,notumor,2,2,notumor,0.6245866
D:\Major project\Testing\notumor\Te-no_0043.jpg,notumor,2,2,notumor,0.6243287
D:\Major project\Testing\notumor\Te-no_0044.jpg,notumor,2,2,notumor,0.6244072
D:\Major project\Testing\notumor\Te-no_0045.jpg,notumor,2,2,notumor,0.6235605
D:\Major project\Testing\notumor\Te-no_0046.jpg,notumor,2,2,notumor,0.6244552
D:\Major project\Testing\notumor\Te-no_0047.jpg,notumor,2,2,notumor,0.624361
D:\Major project\Testing\notumor\Te-no_0048.jpg,notumor,2,2,notumor,0.62419593
D:\Major project\Testing\notumor\Te-no_0049.jpg,notumor,2,2,notumor,0.62263024
D:\Major project\Testing\notumor\Te-no_0050.jpg,notumor,2,2,notumor,0.6235605
D:\Major project\Testing\notumor\Te-no_0051.jpg,notumor,2,2,notumor,0.6240109
D:\Major project\Testing\notumor\Te-no_0052.jpg,notumor,2,2,notumor,0.62436014
D:\Major project\Testing\notumor\Te-no_0053.jpg,notumor,2,2,notumor,0.62419593
D:\Major project\Testing\notumor\Te-no_0054.jpg,notumor,2,2,notumor,0.6235605
D:\Major project\Testing\notumor\Te-no_0055.jpg,notumor,2,2,notumor,0.6244072
D:\Major project\Testing\notumor\Te-no_0056.jpg,notumor,2,2,notumor,0.62424767
D:\Major project\Testing\notumor\Te-no_0057.jpg,notumor,2,2,notumor,0.62456495
D:\Major project\Testing\notumor\Te-no_0058.jpg,notumor,2,2,notumor,0.6199854
D:\Major project\Testing\notumor\Te-no_0059.jpg,notumor,2,2,notumor,0.62458515
D:\Major project\Testing\notumor\Te-no_0060.jpg,notumor,2,2,notumor,0.6244319
D:\Major project\Testing\notumor\Te-no_0061.jpg,notumor,2,2,notumor,0.6244072
D:\Major project\Testing\notumor\Te-no_0062.jpg,notumor,2,2,notumor,0.62453836
D:\Major project\Testing\notumor\Te-no_0063.jpg,notumor,2,2,notumor,0.62453717
D:\Major project\Testing\notumor\Te-no_0064.jpg,notumor,2,2,notumor,0.624544
D:\Major project\Testing\notumor\Te-no_0065.jpg,notumor,2,2,notumor,0.624541
D:\Major project\Testing\notumor\Te-no_0066.jpg,notumor,2,2,notumor,0.62442714
D:\Major project\Testing\notumor\Te-no_0067.jpg,notumor,2,2,notumor,0.62459224
D:\Major project\Testing\notumor\Te-no_0068.jpg,notumor,2,2,notumor,0.62419593
D:\Major project\Testing\notumor\Te-no_0069.jpg,notumor,2,1,meningioma,0.32204667
D:\Major project\Testing\notumor\Te-no_0070.jpg,notumor,2,2,notumor,0.6242059
D:\Major project\Testing\notumor\Te-no_0071.jpg,notumor,2,2,notumor,0.62281865
D:\Major project\Testing\notumor\Te-no_0072.jpg,notumor,2,2,notumor,0.6240067
D:\Major project\Testing\notumor\Te-no_0073.jpg,notumor,2,2,notumor,0.62453836
D:\Major project\Testing\notumor\Te-no_0074.jpg,notumor,2,2,notumor,0.62390786
D:\Major project\Testing\notumor\Te-no_0075.jpg,notumor,2,2,notumor,0.61945546
D:\Major project\Testing\notumor\Te-no_0076.jpg,notumor,2,2,notumor,0.62404704
D:\Major project\Testing\notumor\Te-no_0077.jpg,notumor,2,2,notumor,0.624361
D:\Major project\Testing\notumor\Te-no_0078.jpg,notumor,2,2,notumor,0.62455326
D:\Major project\Testing\notumor\Te-no_0079.jpg,notumor,2,2,notumor,0.5816838
D:\Major project\Testing\notumor\Te-no_0080.jpg,notumor,2,2,notumor,0.6245925
D:\Major project\Testing\notumor\Te-no_0081.jpg,notumor,2,2,notumor,0.61294085
D:\Major project\Testing\notumor\Te-no_0082.jpg,notumor,2,2,notumor,0.6235021
D:\Major project\Testing\notumor\Te-no_0083.jpg,notumor,2,2,notumor,0.6245613
D:\Major project\Testing\notumor\Te-no_0084.jpg,notumor,2,2,notumor,0.62459224
D:\Major project\Testing\notumor\Te-no_0085.jpg,notumor,2,2,notumor,0.6221471
D:\Major project\Testing\notumor\Te-no_0086.jpg,notumor,2,2,notumor,0.6243072
D:\Major project\Testing\notumor\Te-no_0087.jpg,notumor,2,2,notumor,0.62419593
D:\Major project\Testing\notumor\Te-no_0088.jpg,notumor,2,2,notumor,0.6245949
D:\Major project\Testing\notumor\Te-no_0089.jpg,notumor,2,2,notumor,0.6237451
D:\Major project\Testing\notumor\Te-no_0090.jpg,notumor,2,2,notumor,0.5973142
D:\Major project\Testing\notumor\Te-no_0091.jpg,notumor,2,2,notumor,0.62459755
D:\Major project\Testing\notumor\Te-no_0092.jpg,notumor,2,2,notumor,0.62106955
D:\Major project\Testing\notumor\Te-no_0093.jpg,notumor,2,2,notumor,0.6245613
D:\Major project\Testing\notumor\Te-no_0094.jpg,notumor,2,2,notumor,0.6167661
D:\Major project\Testing\notumor\Te-no_0095.jpg,notumor,2,2,notumor,0.6244819
D:\Major project\Testing\notumor\Te-no_0096.jpg,notumor,2,2,notumor,0.62450135
D:\Major project\Testing\notumor\Te-no_0097.jpg,notumor,2,2,notumor,0.6242257
D:\Major project\Testing\notumor\Te-no_0098.jpg,notumor,2,2,notumor,0.60001194
D:\Major project\Testing\notumor\Te-no_0099.jpg,notumor,2,2,notumor,0.6171185
D:\Major project\Testing\notumor\Te-no_0100.jpg,notumor,2,2,notumor,0.62438023
D:\Major project\Testing\notumor\Te-no_0101.jpg,notumor,2,2,notumor,0.60150653
D:\Major project\Testing\notumor\Te-no_0102.jpg,notumor,2,2,notumor,0.62458867
D:\Major project\Testing\notumor\Te-no_0103.jpg,notumor,2,2,notumor,0.62456983
D:\Major project\Testing\notumor\Te-no_0104.jpg,notumor,2,1,meningioma,0.45042342
D:\Major project\Testing\notumor\Te-no_0105.jpg,notumor,2,2,notumor,0.6237934
D:\Major project\Testing\notumor\Te-no_0106.jpg,notumor,2,2,notumor,0.6245935
D:\Major project\Testing\notumor\Te-no_0107.jpg,notumor,2,2,notumor,0.62458986
D:\Major project\Testing\notumor\Te-no_0108.jpg,notumor,2,2,notumor,0.62444466
D:\Major project\Testing\notumor\Te-no_0109.jpg,notumor,2,2,notumor,0.62459373
D:\Major project\Testing\notumor\Te-no_0110.jpg,notumor,2,2,notumor,0.6245464
D:\Major project\Testing\notumor\Te-no_0111.jpg,notumor,2,2,notumor,0.6244765
D:\Major project\Testing\notumor\Te-no_0112.jpg,notumor,2,2,notumor,0.624271
D:\Major project\Testing\notumor\Te-no_0113.jpg,notumor,2,2,notumor,0.62455493
D:\Major project\Testing\notumor\Te-no_0114.jpg,notumor,2,2,notumor,0.624593
D:\Major project\Testing\notumor\Te-no_0115.jpg,notumor,2,2,notumor,0.6246005
D:\Major project\Testing\notumor\Te-no_0116.jpg,notumor,2,2,notumor,0.6245847
D:\Major project\Testing\notumor\Te-no_0117.jpg,notumor,2,2,notumor,0.6245779
D:\Major project\Testing\notumor\Te-no_0118.jpg,notumor,2,2,notumor,0.62339026
D:\Major project\Testing\notumor\Te-no_0119.jpg,notumor,2,2,notumor,0.6245788
D:\Major project\Testing\notumor\Te-no_0120.jpg,notumor,2,2,notumor,0.62448466
D:\Major project\Testing\notumor\Te-no_0121.jpg,notumor,2,2,notumor,0.62438506
D:\Major project\Testing\notumor\Te-no_0122.jpg,notumor,2,2,notumor,0.6231635
D:\Major project\Testing\notumor\Te-no_0123.jpg,notumor,2,2,notumor,0.62456006
D:\Major project\Testing\notumor\Te-no_0124.jpg,notumor,2,2,notumor,0.6245821
D:\Major project\Testing\notumor\Te-no_0125.jpg,notumor,2,2,notumor,0.62447995
D:\Major project\Testing\notumor\Te-no_0126.jpg,notumor,2,2,notumor,0.6245289
D:\Major project\Testing\notumor\Te-no_0127.jpg,notumor,2,2,notumor,0.62456745
D:\Major project\Testing\notumor\Te-no_0128.jpg,notumor,2,2,notumor,0.6245627
D:\Major project\Testing\notumor\Te-no_0129.jpg,notumor,2,2,notumor,0.6245474
D:\Major project\Testing\notumor\Te-no_0130.jpg,notumor,2,2,notumor,0.6245901
D:\Major project\Testing\notumor\Te-no_0131.jpg,notumor,2,2,notumor,0.6245789
D:\Major project\Testing\notumor\Te-no_0132.jpg,notumor,2,2,notumor,0.62458354
D:\Major project\Testing\notumor\Te-no_0133.jpg,notumor,2,2,notumor,0.624563
D:\Major project\Testing\notumor\Te-no_0134.jpg,notumor,2,2,notumor,0.62440026
D:\Major project\Testing\notumor\Te-no_0135.jpg,notumor,2,2,notumor,0.62457913
D:\Major project\Testing\notumor\Te-no_0136.jpg,notumor,2,2,notumor,0.62458897
D:\Major project\Testing\notumor\Te-no_0137.jpg,notumor,2,2,notumor,0.624585
D:\Major project\Testing\notumor\Te-no_0138.jpg,notumor,2,2,notumor,0.6245997
D:\Major project\Testing\notumor\Te-no_0139.jpg,notumor,2,2,notumor,0.6245802
D:\Major project\Testing\notumor\Te-no_0140.jpg,notumor,2,2,notumor,0.6245749
D:\Major project\Testing\notumor\Te-no_0141.jpg,notumor,2,2,notumor,0.6245864
D:\Major project\Testing\notumor\Te-no_0142.jpg,notumor,2,2,notumor,0.62458515
D:\Major project\Testing\notumor\Te-no_0143.jpg,notumor,2,2,notumor,0.62458885
D:\Major project\Testing\notumor\Te-no_0144.jpg,notumor,2,2,notumor,0.6245877
D:\Major project\Testing\notumor\Te-no_0145.jpg,notumor,2,2,notumor,0.6245923
D:\Major project\Testing\notumor\Te-no_0146.jpg,notumor,2,2,notumor,0.62458557
D:\Major project\Testing\notumor\Te-no_0147.jpg,notumor,2,2,notumor,0.62446636
D:\Major project\Testing\notumor\Te-no_0148.jpg,notumor,2,2,notumor,0.62458324
D:\Major project\Testing\notumor\Te-no_0149.jpg,notumor,2,2,notumor,0.6243723
D:\Major project\Testing\notumor\Te-no_0150.jpg,notumor,2,2,notumor,0.62389845
D:\Major project\Testing\notumor\Te-no_0151.jpg,notumor,2,2,notumor,0.62458867
D:\Major project\Testing\notumor\Te-no_0152.jpg,notumor,2,2,notumor,0.6245745
D:\Major project\Testing\notumor\Te-no_0153.jpg,notumor,2,2,notumor,0.6245652
D:\Major project\Testing\notumor\Te-no_0154.jpg,notumor,2,2,notumor,0.62454075
D:\Major project\Testing\notumor\Te-no_0155.jpg,notumor,2,2,notumor,0.6245297
D:\Major project\Testing\notumor\Te-no_0156.jpg,notumor,2,2,notumor,0.62457204
D:\Major project\Testing\notumor\Te-no_0157.jpg,notumor,2,2,notumor,0.6245958
D:\Major project\Testing\notumor\Te-no_0158.jpg,notumor,2,2,notumor,0.62446964
D:\Major project\Testing\notumor\Te-no_0159.jpg,notumor,2,2,notumor,0.62458754
D:\Major project\Testing\notumor\Te-no_0160.jpg,notumor,2,2,notumor,0.6245916
D:\Major project\Testing\notumor\Te-no_0161.jpg,notumor,2,2,notumor,0.6245826
D:\Major project\Testing\notumor\Te-no_0162.jpg,notumor,2,2,notumor,0.6245574
D:\Major project\Testing\notumor\Te-no_0163.jpg,notumor,2,2,notumor,0.62458676
D:\Major project\Testing\notumor\Te-no_0164.jpg,notumor,2,2,notumor,0.6245661
D:\Major project\Testing\notumor\Te-no_0165.jpg,notumor,2,2,notumor,0.6245878
D:\Major project\Testing\notumor\Te-no_0166.jpg,notumor,2,2,notumor,0.6245867
D:\Major project\Testing\notumor\Te-no_0167.jpg,notumor,2,2,notumor,0.62458694
D:\Major project\Testing\notumor\Te-no_0168.jpg,notumor,2,2,notumor,0.62455344
D:\Major project\Testing\notumor\Te-no_0169.jpg,notumor,2,2,notumor,0.6245747
D:\Major project\Testing\notumor\Te-no_0170.jpg,notumor,2,2,notumor,0.6245571
D:\Major project\Testing\notumor\Te-no_0171.jpg,notumor,2,2,notumor,0.6245841
D:\Major project\Testing\notumor\Te-no_0172.jpg,notumor,2,2,notumor,0.6245479
D:\Major project\Testing\notumor\Te-no_0173.jpg,notumor,2,2,notumor,0.62458813
D:\Major project\Testing\notumor\Te-no_0174.jpg,notumor,2,2,notumor,0.6245152
D:\Major project\Testing\notumor\Te-no_0175.jpg,notumor,2,2,notumor,0.62458575
D:\Major project\Testing\notumor\Te-no_0176.jpg,notumor,2,2,notumor,0.6245769
D:\Major project\Testing\notumor\Te-no_0177.jpg,notumor,2,2,notumor,0.62458336
D:\Major project\Testing\notumor\Te-no_0178.jpg,notumor,2,2,notumor,0.62451315
D:\Major project\Testing\notumor\Te-no_0179.jpg,notumor,2,2,notumor,0.6245873
D:\Major project\Testing\notumor\Te-no_0180.jpg,notumor,2,2,notumor,0.6245813
D:\Major project\Testing\notumor\Te-no_0181.jpg,notumor,2,2,notumor,0.6245279
D:\Major project\Testing\notumor\Te-no_0182.jpg,notumor,2,2,notumor,0.624587
D:\Major project\Testing\notumor\Te-no_0183.jpg,notumor,2,2,notumor,0.6241213
D:\Major project\Testing\notumor\Te-no_0184.jpg,notumor,2,2,notumor,0.6240244
D:\Major project\Testing\notumor\Te-no_0185.jpg,notumor,2,2,notumor,0.62455815
D:\Major project\Testing\notumor\Te-no_0186.jpg,notumor,2,2,notumor,0.62456214
D:\Major project\Testing\notumor\Te-no_0187.jpg,notumor,2,2,notumor,0.62459683
D:\Major project\Testing\notumor\Te-no_0188.jpg,notumor,2,2,notumor,0.6238225
D:\Major project\Testing\notumor\Te-no_0189.jpg,notumor,2,2,notumor,0.6245795
D:\Major project\Testing\notumor\Te-no_0190.jpg,notumor,2,2,notumor,0.6245892
D:\Major project\Testing\notumor\Te-no_0191.jpg,notumor,2,2,notumor,0.6245299
D:\Major project\Testing\notumor\Te-no_0192.jpg,notumor,2,2,notumor,0.62458426
D:\Major project\Testing\notumor\Te-no_0193.jpg,notumor,2,2,notumor,0.624568
D:\Major project\Testing\notumor\Te-no_0194.jpg,notumor,2,2,notumor,0.624565
D:\Major project\Testing\notumor\Te-no_0195.jpg,notumor,2,2,notumor,0.624588
D:\Major project\Testing\notumor\Te-no_0196.jpg,notumor,2,2,notumor,0.6243944
D:\Major project\Testing\notumor\Te-no_0197.jpg,notumor,2,2,notumor,0.6245737
D:\Major project\Testing\notumor\Te-no_0198.jpg,notumor,2,2,notumor,0.6245923
D:\Major project\Testing\notumor\Te-no_0199.jpg,notumor,2,2,notumor,0.6245785
D:\Major project\Testing\notumor\Te-no_0200.jpg,notumor,2,2,notumor,0.6245935
D:\Major project\Testing\notumor\Te-no_0201.jpg,notumor,2,2,notumor,0.6243899
D:\Major project\Testing\notumor\Te-no_0202.jpg,notumor,2,2,notumor,0.62457085
D:\Major project\Testing\notumor\Te-no_0203.jpg,notumor,2,2,notumor,0.6245923
D:\Major project\Testing\notumor\Te-no_0204.jpg,notumor,2,2,notumor,0.62447214
D:\Major project\Testing\notumor\Te-no_0205.jpg,notumor,2,2,notumor,0.62458414
D:\Major project\Testing\notumor\Te-no_0206.jpg,notumor,2,2,notumor,0.62400496
D:\Major project\Testing\notumor\Te-no_0207.jpg,notumor,2,2,notumor,0.62458086
D:\Major project\Testing\notumor\Te-no_0208.jpg,notumor,2,2,notumor,0.6245447
D:\Major project\Testing\notumor\Te-no_0209.jpg,notumor,2,2,notumor,0.6245066
D:\Major project\Testing\notumor\Te-no_0210.jpg,notumor,2,2,notumor,0.6242867
D:\Major project\Testing\notumor\Te-no_0211.jpg,notumor,2,2,notumor,0.6241441
D:\Major project\Testing\notumor\Te-no_0212.jpg,notumor,2,2,notumor,0.6245798
D:\Major project\Testing\notumor\Te-no_0213.jpg,notumor,2,2,notumor,0.6245853
D:\Major project\Testing\notumor\Te-no_0214.jpg,notumor,2,2,notumor,0.624458
D:\Major project\Testing\notumor\Te-no_0215.jpg,notumor,2,2,notumor,0.6245909
D:\Major project\Testing\notumor\Te-no_0216.jpg,notumor,2,2,notumor,0.6245891
D:\Major project\Testing\notumor\Te-no_0217.jpg,notumor,2,2,notumor,0.6245757
D:\Major project\Testing\notumor\Te-no_0218.jpg,notumor,2,2,notumor,0.6245845
D:\Major project\Testing\notumor\Te-no_0219.jpg,notumor,2,2,notumor,0.6243472
D:\Major project\Testing\notumor\Te-no_0220.jpg,notumor,2,2,notumor,0.62455475
D:\Major project\Testing\notumor\Te-no_0221.jpg,notumor,2,2,notumor,0.62457556
D:\Major project\Testing\notumor\Te-no_0222.jpg,notumor,2,2,notumor,0.6245942
D:\Major project\Testing\notumor\Te-no_0223.jpg,notumor,2,2,notumor,0.62458676
D:\Major project\Testing\notumor\Te-no_0224.jpg,notumor,2,2,notumor,0.6245697
D:\Major project\Testing\notumor\Te-no_0225.jpg,notumor,2,2,notumor,0.6245431
D:\Major project\Testing\notumor\Te-no_0226.jpg,notumor,2,2,notumor,0.6245499
D:\Major project\Testing\notumor\Te-no_0227.jpg,notumor,2,2,notumor,0.624591
D:\Major project\Testing\notumor\Te-no_0228.jpg,notumor,2,2,notumor,0.6214693
D:\Major project\Testing\notumor\Te-no_0229.jpg,notumor,2,2,notumor,0.62459725
D:\Major project\Testing\notumor\Te-no_0230.jpg,notumor,2,2,notumor,0.6245901
D:\Major project\Testing\notumor\Te-no_0231.jpg,notumor,2,2,notumor,0.6245742
D:\Major project\Testing\notumor\Te-no_0232.jpg,notumor,2,2,notumor,0.62458897
D:\Major project\Testing\notumor\Te-no_0233.jpg,notumor,2,2,notumor,0.62455505
D:\Major project\Testing\notumor\Te-no_0234.jpg,notumor,2,2,notumor,0.62455654
D:\Major project\Testing\notumor\Te-no_0235.jpg,notumor,2,2,notumor,0.62452734
D:\Major project\Testing\notumor\Te-no_0236.jpg,notumor,2,2,notumor,0.62459433
D:\Major project\Testing\notumor\Te-no_0237.jpg,notumor,2,2,notumor,0.62439626
D:\Major project\Testing\notumor\Te-no_0238.jpg,notumor,2,2,notumor,0.62453747
D:\Major project\Testing\notumor\Te-no_0239.jpg,notumor,2,2,notumor,0.62458235
D:\Major project\Testing\notumor\Te-no_0240.jpg,notumor,2,2,notumor,0.6245891
D:\Major project\Testing\notumor\Te-no_0241.jpg,notumor,2,2,notumor,0.62452185
D:\Major project\Testing\notumor\Te-no_0242.jpg,notumor,2,2,notumor,0.62457037
D:\Major project\Testing\notumor\Te-no_0243.jpg,notumor,2,2,notumor,0.62439036
D:\Major project\Testing\notumor\Te-no_0244.jpg,notumor,2,2,notumor,0.624533
D:\Major project\Testing\notumor\Te-no_0245.jpg,notumor,2,2,notumor,0.6245912
D:\Major project\Testing\notumor\Te-no_0246.jpg,notumor,2,2,notumor,0.6245949
D:\Major project\Testing\notumor\Te-no_0247.jpg,notumor,2,2,notumor,0.6245985
D:\Major project\Testing\notumor\Te-no_0248.jpg,notumor,2,2,notumor,0.6245921
D:\Major project\Testing\notumor\Te-no_0249.jpg,notumor,2,2,notumor,0.62457794
D:\Major project\Testing\notumor\Te-no_0250.jpg,notumor,2,2,notumor,0.62456095
D:\Major project\Testing\notumor\Te-no_0251.jpg,notumor,2,2,notumor,0.6245788
D:\Major project\Testing\notumor\Te-no_0252.jpg,notumor,2,2,notumor,0.62453365
D:\Major project\Testing\notumor\Te-no_0253.jpg,notumor,2,2,notumor,0.6243737
D:\Major project\Testing\notumor\Te-no_0254.jpg,notumor,2,2,notumor,0.6244101
D:\Major project\Testing\notumor\Te-no_0255.jpg,notumor,2,2,notumor,0.62458175
D:\Major project\Testing\notumor\Te-no_0256.jpg,notumor,2,2,notumor,0.6245916
D:\Major project\Testing\notumor\Te-no_0257.jpg,notumor,2,2,notumor,0.6245659
D:\Major project\Testing\notumor\Te-no_0258.jpg,notumor,2,2,notumor,0.6245863
D:\Major project\Testing\notumor\Te-no_0259.jpg,notumor,2,2,notumor,0.62458754
D:\Major project\Testing\notumor\Te-no_0260.jpg,notumor,2,2,notumor,0.6245091
D:\Major project\Testing\notumor\Te-no_0261.jpg,notumor,2,2,notumor,0.6245656
D:\Major project\Testing\notumor\Te-no_0262.jpg,notumor,2,2,notumor,0.62458724
D:\Major project\Testing\notumor\Te-no_0263.jpg,notumor,2,2,notumor,0.62458813
D:\Major project\Testing\notumor\Te-no_0264.jpg,notumor,2,2,notumor,0.62458056
D:\Major project\Testing\notumor\Te-no_0265.jpg,notumor,2,2,notumor,0.62453824
D:\Major project\Testing\notumor\Te-no_0266.jpg,notumor,2,2,notumor,0.6245856
D:\Major project\Testing\notumor\Te-no_0267.jpg,notumor,2,2,notumor,0.62457967
D:\Major project\Testing\notumor\Te-no_0268.jpg,notumor,2,2,notumor,0.62458557
D:\Major project\Testing\notumor\Te-no_0269.jpg,notumor,2,2,notumor,0.62459254
D:\Major project\Testing\notumor\Te-no_0270.jpg,notumor,2,2,notumor,0.624555
D:\Major project\Testing\notumor\Te-no_0271.jpg,notumor,2,2,notumor,0.62455106
D:\Major project\Testing\notumor\Te-no_0272.jpg,notumor,2,2,notumor,0.6245201
D:\Major project\Testing\notumor\Te-no_0273.jpg,notumor,2,2,notumor,0.62456197
D:\Major project\Testing\notumor\Te-no_0274.jpg,notumor,2,2,notumor,0.62451816
D:\Major project\Testing\notumor\Te-no_0275.jpg,notumor,2,2,notumor,0.6245799
D:\Major project\Testing\notumor\Te-no_0276.jpg,notumor,2,2,notumor,0.6245344
D:\Major project\Testing\notumor\Te-no_0277.jpg,notumor,2,2,notumor,0.6245811
D:\Major project\Testing\notumor\Te-no_0278.jpg,notumor,2,2,notumor,0.6245715
D:\Major project\Testing\notumor\Te-no_0279.jpg,notumor,2,2,notumor,0.624579
D:\Major project\Testing\notumor\Te-no_0280.jpg,notumor,2,2,notumor,0.62456834
D:\Major project\Testing\notumor\Te-no_0281.jpg,notumor,2,2,notumor,0.62459195
D:\Major project\Testing\notumor\Te-no_0282.jpg,notumor,2,2,notumor,0.6245663
D:\Major project\Testing\notumor\Te-no_0283.jpg,notumor,2,2,notumor,0.6245604
D:\Major project\Testing\notumor\Te-no_0284.jpg,notumor,2,2,notumor,0.62458867
D:\Major project\Testing\notumor\Te-no_0285.jpg,notumor,2,2,notumor,0.6245519
D:\Major project\Testing\notumor\Te-no_0286.jpg,notumor,2,2,notumor,0.62458503
D:\Major project\Testing\notumor\Te-no_0287.jpg,notumor,2,2,notumor,0.6245829
D:\Major project\Testing\notumor\Te-no_0288.jpg,notumor,2,2,notumor,0.6245815
D:\Major project\Testing\notumor\Te-no_0289.jpg,notumor,2,2,notumor,0.6245766
D:\Major project\Testing\notumor\Te-no_0290.jpg,notumor,2,2,notumor,0.6245652
D:\Major project\Testing\notumor\Te-no_0291.jpg,notumor,2,2,notumor,0.6245817
D:\Major project\Testing\notumor\Te-no_0292.jpg,notumor,2,2,notumor,0.62457836
D:\Major project\Testing\notumor\Te-no_0293.jpg,notumor,2,2,notumor,0.62459147
D:\Major project\Testing\notumor\Te-no_0294.jpg,notumor,2,2,notumor,0.6245875
D:\Major project\Testing\notumor\Te-no_0295.jpg,notumor,2,2,notumor,0.6245871
D:\Major project\Testing\notumor\Te-no_0296.jpg,notumor,2,2,notumor,0.62450445
D:\Major project\Testing\notumor\Te-no_0297.jpg,notumor,2,2,notumor,0.6245955
D:\Major project\Testing\notumor\Te-no_0298.jpg,notumor,2,2,notumor,0.62459666
D:\Major project\Testing\notumor\Te-no_0299.jpg,notumor,2,2,notumor,0.62458616
D:\Major project\Testing\notumor\Te-no_0300.jpg,notumor,2,2,notumor,0.6245647
D:\Major project\Testing\notumor\Te-no_0301.jpg,notumor,2,2,notumor,0.62459236
D:\Major project\Testing\notumor\Te-no_0302.jpg,notumor,2,2,notumor,0.62458324
D:\Major project\Testing\notumor\Te-no_0303.jpg,notumor,2,2,notumor,0.62459105
D:\Major project\Testing\notumor\Te-no_0304.jpg,notumor,2,2,notumor,0.62453026
D:\Major project\Testing\notumor\Te-no_0305.jpg,notumor,2,2,notumor,0.6245558
D:\Major project\Testing\notumor\Te-no_0306.jpg,notumor,2,2,notumor,0.62453634
D:\Major project\Testing\notumor\Te-no_0307.jpg,notumor,2,2,notumor,0.6244914
D:\Major project\Testing\notumor\Te-no_0308.jpg,notumor,2,2,notumor,0.62455106
D:\Major project\Testing\notumor\Te-no_0309.jpg,notumor,2,2,notumor,0.6245853
D:\Major project\Testing\notumor\Te-no_0310.jpg,notumor,2,2,notumor,0.62448466
D:\Major project\Testing\notumor\Te-no_0311.jpg,notumor,2,2,notumor,0.62458116
D:\Major project\Testing\notumor\Te-no_0312.jpg,notumor,2,2,notumor,0.6231158
D:\Major project\Testing\notumor\Te-no_0313.jpg,notumor,2,2,notumor,0.6245936
D:\Major project\Testing\notumor\Te-no_0314.jpg,notumor,2,2,notumor,0.624587
D:\Major project\Testing\notumor\Te-no_0315.jpg,notumor,2,2,notumor,0.62459606
D:\Major project\Testing\notumor\Te-no_0316.jpg,notumor,2,2,notumor,0.6245486
D:\Major project\Testing\notumor\Te-no_0317.jpg,notumor,2,2,notumor,0.6245915
D:\Major project\Testing\notumor\Te-no_0318.jpg,notumor,2,2,notumor,0.62452734
D:\Major project\Testing\notumor\Te-no_0319.jpg,notumor,2,2,notumor,0.6244444
D:\Major project\Testing\notumor\Te-no_0320.jpg,notumor,2,2,notumor,0.6243147
D:\Major project\Testing\notumor\Te-no_0321.jpg,notumor,2,2,notumor,0.62443244
D:\Major project\Testing\notumor\Te-no_0322.jpg,notumor,2,2,notumor,0.62459254
D:\Major project\Testing\notumor\Te-no_0323.jpg,notumor,2,2,notumor,0.6245851
D:\Major project\Testing\notumor\Te-no_0324.jpg,notumor,2,2,notumor,0.6245891
D:\Major project\Testing\notumor\Te-no_0325.jpg,notumor,2,2,notumor,0.62457246
D:\Major project\Testing\notumor\Te-no_0326.jpg,notumor,2,2,notumor,0.6245737
D:\Major project\Testing\notumor\Te-no_0327.jpg,notumor,2,2,notumor,0.6245839
D:\Major project\Testing\notumor\Te-no_0328.jpg,notumor,2,2,notumor,0.62439096
D:\Major project\Testing\notumor\Te-no_0329.jpg,notumor,2,2,notumor,0.62457025
D:\Major project\Testing\notumor\Te-no_0330.jpg,notumor,2,2,notumor,0.62440467
D:\Major project\Testing\notumor\Te-no_0331.jpg,notumor,2,2,notumor,0.6245644
D:\Major project\Testing\notumor\Te-no_0332.jpg,notumor,2,2,notumor,0.6245935
D:\Major project\Testing\notumor\Te-no_0333.jpg,notumor,2,2,notumor,0.62458855
D:\Major project\Testing\notumor\Te-no_0334.jpg,notumor,2,2,notumor,0.6230874
D:\Major project\Testing\notumor\Te-no_0335.jpg,notumor,2,2,notumor,0.6245877
D:\Major project\Testing\notumor\Te-no_0336.jpg,notumor,2,2,notumor,0.6245975
D:\Major project\Testing\notumor\Te-no_0337.jpg,notumor,2,2,notumor,0.62457544
D:\Major project\Testing\notumor\Te-no_0338.jpg,notumor,2,2,notumor,0.6245899
D:\Major project\Testing\notumor\Te-no_0339.jpg,notumor,2,2,notumor,0.6245774
D:\Major project\Testing\notumor\Te-no_0340.jpg,notumor,2,2,notumor,0.62456673
D:\Major project\Testing\notumor\Te-no_0341.jpg,notumor,2,2,notumor,0.6215741
D:\Major project\Testing\notumor\Te-no_0342.jpg,notumor,2,2,notumor,0.62459457
D:\Major project\Testing\notumor\Te-no_0343.jpg,notumor,2,2,notumor,0.6244905
D:\Major project\Testing\notumor\Te-no_0344.jpg,notumor,2,2,notumor,0.62353677
D:\Major project\Testing\notumor\Te-no_0345.jpg,notumor,2,2,notumor,0.62428886
D:\Major project\Testing\notumor\Te-no_0346.jpg,notumor,2,2,notumor,0.62457937
D:\Major project\Testing\notumor\Te-no_0347.jpg,notumor,2,2,notumor,0.6245713
D:\Major project\Testing\notumor\Te-no_0348.jpg,notumor,2,2,notumor,0.6245888
D:\Major project\Testing\notumor\Te-no_0349.jpg,notumor,2,2,notumor,0.62458533
D:\Major project\Testing\notumor\Te-no_0350.jpg,notumor,2,2,notumor,0.623693
D:\Major project\Testing\notumor\Te-no_0351.jpg,notumor,2,2,notumor,0.6245458
D:\Major project\Testing\notumor\Te-no_0352.jpg,notumor,2,2,notumor,0.62459034
D:\Major project\Testing\notumor\Te-no_0353.jpg,notumor,2,2,notumor,0.6245971
D:\Major project\Testing\notumor\Te-no_0354.jpg,notumor,2,2,notumor,0.6245949
D:\Major project\Testing\notumor\Te-no_0355.jpg,notumor,2,2,notumor,0.6245472
D:\Major project\Testing\notumor\Te-no_0356.jpg,notumor,2,2,notumor,0.62457204
D:\Major project\Testing\notumor\Te-no_0357.jpg,notumor,2,2,notumor,0.6245849
D:\Major project\Testing\notumor\Te-no_0358.jpg,notumor,2,2,notumor,0.6245718
D:\Major project\Testing\notumor\Te-no_0359.jpg,notumor,2,2,notumor,0.6245955
D:\Major project\Testing\notumor\Te-no_0360.jpg,notumor,2,2,notumor,0.6245978
D:\Major project\Testing\notumor\Te-no_0361.jpg,notumor,2,2,notumor,0.6245859
D:\Major project\Testing\notumor\Te-no_0362.jpg,notumor,2,2,notumor,0.62451625
D:\Major project\Testing\notumor\Te-no_0363.jpg,notumor,2,2,notumor,0.6245926
D:\Major project\Testing\notumor\Te-no_0364.jpg,notumor,2,2,notumor,0.6245798
D:\Major project\Testing\notumor\Te-no_0365.jpg,notumor,2,2,notumor,0.6245935
D:\Major project\Testing\notumor\Te-no_0366.jpg,notumor,2,2,notumor,0.62459415
D:\Major project\Testing\notumor\Te-no_0367.jpg,notumor,2,2,notumor,0.6245912
D:\Major project\Testing\notumor\Te-no_0368.jpg,notumor,2,2,notumor,0.6245723
D:\Major project\Testing\notumor\Te-no_0369.jpg,notumor,2,2,notumor,0.6245933
D:\Major project\Testing\notumor\Te-no_0370.jpg,notumor,2,2,notumor,0.62442315
D:\Major project\Testing\notumor\Te-no_0371.jpg,notumor,2,2,notumor,0.6243748
D:\Major project\Testing\notumor\Te-no_0372.jpg,notumor,2,2,notumor,0.6245129
D:\Major project\Testing\notumor\Te-no_0373.jpg,notumor,2,2,notumor,0.62458694
D:\Major project\Testing\notumor\Te-no_0374.jpg,notumor,2,2,notumor,0.6245881
D:\Major project\Testing\notumor\Te-no_0375.jpg,notumor,2,2,notumor,0.6245836
D:\Major project\Testing\notumor\Te-no_0376.jpg,notumor,2,2,notumor,0.62456864
D:\Major project\Testing\notumor\Te-no_0377.jpg,notumor,2,2,notumor,0.62458754
D:\Major project\Testing\notumor\Te-no_0378.jpg,notumor,2,2,notumor,0.62457055
D:\Major project\Testing\notumor\Te-no_0379.jpg,notumor,2,2,notumor,0.6245847
D:\Major project\Testing\notumor\Te-no_0380.jpg,notumor,2,2,notumor,0.6245954
D:\Major project\Testing\notumor\Te-no_0381.jpg,notumor,2,2,notumor,0.62458706
D:\Major project\Testing\notumor\Te-no_0382.jpg,notumor,2,2,notumor,0.62459326
D:\Major project\Testing\notumor\Te-no_0383.jpg,notumor,2,2,notumor,0.62459284
D:\Major project\Testing\notumor\Te-no_0384.jpg,notumor,2,2,notumor,0.6245837
D:\Major project\Testing\notumor\Te-no_0385.jpg,notumor,2,2,notumor,0.624583
D:\Major project\Testing\notumor\Te-no_0386.jpg,notumor,2,2,notumor,0.62458247
D:\Major project\Testing\notumor\Te-no_0387.jpg,notumor,2,2,notumor,0.6245747
D:\Major project\Testing\notumor\Te-no_0388.jpg,notumor,2,2,notumor,0.62452406
D:\Major project\Testing\notumor\Te-no_0389.jpg,notumor,2,2,notumor,0.6244867
D:\Major project\Testing\notumor\Te-no_0390.jpg,notumor,2,2,notumor,0.6245604
D:\Major project\Testing\notumor\Te-no_0391.jpg,notumor,2,2,notumor,0.62437564
D:\Major project\Testing\notumor\Te-no_0392.jpg,notumor,2,2,notumor,0.6242989
D:\Major project\Testing\notumor\Te-no_0393.jpg,notumor,2,2,notumor,0.622276
D:\Major project\Testing\notumor\Te-no_0394.jpg,notumor,2,2,notumor,0.6245694
D:\Major project\Testing\notumor\Te-no_0395.jpg,notumor,2,2,notumor,0.6245912
D:\Major project\Testing\notumor\Te-no_0396.jpg,notumor,2,2,notumor,0.6245973
D:\Major project\Testing\notumor\Te-no_0397.jpg,notumor,2,2,notumor,0.6245844
D:\Major project\Testing\notumor\Te-no_0398.jpg,notumor,2,2,notumor,0.6245788
D:\Major project\Testing\notumor\Te-no_0399.jpg,notumor,2,2,notumor,0.6243727
D:\Major project\Testing\notumor\Te-no_0400.jpg,notumor,2,2,notumor,0.6245302
D:\Major project\Testing\notumor\Te-no_0401.jpg,notumor,2,2,notumor,0.6245016
D:\Major project\Testing\notumor\Te-no_0402.jpg,notumor,2,2,notumor,0.6244386
D:\Major project\Testing\notumor\Te-no_0403.jpg,notumor,2,2,notumor,0.62457615
D:\Major project\Testing\notumor\Te-no_0404.jpg,notumor,2,2,notumor,0.6245717
D:\Major project\Testing\pituitary\Te-piTr_0000.jpg,pituitary,3,3,pituitary,0.6234617
D:\Major project\Testing\pituitary\Te-piTr_0001.jpg,pituitary,3,3,pituitary,0.624557
D:\Major project\Testing\pituitary\Te-piTr_0002.jpg,pituitary,3,1,meningioma,0.4317318
D:\Major project\Testing\pituitary\Te-piTr_0003.jpg,pituitary,3,3,pituitary,0.6251647
D:\Major project\Testing\pituitary\Te-piTr_0004.jpg,pituitary,3,3,pituitary,0.62502426
D:\Major project\Testing\pituitary\Te-piTr_0005.jpg,pituitary,3,3,pituitary,0.6247083
D:\Major project\Testing\pituitary\Te-piTr_0006.jpg,pituitary,3,3,pituitary,0.5575372
D:\Major project\Testing\pituitary\Te-piTr_0007.jpg,pituitary,3,3,pituitary,0.6237016
D:\Major project\Testing\pituitary\Te-piTr_0008.jpg,pituitary,3,3,pituitary,0.6240637
D:\Major project\Testing\pituitary\Te-piTr_0009.jpg,pituitary,3,3,pituitary,0.61411804
D:\Major project\Testing\pituitary\Te-pi_0010.jpg,pituitary,3,3,pituitary,0.61126935
D:\Major project\Testing\pituitary\Te-pi_0011.jpg,pituitary,3,3,pituitary,0.6249888
D:\Major project\Testing\pituitary\Te-pi_0012.jpg,pituitary,3,3,pituitary,0.62447643
D:\Major project\Testing\pituitary\Te-pi_0013.jpg,pituitary,3,1,meningioma,0.35809296
D:\Major project\Testing\pituitary\Te-pi_0014.jpg,pituitary,3,3,pituitary,0.6193249
D:\Major project\Testing\pituitary\Te-pi_0015.jpg,pituitary,3,3,pituitary,0.6222961
D:\Major project\Testing\pituitary\Te-pi_0016.jpg,pituitary,3,3,pituitary,0.6172783
D:\Major project\Testing\pituitary\Te-pi_0017.jpg,pituitary,3,3,pituitary,0.6217886
D:\Major project\Testing\pituitary\Te-pi_0018.jpg,pituitary,3,3,pituitary,0.6247825
D:\Major project\Testing\pituitary\Te-pi_0019.jpg,pituitary,3,3,pituitary,0.6162939
D:\Major project\Testing\pituitary\Te-pi_0020.jpg,pituitary,3,3,pituitary,0.6242416
D:\Major project\Testing\pituitary\Te-pi_0021.jpg,pituitary,3,3,pituitary,0.62396693
D:\Major project\Testing\pituitary\Te-pi_0022.jpg,pituitary,3,3,pituitary,0.6251112
D:\Major project\Testing\pituitary\Te-pi_0023.jpg,pituitary,3,3,pituitary,0.615294
D:\Major project\Testing\pituitary\Te-pi_0024.jpg,pituitary,3,3,pituitary,0.623599
D:\Major project\Testing\pituitary\Te-pi_0025.jpg,pituitary,3,3,pituitary,0.61121714
D:\Major project\Testing\pituitary\Te-pi_0026.jpg,pituitary,3,3,pituitary,0.62516516
D:\Major project\Testing\pituitary\Te-pi_0027.jpg,pituitary,3,3,pituitary,0.6246892
D:\Major project\Testing\pituitary\Te-pi_0028.jpg,pituitary,3,3,pituitary,0.62412345
D:\Major project\Testing\pituitary\Te-pi_0029.jpg,pituitary,3,1,meningioma,0.54823565
D:\Major project\Testing\pituitary\Te-pi_0030.jpg,pituitary,3,3,pituitary,0.6222247
D:\Major project\Testing\pituitary\Te-pi_0031.jpg,pituitary,3,3,pituitary,0.6166176
D:\Major project\Testing\pituitary\Te-pi_0032.jpg,pituitary,3,3,pituitary,0.61356246
D:\Major project\Testing\pituitary\Te-pi_0033.jpg,pituitary,3,3,pituitary,0.62489533
D:\Major project\Testing\pituitary\Te-pi_0034.jpg,pituitary,3,3,pituitary,0.6247715
D:\Major project\Testing\pituitary\Te-pi_0035.jpg,pituitary,3,3,pituitary,0.62511325
D:\Major project\Testing\pituitary\Te-pi_0036.jpg,pituitary,3,3,pituitary,0.62242466
D:\Major project\Testing\pituitary\Te-pi_0037.jpg,pituitary,3,3,pituitary,0.6249444
D:\Major project\Testing\pituitary\Te-pi_0038.jpg,pituitary,3,3,pituitary,0.62309045
D:\Major project\Testing\pituitary\Te-pi_0039.jpg,pituitary,3,3,pituitary,0.6243904
D:\Major project\Testing\pituitary\Te-pi_0040.jpg,pituitary,3,3,pituitary,0.62182957
D:\Major project\Testing\pituitary\Te-pi_0041.jpg,pituitary,3,3,pituitary,0.6224988
D:\Major project\Testing\pituitary\Te-pi_0042.jpg,pituitary,3,3,pituitary,0.60894346
D:\Major project\Testing\pituitary\Te-pi_0043.jpg,pituitary,3,3,pituitary,0.61746454
D:\Major project\Testing\pituitary\Te-pi_0044.jpg,pituitary,3,3,pituitary,0.6218757
D:\Major project\Testing\pituitary\Te-pi_0045.jpg,pituitary,3,3,pituitary,0.6244786
D:\Major project\Testing\pituitary\Te-pi_0046.jpg,pituitary,3,3,pituitary,0.62492037
D:\Major project\Testing\pituitary\Te-pi_0047.jpg,pituitary,3,3,pituitary,0.62517095
D:\Major project\Testing\pituitary\Te-pi_0048.jpg,pituitary,3,3,pituitary,0.62514395
D:\Major project\Testing\pituitary\Te-pi_0049.jpg,pituitary,3,3,pituitary,0.62513447
D:\Major project\Testing\pituitary\Te-pi_0050.jpg,pituitary,3,3,pituitary,0.62513834
D:\Major project\Testing\pituitary\Te-pi_0051.jpg,pituitary,3,3,pituitary,0.6249441
D:\Major project\Testing\pituitary\Te-pi_0052.jpg,pituitary,3,3,pituitary,0.62514406
D:\Major project\Testing\pituitary\Te-pi_0053.jpg,pituitary,3,3,pituitary,0.625058
D:\Major project\Testing\pituitary\Te-pi_0054.jpg,pituitary,3,3,pituitary,0.6239498
D:\Major project\Testing\pituitary\Te-pi_0055.jpg,pituitary,3,3,pituitary,0.6251648
D:\Major project\Testing\pituitary\Te-pi_0056.jpg,pituitary,3,3,pituitary,0.624897
D:\Major project\Testing\pituitary\Te-pi_0057.jpg,pituitary,3,3,pituitary,0.6250063
D:\Major project\Testing\pituitary\Te-pi_0058.jpg,pituitary,3,3,pituitary,0.6193981
D:\Major project\Testing\pituitary\Te-pi_0059.jpg,pituitary,3,3,pituitary,0.6248369
D:\Major project\Testing\pituitary\Te-pi_0060.jpg,pituitary,3,3,pituitary,0.6158995
D:\Major project\Testing\pituitary\Te-pi_0061.jpg,pituitary,3,3,pituitary,0.62515116
D:\Major project\Testing\pituitary\Te-pi_0062.jpg,pituitary,3,3,pituitary,0.6120283
D:\Major project\Testing\pituitary\Te-pi_0063.jpg,pituitary,3,3,pituitary,0.62513644
D:\Major project\Testing\pituitary\Te-pi_0064.jpg,pituitary,3,3,pituitary,0.6233141
D:\Major project\Testing\pituitary\Te-pi_0065.jpg,pituitary,3,3,pituitary,0.62508285
D:\Major project\Testing\pituitary\Te-pi_0066.jpg,pituitary,3,3,pituitary,0.6250802
D:\Major project\Testing\pituitary\Te-pi_0067.jpg,pituitary,3,3,pituitary,0.6249651
D:\Major project\Testing\pituitary\Te-pi_0068.jpg,pituitary,3,3,pituitary,0.62259394
D:\Major project\Testing\pituitary\Te-pi_0069.jpg,pituitary,3,3,pituitary,0.6232393
D:\Major project\Testing\pituitary\Te-pi_0070.jpg,pituitary,3,3,pituitary,0.6251513
D:\Major project\Testing\pituitary\Te-pi_0071.jpg,pituitary,3,3,pituitary,0.6200913
D:\Major project\Testing\pituitary\Te-pi_0072.jpg,pituitary,3,3,pituitary,0.6221492
D:\Major project\Testing\pituitary\Te-pi_0073.jpg,pituitary,3,3,pituitary,0.6251471
D:\Major project\Testing\pituitary\Te-pi_0074.jpg,pituitary,3,3,pituitary,0.6251665
D:\Major project\Testing\pituitary\Te-pi_0075.jpg,pituitary,3,3,pituitary,0.61788905
D:\Major project\Testing\pituitary\Te-pi_0076.jpg,pituitary,3,3,pituitary,0.6251656
D:\Major project\Testing\pituitary\Te-pi_0077.jpg,pituitary,3,3,pituitary,0.6243814
D:\Major project\Testing\pituitary\Te-pi_0078.jpg,pituitary,3,3,pituitary,0.6017705
D:\Major project\Testing\pituitary\Te-pi_0079.jpg,pituitary,3,3,pituitary,0.6206396
D:\Major project\Testing\pituitary\Te-pi_0080.jpg,pituitary,3,3,pituitary,0.62507284
D:\Major project\Testing\pituitary\Te-pi_0081.jpg,pituitary,3,3,pituitary,0.62492484
D:\Major project\Testing\pituitary\Te-pi_0082.jpg,pituitary,3,3,pituitary,0.6251274
D:\Major project\Testing\pituitary\Te-pi_0083.jpg,pituitary,3,3,pituitary,0.6251706
D:\Major project\Testing\pituitary\Te-pi_0084.jpg,pituitary,3,3,pituitary,0.6250467
D:\Major project\Testing\pituitary\Te-pi_0085.jpg,pituitary,3,3,pituitary,0.62466586
D:\Major project\Testing\pituitary\Te-pi_0086.jpg,pituitary,3,3,pituitary,0.61392355
D:\Major project\Testing\pituitary\Te-pi_0087.jpg,pituitary,3,3,pituitary,0.62426734
D:\Major project\Testing\pituitary\Te-pi_0088.jpg,pituitary,3,3,pituitary,0.6238468
D:\Major project\Testing\pituitary\Te-pi_0089.jpg,pituitary,3,3,pituitary,0.6251415
D:\Major project\Testing\pituitary\Te-pi_0090.jpg,pituitary,3,3,pituitary,0.6251095
D:\Major project\Testing\pituitary\Te-pi_0091.jpg,pituitary,3,3,pituitary,0.6251182
D:\Major project\Testing\pituitary\Te-pi_0092.jpg,pituitary,3,3,pituitary,0.6244377
D:\Major project\Testing\pituitary\Te-pi_0093.jpg,pituitary,3,3,pituitary,0.6232881
D:\Major project\Testing\pituitary\Te-pi_0094.jpg,pituitary,3,3,pituitary,0.6247964
D:\Major project\Testing\pituitary\Te-pi_0095.jpg,pituitary,3,3,pituitary,0.6250655
D:\Major project\Testing\pituitary\Te-pi_0096.jpg,pituitary,3,3,pituitary,0.62475294
D:\Major project\Testing\pituitary\Te-pi_0097.jpg,pituitary,3,3,pituitary,0.62516636
D:\Major project\Testing\pituitary\Te-pi_0098.jpg,pituitary,3,3,pituitary,0.6251441
D:\Major project\Testing\pituitary\Te-pi_0099.jpg,pituitary,3,3,pituitary,0.6251137
D:\Major project\Testing\pituitary\Te-pi_0100.jpg,pituitary,3,3,pituitary,0.62508637
D:\Major project\Testing\pituitary\Te-pi_0101.jpg,pituitary,3,3,pituitary,0.6251086
D:\Major project\Testing\pituitary\Te-pi_0102.jpg,pituitary,3,3,pituitary,0.6248374
D:\Major project\Testing\pituitary\Te-pi_0103.jpg,pituitary,3,3,pituitary,0.61354333
D:\Major project\Testing\pituitary\Te-pi_0104.jpg,pituitary,3,3,pituitary,0.60859597
D:\Major project\Testing\pituitary\Te-pi_0105.jpg,pituitary,3,3,pituitary,0.62506706
D:\Major project\Testing\pituitary\Te-pi_0106.jpg,pituitary,3,3,pituitary,0.5994652
D:\Major project\Testing\pituitary\Te-pi_0107.jpg,pituitary,3,3,pituitary,0.6246408
D:\Major project\Testing\pituitary\Te-pi_0108.jpg,pituitary,3,3,pituitary,0.6237601
D:\Major project\Testing\pituitary\Te-pi_0109.jpg,pituitary,3,1,meningioma,0.39805564
D:\Major project\Testing\pituitary\Te-pi_0110.jpg,pituitary,3,3,pituitary,0.6249062
D:\Major project\Testing\pituitary\Te-pi_0111.jpg,pituitary,3,3,pituitary,0.6249985
D:\Major project\Testing\pituitary\Te-pi_0112.jpg,pituitary,3,3,pituitary,0.62503517
D:\Major project\Testing\pituitary\Te-pi_0113.jpg,pituitary,3,1,meningioma,0.56558263
D:\Major project\Testing\pituitary\Te-pi_0114.jpg,pituitary,3,3,pituitary,0.60329896
D:\Major project\Testing\pituitary\Te-pi_0115.jpg,pituitary,3,3,pituitary,0.6246877
D:\Major project\Testing\pituitary\Te-pi_0116.jpg,pituitary,3,3,pituitary,0.62512064
D:\Major project\Testing\pituitary\Te-pi_0117.jpg,pituitary,3,3,pituitary,0.62510884
D:\Major project\Testing\pituitary\Te-pi_0118.jpg,pituitary,3,3,pituitary,0.62516856
D:\Major project\Testing\pituitary\Te-pi_0119.jpg,pituitary,3,3,pituitary,0.6230644
D:\Major project\Testing\pituitary\Te-pi_0120.jpg,pituitary,3,3,pituitary,0.6236069
D:\Major project\Testing\pituitary\Te-pi_0121.jpg,pituitary,3,3,pituitary,0.62512136
D:\Major project\Testing\pituitary\Te-pi_0122.jpg,pituitary,3,3,pituitary,0.620898
D:\Major project\Testing\pituitary\Te-pi_0123.jpg,pituitary,3,3,pituitary,0.62473124
D:\Major project\Testing\pituitary\Te-pi_0124.jpg,pituitary,3,3,pituitary,0.6250567
D:\Major project\Testing\pituitary\Te-pi_0125.jpg,pituitary,3,3,pituitary,0.6231032
D:\Major project\Testing\pituitary\Te-pi_0126.jpg,pituitary,3,3,pituitary,0.6221136
D:\Major project\Testing\pituitary\Te-pi_0127.jpg,pituitary,3,3,pituitary,0.6250993
D:\Major project\Testing\pituitary\Te-pi_0128.jpg,pituitary,3,3,pituitary,0.617962
D:\Major project\Testing\pituitary\Te-pi_0129.jpg,pituitary,3,3,pituitary,0.6242769
D:\Major project\Testing\pituitary\Te-pi_0130.jpg,pituitary,3,3,pituitary,0.61426026
D:\Major project\Testing\pituitary\Te-pi_0131.jpg,pituitary,3,3,pituitary,0.6250626
D:\Major project\Testing\pituitary\Te-pi_0132.jpg,pituitary,3,3,pituitary,0.62504756
D:\Major project\Testing\pituitary\Te-pi_0133.jpg,pituitary,3,3,pituitary,0.59158385
D:\Major project\Testing\pituitary\Te-pi_0134.jpg,pituitary,3,3,pituitary,0.6250898
D:\Major project\Testing\pituitary\Te-pi_0135.jpg,pituitary,3,3,pituitary,0.625103
D:\Major project\Testing\pituitary\Te-pi_0136.jpg,pituitary,3,3,pituitary,0.62502694
D:\Major project\Testing\pituitary\Te-pi_0137.jpg,pituitary,3,3,pituitary,0.6185697
D:\Major project\Testing\pituitary\Te-pi_0138.jpg,pituitary,3,3,pituitary,0.62485677
D:\Major project\Testing\pituitary\Te-pi_0139.jpg,pituitary,3,3,pituitary,0.62148094
D:\Major project\Testing\pituitary\Te-pi_0140.jpg,pituitary,3,3,pituitary,0.6178044
D:\Major project\Testing\pituitary\Te-pi_0141.jpg,pituitary,3,3,pituitary,0.6248867
D:\Major project\Testing\pituitary\Te-pi_0142.jpg,pituitary,3,3,pituitary,0.62472624
D:\Major project\Testing\pituitary\Te-pi_0143.jpg,pituitary,3,3,pituitary,0.62512666
D:\Major project\Testing\pituitary\Te-pi_0144.jpg,pituitary,3,3,pituitary,0.6238903
D:\Major project\Testing\pituitary\Te-pi_0145.jpg,pituitary,3,3,pituitary,0.62445754
D:\Major project\Testing\pituitary\Te-pi_0146.jpg,pituitary,3,3,pituitary,0.6246379
D:\Major project\Testing\pituitary\Te-pi_0147.jpg,pituitary,3,3,pituitary,0.6153088
D:\Major project\Testing\pituitary\Te-pi_0148.jpg,pituitary,3,3,pituitary,0.6245988
D:\Major project\Testing\pituitary\Te-pi_0149.jpg,pituitary,3,3,pituitary,0.6248982
D:\Major project\Testing\pituitary\Te-pi_0150.jpg,pituitary,3,3,pituitary,0.62420714
D:\Major project\Testing\pituitary\Te-pi_0151.jpg,pituitary,3,3,pituitary,0.6248106
D:\Major project\Testing\pituitary\Te-pi_0152.jpg,pituitary,3,3,pituitary,0.55595374
D:\Major project\Testing\pituitary\Te-pi_0153.jpg,pituitary,3,3,pituitary,0.61807126
D:\Major project\Testing\pituitary\Te-pi_0154.jpg,pituitary,3,3,pituitary,0.62419266
D:\Major project\Testing\pituitary\Te-pi_0155.jpg,pituitary,3,3,pituitary,0.625082
D:\Major project\Testing\pituitary\Te-pi_0156.jpg,pituitary,3,3,pituitary,0.6021666
D:\Major project\Testing\pituitary\Te-pi_0157.jpg,pituitary,3,3,pituitary,0.6249581
D:\Major project\Testing\pituitary\Te-pi_0158.jpg,pituitary,3,3,pituitary,0.6249496
D:\Major project\Testing\pituitary\Te-pi_0159.jpg,pituitary,3,3,pituitary,0.6211841
D:\Major project\Testing\pituitary\Te-pi_0160.jpg,pituitary,3,3,pituitary,0.6236048
D:\Major project\Testing\pituitary\Te-pi_0161.jpg,pituitary,3,3,pituitary,0.62503415
D:\Major project\Testing\pituitary\Te-pi_0162.jpg,pituitary,3,3,pituitary,0.61985034
D:\Major project\Testing\pituitary\Te-pi_0163.jpg,pituitary,3,3,pituitary,0.6242894
D:\Major project\Testing\pituitary\Te-pi_0164.jpg,pituitary,3,3,pituitary,0.6130742
D:\Major project\Testing\pituitary\Te-pi_0165.jpg,pituitary,3,3,pituitary,0.62500346
D:\Major project\Testing\pituitary\Te-pi_0166.jpg,pituitary,3,3,pituitary,0.6248697
D:\Major project\Testing\pituitary\Te-pi_0167.jpg,pituitary,3,3,pituitary,0.6251581
D:\Major project\Testing\pituitary\Te-pi_0168.jpg,pituitary,3,3,pituitary,0.6249941
D:\Major project\Testing\pituitary\Te-pi_0169.jpg,pituitary,3,3,pituitary,0.6238189
D:\Major project\Testing\pituitary\Te-pi_0170.jpg,pituitary,3,3,pituitary,0.62315303
D:\Major project\Testing\pituitary\Te-pi_0171.jpg,pituitary,3,1,meningioma,0.41430935
D:\Major project\Testing\pituitary\Te-pi_0172.jpg,pituitary,3,3,pituitary,0.62514883
D:\Major project\Testing\pituitary\Te-pi_0173.jpg,pituitary,3,3,pituitary,0.6185731
D:\Major project\Testing\pituitary\Te-pi_0174.jpg,pituitary,3,3,pituitary,0.62025106
D:\Major project\Testing\pituitary\Te-pi_0175.jpg,pituitary,3,3,pituitary,0.6098386
D:\Major project\Testing\pituitary\Te-pi_0176.jpg,pituitary,3,3,pituitary,0.6232273
D:\Major project\Testing\pituitary\Te-pi_0177.jpg,pituitary,3,3,pituitary,0.6250872
D:\Major project\Testing\pituitary\Te-pi_0178.jpg,pituitary,3,3,pituitary,0.6247084
D:\Major project\Testing\pituitary\Te-pi_0179.jpg,pituitary,3,3,pituitary,0.6210499
D:\Major project\Testing\pituitary\Te-pi_0180.jpg,pituitary,3,3,pituitary,0.6239568
D:\Major project\Testing\pituitary\Te-pi_0181.jpg,pituitary,3,3,pituitary,0.6173256
D:\Major project\Testing\pituitary\Te-pi_0182.jpg,pituitary,3,3,pituitary,0.624939
D:\Major project\Testing\pituitary\Te-pi_0183.jpg,pituitary,3,3,pituitary,0.62217075
D:\Major project\Testing\pituitary\Te-pi_0184.jpg,pituitary,3,3,pituitary,0.6232835
D:\Major project\Testing\pituitary\Te-pi_0185.jpg,pituitary,3,3,pituitary,0.6219195
D:\Major project\Testing\pituitary\Te-pi_0186.jpg,pituitary,3,3,pituitary,0.6225677
D:\Major project\Testing\pituitary\Te-pi_0187.jpg,pituitary,3,3,pituitary,0.62325495
D:\Major project\Testing\pituitary\Te-pi_0188.jpg,pituitary,3,3,pituitary,0.54849064
D:\Major project\Testing\pituitary\Te-pi_0189.jpg,pituitary,3,3,pituitary,0.62222487
D:\Major project\Testing\pituitary\Te-pi_0190.jpg,pituitary,3,3,pituitary,0.6236278
D:\Major project\Testing\pituitary\Te-pi_0191.jpg,pituitary,3,3,pituitary,0.62491804
D:\Major project\Testing\pituitary\Te-pi_0192.jpg,pituitary,3,3,pituitary,0.6234445
D:\Major project\Testing\pituitary\Te-pi_0193.jpg,pituitary,3,3,pituitary,0.62299705
D:\Major project\Testing\pituitary\Te-pi_0194.jpg,pituitary,3,3,pituitary,0.6251694
D:\Major project\Testing\pituitary\Te-pi_0195.jpg,pituitary,3,3,pituitary,0.62514013
D:\Major project\Testing\pituitary\Te-pi_0196.jpg,pituitary,3,3,pituitary,0.6248689
D:\Major project\Testing\pituitary\Te-pi_0197.jpg,pituitary,3,3,pituitary,0.6251205
D:\Major project\Testing\pituitary\Te-pi_0198.jpg,pituitary,3,3,pituitary,0.6246881
D:\Major project\Testing\pituitary\Te-pi_0199.jpg,pituitary,3,3,pituitary,0.625155
D:\Major project\Testing\pituitary\Te-pi_0200.jpg,pituitary,3,3,pituitary,0.624638
D:\Major project\Testing\pituitary\Te-pi_0201.jpg,pituitary,3,3,pituitary,0.625072
D:\Major project\Testing\pituitary\Te-pi_0202.jpg,pituitary,3,3,pituitary,0.6247969
D:\Major project\Testing\pituitary\Te-pi_0203.jpg,pituitary,3,3,pituitary,0.62514347
D:\Major project\Testing\pituitary\Te-pi_0204.jpg,pituitary,3,3,pituitary,0.6242587
D:\Major project\Testing\pituitary\Te-pi_0205.jpg,pituitary,3,3,pituitary,0.62483263
D:\Major project\Testing\pituitary\Te-pi_0206.jpg,pituitary,3,3,pituitary,0.62324417
D:\Major project\Testing\pituitary\Te-pi_0207.jpg,pituitary,3,3,pituitary,0.62465036
D:\Major project\Testing\pituitary\Te-pi_0208.jpg,pituitary,3,3,pituitary,0.6236031
D:\Major project\Testing\pituitary\Te-pi_0209.jpg,pituitary,3,3,pituitary,0.62494814
D:\Major project\Testing\pituitary\Te-pi_0210.jpg,pituitary,3,3,pituitary,0.6249188
D:\Major project\Testing\pituitary\Te-pi_0211.jpg,pituitary,3,3,pituitary,0.62511563
D:\Major project\Testing\pituitary\Te-pi_0212.jpg,pituitary,3,3,pituitary,0.60319704
D:\Major project\Testing\pituitary\Te-pi_0213.jpg,pituitary,3,3,pituitary,0.6251672
D:\Major project\Testing\pituitary\Te-pi_0214.jpg,pituitary,3,3,pituitary,0.625173
D:\Major project\Testing\pituitary\Te-pi_0215.jpg,pituitary,3,3,pituitary,0.60778487
D:\Major project\Testing\pituitary\Te-pi_0216.jpg,pituitary,3,3,pituitary,0.62502664
D:\Major project\Testing\pituitary\Te-pi_0217.jpg,pituitary,3,3,pituitary,0.58343047
D:\Major project\Testing\pituitary\Te-pi_0218.jpg,pituitary,3,3,pituitary,0.62493604
D:\Major project\Testing\pituitary\Te-pi_0219.jpg,pituitary,3,3,pituitary,0.6249899
D:\Major project\Testing\pituitary\Te-pi_0220.jpg,pituitary,3,3,pituitary,0.6251422
D:\Major project\Testing\pituitary\Te-pi_0221.jpg,pituitary,3,3,pituitary,0.6251411
D:\Major project\Testing\pituitary\Te-pi_0222.jpg,pituitary,3,3,pituitary,0.6250795
D:\Major project\Testing\pituitary\Te-pi_0223.jpg,pituitary,3,3,pituitary,0.62515044
D:\Major project\Testing\pituitary\Te-pi_0224.jpg,pituitary,3,3,pituitary,0.5846092
D:\Major project\Testing\pituitary\Te-pi_0225.jpg,pituitary,3,3,pituitary,0.6249968
D:\Major project\Testing\pituitary\Te-pi_0226.jpg,pituitary,3,3,pituitary,0.6251349
D:\Major project\Testing\pituitary\Te-pi_0227.jpg,pituitary,3,3,pituitary,0.6236205
D:\Major project\Testing\pituitary\Te-pi_0228.jpg,pituitary,3,3,pituitary,0.62515235
D:\Major project\Testing\pituitary\Te-pi_0229.jpg,pituitary,3,3,pituitary,0.62433505
D:\Major project\Testing\pituitary\Te-pi_0230.jpg,pituitary,3,3,pituitary,0.6233335
D:\Major project\Testing\pituitary\Te-pi_0231.jpg,pituitary,3,3,pituitary,0.62490946
D:\Major project\Testing\pituitary\Te-pi_0232.jpg,pituitary,3,3,pituitary,0.62467825
D:\Major project\Testing\pituitary\Te-pi_0233.jpg,pituitary,3,3,pituitary,0.62512463
D:\Major project\Testing\pituitary\Te-pi_0234.jpg,pituitary,3,3,pituitary,0.6251731
D:\Major project\Testing\pituitary\Te-pi_0235.jpg,pituitary,3,3,pituitary,0.6251591
D:\Major project\Testing\pituitary\Te-pi_0236.jpg,pituitary,3,3,pituitary,0.5840125
D:\Major project\Testing\pituitary\Te-pi_0237.jpg,pituitary,3,3,pituitary,0.62200433
D:\Major project\Testing\pituitary\Te-pi_0238.jpg,pituitary,3,3,pituitary,0.62495244
D:\Major project\Testing\pituitary\Te-pi_0239.jpg,pituitary,3,3,pituitary,0.624332
D:\Major project\Testing\pituitary\Te-pi_0240.jpg,pituitary,3,3,pituitary,0.624919
D:\Major project\Testing\pituitary\Te-pi_0241.jpg,pituitary,3,3,pituitary,0.62486225
D:\Major project\Testing\pituitary\Te-pi_0242.jpg,pituitary,3,3,pituitary,0.6248687
D:\Major project\Testing\pituitary\Te-pi_0243.jpg,pituitary,3,3,pituitary,0.62395126
D:\Major project\Testing\pituitary\Te-pi_0244.jpg,pituitary,3,3,pituitary,0.62516594
D:\Major project\Testing\pituitary\Te-pi_0245.jpg,pituitary,3,3,pituitary,0.6249372
D:\Major project\Testing\pituitary\Te-pi_0246.jpg,pituitary,3,3,pituitary,0.61905473
D:\Major project\Testing\pituitary\Te-pi_0247.jpg,pituitary,3,3,pituitary,0.6248926
D:\Major project\Testing\pituitary\Te-pi_0248.jpg,pituitary,3,3,pituitary,0.61555517
D:\Major project\Testing\pituitary\Te-pi_0249.jpg,pituitary,3,3,pituitary,0.6251425
D:\Major project\Testing\pituitary\Te-pi_0250.jpg,pituitary,3,3,pituitary,0.5981446
D:\Major project\Testing\pituitary\Te-pi_0251.jpg,pituitary,3,3,pituitary,0.5583942
D:\Major project\Testing\pituitary\Te-pi_0252.jpg,pituitary,3,3,pituitary,0.6251698
D:\Major project\Testing\pituitary\Te-pi_0253.jpg,pituitary,3,3,pituitary,0.5943836
D:\Major project\Testing\pituitary\Te-pi_0254.jpg,pituitary,3,3,pituitary,0.6240258
D:\Major project\Testing\pituitary\Te-pi_0255.jpg,pituitary,3,3,pituitary,0.6251528
D:\Major project\Testing\pituitary\Te-pi_0256.jpg,pituitary,3,3,pituitary,0.6251331
D:\Major project\Testing\pituitary\Te-pi_0257.jpg,pituitary,3,3,pituitary,0.62469316
D:\Major project\Testing\pituitary\Te-pi_0258.jpg,pituitary,3,3,pituitary,0.6248716
D:\Major project\Testing\pituitary\Te-pi_0259.jpg,pituitary,3,3,pituitary,0.62387794
D:\Major project\Testing\pituitary\Te-pi_0260.jpg,pituitary,3,3,pituitary,0.6190378
D:\Major project\Testing\pituitary\Te-pi_0261.jpg,pituitary,3,3,pituitary,0.6248585
D:\Major project\Testing\pituitary\Te-pi_0262.jpg,pituitary,3,3,pituitary,0.6240461
D:\Major project\Testing\pituitary\Te-pi_0263.jpg,pituitary,3,3,pituitary,0.6248151
D:\Major project\Testing\pituitary\Te-pi_0264.jpg,pituitary,3,3,pituitary,0.588026
D:\Major project\Testing\pituitary\Te-pi_0265.jpg,pituitary,3,3,pituitary,0.6111043
D:\Major project\Testing\pituitary\Te-pi_0266.jpg,pituitary,3,3,pituitary,0.62494767
D:\Major project\Testing\pituitary\Te-pi_0267.jpg,pituitary,3,3,pituitary,0.622275
D:\Major project\Testing\pituitary\Te-pi_0268.jpg,pituitary,3,3,pituitary,0.62429833
D:\Major project\Testing\pituitary\Te-pi_0269.jpg,pituitary,3,3,pituitary,0.39070043
D:\Major project\Testing\pituitary\Te-pi_0270.jpg,pituitary,3,3,pituitary,0.62477463
D:\Major project\Testing\pituitary\Te-pi_0271.jpg,pituitary,3,3,pituitary,0.6251258
D:\Major project\Testing\pituitary\Te-pi_0272.jpg,pituitary,3,3,pituitary,0.6250261
D:\Major project\Testing\pituitary\Te-pi_0273.jpg,pituitary,3,3,pituitary,0.624778
D:\Major project\Testing\pituitary\Te-pi_0274.jpg,pituitary,3,3,pituitary,0.625018
D:\Major project\Testing\pituitary\Te-pi_0275.jpg,pituitary,3,3,pituitary,0.62512726
D:\Major project\Testing\pituitary\Te-pi_0276.jpg,pituitary,3,3,pituitary,0.6209887
D:\Major project\Testing\pituitary\Te-pi_0277.jpg,pituitary,3,3,pituitary,0.62516886
D:\Major project\Testing\pituitary\Te-pi_0278.jpg,pituitary,3,3,pituitary,0.62517226
D:\Major project\Testing\pituitary\Te-pi_0279.jpg,pituitary,3,3,pituitary,0.62505424
D:\Major project\Testing\pituitary\Te-pi_0280.jpg,pituitary,3,3,pituitary,0.62517494
D:\Major project\Testing\pituitary\Te-pi_0281.jpg,pituitary,3,3,pituitary,0.62452984
D:\Major project\Testing\pituitary\Te-pi_0282.jpg,pituitary,3,3,pituitary,0.6251555
D:\Major project\Testing\pituitary\Te-pi_0283.jpg,pituitary,3,3,pituitary,0.62419957
D:\Major project\Testing\pituitary\Te-pi_0284.jpg,pituitary,3,3,pituitary,0.6244549
D:\Major project\Testing\pituitary\Te-pi_0285.jpg,pituitary,3,3,pituitary,0.62517333
D:\Major project\Testing\pituitary\Te-pi_0286.jpg,pituitary,3,3,pituitary,0.62516505
D:\Major project\Testing\pituitary\Te-pi_0287.jpg,pituitary,3,3,pituitary,0.6233497
D:\Major project\Testing\pituitary\Te-pi_0288.jpg,pituitary,3,3,pituitary,0.61832374
D:\Major project\Testing\pituitary\Te-pi_0289.jpg,pituitary,3,3,pituitary,0.6248269
D:\Major project\Testing\pituitary\Te-pi_0290.jpg,pituitary,3,3,pituitary,0.62005913
D:\Major project\Testing\pituitary\Te-pi_0291.jpg,pituitary,3,3,pituitary,0.6235262
D:\Major project\Testing\pituitary\Te-pi_0292.jpg,pituitary,3,3,pituitary,0.6020667
D:\Major project\Testing\pituitary\Te-pi_0293.jpg,pituitary,3,3,pituitary,0.62033355
D:\Major project\Testing\pituitary\Te-pi_0294.jpg,pituitary,3,3,pituitary,0.6248926
D:\Major project\Testing\pituitary\Te-pi_0295.jpg,pituitary,3,3,pituitary,0.62517214
D:\Major project\Testing\pituitary\Te-pi_0296.jpg,pituitary,3,3,pituitary,0.6250625
D:\Major project\Testing\pituitary\Te-pi_0297.jpg,pituitary,3,3,pituitary,0.6249272
D:\Major project\Testing\pituitary\Te-pi_0298.jpg,pituitary,3,3,pituitary,0.62497073
D:\Major project\Testing\pituitary\Te-pi_0299.jpg,pituitary,3,3,pituitary,0.6247127
