filepath,true_label,true_idx,pred_idx,pred_label,pred_prob
D:\Major project\Testing\glioma\Te-glTr_0000.jpg,glioma,0,0,glioma,0.625211
D:\Major project\Testing\glioma\Te-glTr_0001.jpg,glioma,0,0,glioma,0.6251888
D:\Major project\Testing\glioma\Te-glTr_0002.jpg,glioma,0,0,glioma,0.6252034
D:\Major project\Testing\glioma\Te-glTr_0003.jpg,glioma,0,0,glioma,0.5787863
D:\Major project\Testing\glioma\Te-glTr_0004.jpg,glioma,0,0,glioma,0.5980887
D:\Major project\Testing\glioma\Te-glTr_0005.jpg,glioma,0,0,glioma,0.6242951
D:\Major project\Testing\glioma\Te-glTr_0006.jpg,glioma,0,0,glioma,0.6252155
D:\Major project\Testing\glioma\Te-glTr_0007.jpg,glioma,0,0,glioma,0.62522006
D:\Major project\Testing\glioma\Te-glTr_0008.jpg,glioma,0,0,glioma,0.6252197
D:\Major project\Testing\glioma\Te-glTr_0009.jpg,glioma,0,0,glioma,0.6252102
D:\Major project\Testing\glioma\Te-gl_0010.jpg,glioma,0,0,glioma,0.62488115
D:\Major project\Testing\glioma\Te-gl_0011.jpg,glioma,0,0,glioma,0.62516904
D:\Major project\Testing\glioma\Te-gl_0012.jpg,glioma,0,0,glioma,0.62485313
D:\Major project\Testing\glioma\Te-gl_0013.jpg,glioma,0,0,glioma,0.625133
D:\Major project\Testing\glioma\Te-gl_0014.jpg,glioma,0,0,glioma,0.62521636
D:\Major project\Testing\glioma\Te-gl_0015.jpg,glioma,0,0,glioma,0.6251941
D:\Major project\Testing\glioma\Te-gl_0016.jpg,glioma,0,0,glioma,0.62521905
D:\Major project\Testing\glioma\Te-gl_0017.jpg,glioma,0,0,glioma,0.62516415
D:\Major project\Testing\glioma\Te-gl_0018.jpg,glioma,0,0,glioma,0.6251993
D:\Major project\Testing\glioma\Te-gl_0019.jpg,glioma,0,0,glioma,0.4819008
D:\Major project\Testing\glioma\Te-gl_0020.jpg,glioma,0,0,glioma,0.6242527
D:\Major project\Testing\glioma\Te-gl_0021.jpg,glioma,0,0,glioma,0.6252194
D:\Major project\Testing\glioma\Te-gl_0022.jpg,glioma,0,0,glioma,0.62520564
D:\Major project\Testing\glioma\Te-gl_0023.jpg,glioma,0,0,glioma,0.5315825
D:\Major project\Testing\glioma\Te-gl_0024.jpg,glioma,0,0,glioma,0.6195756
D:\Major project\Testing\glioma\Te-gl_0025.jpg,glioma,0,0,glioma,0.6252183
D:\Major project\Testing\glioma\Te-gl_0026.jpg,glioma,0,0,glioma,0.6252199
D:\Major project\Testing\glioma\Te-gl_0027.jpg,glioma,0,0,glioma,0.62521803
D:\Major project\Testing\glioma\Te-gl_0028.jpg,glioma,0,0,glioma,0.62058026
D:\Major project\Testing\glioma\Te-gl_0029.jpg,glioma,0,0,glioma,0.6195756
D:\Major project\Testing\glioma\Te-gl_0030.jpg,glioma,0,1,meningioma,0.6239073
D:\Major project\Testing\glioma\Te-gl_0031.jpg,glioma,0,0,glioma,0.62521875
D:\Major project\Testing\glioma\Te-gl_0032.jpg,glioma,0,0,glioma,0.6252173
D:\Major project\Testing\glioma\Te-gl_0033.jpg,glioma,0,0,glioma,0.62521833
D:\Major project\Testing\glioma\Te-gl_0034.jpg,glioma,0,0,glioma,0.62521815
D:\Major project\Testing\glioma\Te-gl_0035.jpg,glioma,0,0,glioma,0.6252181
D:\Major project\Testing\glioma\Te-gl_0036.jpg,glioma,0,0,glioma,0.62519383
D:\Major project\Testing\glioma\Te-gl_0037.jpg,glioma,0,0,glioma,0.62518185
D:\Major project\Testing\glioma\Te-gl_0038.jpg,glioma,0,0,glioma,0.62522113
D:\Major project\Testing\glioma\Te-gl_0039.jpg,glioma,0,0,glioma,0.62520903
D:\Major project\Testing\glioma\Te-gl_0040.jpg,glioma,0,0,glioma,0.62521714
D:\Major project\Testing\glioma\Te-gl_0041.jpg,glioma,0,0,glioma,0.6251648
D:\Major project\Testing\glioma\Te-gl_0042.jpg,glioma,0,0,glioma,0.6228721
D:\Major project\Testing\glioma\Te-gl_0043.jpg,glioma,0,1,meningioma,0.6210642
D:\Major project\Testing\glioma\Te-gl_0044.jpg,glioma,0,0,glioma,0.44716644
D:\Major project\Testing\glioma\Te-gl_0045.jpg,glioma,0,0,glioma,0.38162723
D:\Major project\Testing\glioma\Te-gl_0046.jpg,glioma,0,1,meningioma,0.3833316
D:\Major project\Testing\glioma\Te-gl_0047.jpg,glioma,0,1,meningioma,0.37878966
D:\Major project\Testing\glioma\Te-gl_0048.jpg,glioma,0,0,glioma,0.5498317
D:\Major project\Testing\glioma\Te-gl_0049.jpg,glioma,0,0,glioma,0.6252048
D:\Major project\Testing\glioma\Te-gl_0050.jpg,glioma,0,0,glioma,0.6251509
D:\Major project\Testing\glioma\Te-gl_0051.jpg,glioma,0,0,glioma,0.625219
D:\Major project\Testing\glioma\Te-gl_0052.jpg,glioma,0,0,glioma,0.6252176
D:\Major project\Testing\glioma\Te-gl_0053.jpg,glioma,0,0,glioma,0.62521935
D:\Major project\Testing\glioma\Te-gl_0054.jpg,glioma,0,0,glioma,0.62521976
D:\Major project\Testing\glioma\Te-gl_0055.jpg,glioma,0,0,glioma,0.6252174
D:\Major project\Testing\glioma\Te-gl_0056.jpg,glioma,0,0,glioma,0.6252183
D:\Major project\Testing\glioma\Te-gl_0057.jpg,glioma,0,0,glioma,0.53832644
D:\Major project\Testing\glioma\Te-gl_0058.jpg,glioma,0,0,glioma,0.62521833
D:\Major project\Testing\glioma\Te-gl_0059.jpg,glioma,0,0,glioma,0.62521964
D:\Major project\Testing\glioma\Te-gl_0060.jpg,glioma,0,0,glioma,0.6251301
D:\Major project\Testing\glioma\Te-gl_0061.jpg,glioma,0,0,glioma,0.62402785
D:\Major project\Testing\glioma\Te-gl_0062.jpg,glioma,0,0,glioma,0.62521964
D:\Major project\Testing\glioma\Te-gl_0063.jpg,glioma,0,0,glioma,0.62521964
D:\Major project\Testing\glioma\Te-gl_0064.jpg,glioma,0,0,glioma,0.6252191
D:\Major project\Testing\glioma\Te-gl_0065.jpg,glioma,0,0,glioma,0.6252201
D:\Major project\Testing\glioma\Te-gl_0066.jpg,glioma,0,0,glioma,0.6252183
D:\Major project\Testing\glioma\Te-gl_0067.jpg,glioma,0,0,glioma,0.62522
D:\Major project\Testing\glioma\Te-gl_0068.jpg,glioma,0,0,glioma,0.6250698
D:\Major project\Testing\glioma\Te-gl_0069.jpg,glioma,0,0,glioma,0.625219
D:\Major project\Testing\glioma\Te-gl_0070.jpg,glioma,0,0,glioma,0.6250587
D:\Major project\Testing\glioma\Te-gl_0071.jpg,glioma,0,0,glioma,0.62521964
D:\Major project\Testing\glioma\Te-gl_0072.jpg,glioma,0,0,glioma,0.62520933
D:\Major project\Testing\glioma\Te-gl_0073.jpg,glioma,0,0,glioma,0.6251603
D:\Major project\Testing\glioma\Te-gl_0074.jpg,glioma,0,0,glioma,0.625162
D:\Major project\Testing\glioma\Te-gl_0075.jpg,glioma,0,0,glioma,0.6252162
D:\Major project\Testing\glioma\Te-gl_0076.jpg,glioma,0,0,glioma,0.6252196
D:\Major project\Testing\glioma\Te-gl_0077.jpg,glioma,0,0,glioma,0.6252078
D:\Major project\Testing\glioma\Te-gl_0078.jpg,glioma,0,0,glioma,0.62521863
D:\Major project\Testing\glioma\Te-gl_0079.jpg,glioma,0,0,glioma,0.6252204
D:\Major project\Testing\glioma\Te-gl_0080.jpg,glioma,0,0,glioma,0.6252189
D:\Major project\Testing\glioma\Te-gl_0081.jpg,glioma,0,0,glioma,0.5970805
D:\Major project\Testing\glioma\Te-gl_0082.jpg,glioma,0,0,glioma,0.6252188
D:\Major project\Testing\glioma\Te-gl_0083.jpg,glioma,0,0,glioma,0.6224233
D:\Major project\Testing\glioma\Te-gl_0084.jpg,glioma,0,0,glioma,0.6250062
D:\Major project\Testing\glioma\Te-gl_0085.jpg,glioma,0,0,glioma,0.6252179
D:\Major project\Testing\glioma\Te-gl_0086.jpg,glioma,0,0,glioma,0.6252191
D:\Major project\Testing\glioma\Te-gl_0087.jpg,glioma,0,0,glioma,0.6249429
D:\Major project\Testing\glioma\Te-gl_0088.jpg,glioma,0,0,glioma,0.6240955
D:\Major project\Testing\glioma\Te-gl_0089.jpg,glioma,0,0,glioma,0.5382653
D:\Major project\Testing\glioma\Te-gl_0090.jpg,glioma,0,0,glioma,0.6252186
D:\Major project\Testing\glioma\Te-gl_0091.jpg,glioma,0,0,glioma,0.6252142
D:\Major project\Testing\glioma\Te-gl_0092.jpg,glioma,0,0,glioma,0.6251542
D:\Major project\Testing\glioma\Te-gl_0093.jpg,glioma,0,0,glioma,0.6250556
D:\Major project\Testing\glioma\Te-gl_0094.jpg,glioma,0,0,glioma,0.54938
D:\Major project\Testing\glioma\Te-gl_0095.jpg,glioma,0,0,glioma,0.6252184
D:\Major project\Testing\glioma\Te-gl_0096.jpg,glioma,0,0,glioma,0.62509435
D:\Major project\Testing\glioma\Te-gl_0097.jpg,glioma,0,0,glioma,0.62520504
D:\Major project\Testing\glioma\Te-gl_0098.jpg,glioma,0,0,glioma,0.62521946
D:\Major project\Testing\glioma\Te-gl_0099.jpg,glioma,0,0,glioma,0.6057698
D:\Major project\Testing\glioma\Te-gl_0100.jpg,glioma,0,0,glioma,0.6252192
D:\Major project\Testing\glioma\Te-gl_0101.jpg,glioma,0,0,glioma,0.6246878
D:\Major project\Testing\glioma\Te-gl_0102.jpg,glioma,0,0,glioma,0.6251838
D:\Major project\Testing\glioma\Te-gl_0103.jpg,glioma,0,0,glioma,0.62521404
D:\Major project\Testing\glioma\Te-gl_0104.jpg,glioma,0,0,glioma,0.6252196
D:\Major project\Testing\glioma\Te-gl_0105.jpg,glioma,0,0,glioma,0.6252177
D:\Major project\Testing\glioma\Te-gl_0106.jpg,glioma,0,0,glioma,0.5983471
D:\Major project\Testing\glioma\Te-gl_0107.jpg,glioma,0,0,glioma,0.6043188
D:\Major project\Testing\glioma\Te-gl_0108.jpg,glioma,0,0,glioma,0.62521756
D:\Major project\Testing\glioma\Te-gl_0109.jpg,glioma,0,0,glioma,0.6213043
D:\Major project\Testing\glioma\Te-gl_0110.jpg,glioma,0,0,glioma,0.6242744
D:\Major project\Testing\glioma\Te-gl_0111.jpg,glioma,0,0,glioma,0.62521946
D:\Major project\Testing\glioma\Te-gl_0112.jpg,glioma,0,0,glioma,0.62521863
D:\Major project\Testing\glioma\Te-gl_0113.jpg,glioma,0,0,glioma,0.6252052
D:\Major project\Testing\glioma\Te-gl_0114.jpg,glioma,0,0,glioma,0.5594437
D:\Major project\Testing\glioma\Te-gl_0115.jpg,glioma,0,0,glioma,0.6251017
D:\Major project\Testing\glioma\Te-gl_0116.jpg,glioma,0,0,glioma,0.6252056
D:\Major project\Testing\glioma\Te-gl_0117.jpg,glioma,0,0,glioma,0.6252178
D:\Major project\Testing\glioma\Te-gl_0118.jpg,glioma,0,0,glioma,0.62518483
D:\Major project\Testing\glioma\Te-gl_0119.jpg,glioma,0,0,glioma,0.6250763
D:\Major project\Testing\glioma\Te-gl_0120.jpg,glioma,0,0,glioma,0.6252195
D:\Major project\Testing\glioma\Te-gl_0121.jpg,glioma,0,0,glioma,0.6252102
D:\Major project\Testing\glioma\Te-gl_0122.jpg,glioma,0,0,glioma,0.61264306
D:\Major project\Testing\glioma\Te-gl_0123.jpg,glioma,0,0,glioma,0.625217
D:\Major project\Testing\glioma\Te-gl_0124.jpg,glioma,0,0,glioma,0.6252206
D:\Major project\Testing\glioma\Te-gl_0125.jpg,glioma,0,0,glioma,0.58741957
D:\Major project\Testing\glioma\Te-gl_0126.jpg,glioma,0,0,glioma,0.58850896
D:\Major project\Testing\glioma\Te-gl_0127.jpg,glioma,0,0,glioma,0.6252201
D:\Major project\Testing\glioma\Te-gl_0128.jpg,glioma,0,0,glioma,0.6252166
D:\Major project\Testing\glioma\Te-gl_0129.jpg,glioma,0,0,glioma,0.62518615
D:\Major project\Testing\glioma\Te-gl_0130.jpg,glioma,0,0,glioma,0.62521833
D:\Major project\Testing\glioma\Te-gl_0131.jpg,glioma,0,0,glioma,0.6252198
D:\Major project\Testing\glioma\Te-gl_0132.jpg,glioma,0,0,glioma,0.6252202
D:\Major project\Testing\glioma\Te-gl_0133.jpg,glioma,0,0,glioma,0.625121
D:\Major project\Testing\glioma\Te-gl_0134.jpg,glioma,0,0,glioma,0.62522006
D:\Major project\Testing\glioma\Te-gl_0135.jpg,glioma,0,0,glioma,0.6252183
D:\Major project\Testing\glioma\Te-gl_0136.jpg,glioma,0,0,glioma,0.6252108
D:\Major project\Testing\glioma\Te-gl_0137.jpg,glioma,0,0,glioma,0.62521774
D:\Major project\Testing\glioma\Te-gl_0138.jpg,glioma,0,0,glioma,0.62516654
D:\Major project\Testing\glioma\Te-gl_0139.jpg,glioma,0,0,glioma,0.6252158
D:\Major project\Testing\glioma\Te-gl_0140.jpg,glioma,0,0,glioma,0.6252147
D:\Major project\Testing\glioma\Te-gl_0141.jpg,glioma,0,0,glioma,0.6252194
D:\Major project\Testing\glioma\Te-gl_0142.jpg,glioma,0,0,glioma,0.6251839
D:\Major project\Testing\glioma\Te-gl_0143.jpg,glioma,0,0,glioma,0.62521166
D:\Major project\Testing\glioma\Te-gl_0144.jpg,glioma,0,0,glioma,0.6252158
D:\Major project\Testing\glioma\Te-gl_0145.jpg,glioma,0,0,glioma,0.62521935
D:\Major project\Testing\glioma\Te-gl_0146.jpg,glioma,0,0,glioma,0.6252184
D:\Major project\Testing\glioma\Te-gl_0147.jpg,glioma,0,0,glioma,0.62521994
D:\Major project\Testing\glioma\Te-gl_0148.jpg,glioma,0,0,glioma,0.62487286
D:\Major project\Testing\glioma\Te-gl_0149.jpg,glioma,0,0,glioma,0.6251751
D:\Major project\Testing\glioma\Te-gl_0150.jpg,glioma,0,0,glioma,0.6250973
D:\Major project\Testing\glioma\Te-gl_0151.jpg,glioma,0,0,glioma,0.62516236
D:\Major project\Testing\glioma\Te-gl_0152.jpg,glioma,0,0,glioma,0.6230967
D:\Major project\Testing\glioma\Te-gl_0153.jpg,glioma,0,0,glioma,0.62522024
D:\Major project\Testing\glioma\Te-gl_0154.jpg,glioma,0,0,glioma,0.6251752
D:\Major project\Testing\glioma\Te-gl_0155.jpg,glioma,0,0,glioma,0.6252182
D:\Major project\Testing\glioma\Te-gl_0156.jpg,glioma,0,0,glioma,0.6252147
D:\Major project\Testing\glioma\Te-gl_0157.jpg,glioma,0,0,glioma,0.6252122
D:\Major project\Testing\glioma\Te-gl_0158.jpg,glioma,0,0,glioma,0.5707215
D:\Major project\Testing\glioma\Te-gl_0159.jpg,glioma,0,0,glioma,0.59521866
D:\Major project\Testing\glioma\Te-gl_0160.jpg,glioma,0,0,glioma,0.62520033
D:\Major project\Testing\glioma\Te-gl_0161.jpg,glioma,0,0,glioma,0.6251527
D:\Major project\Testing\glioma\Te-gl_0162.jpg,glioma,0,0,glioma,0.62515104
D:\Major project\Testing\glioma\Te-gl_0163.jpg,glioma,0,0,glioma,0.6227692
D:\Major project\Testing\glioma\Te-gl_0164.jpg,glioma,0,0,glioma,0.6252114
D:\Major project\Testing\glioma\Te-gl_0165.jpg,glioma,0,0,glioma,0.62521684
D:\Major project\Testing\glioma\Te-gl_0166.jpg,glioma,0,0,glioma,0.62519
D:\Major project\Testing\glioma\Te-gl_0167.jpg,glioma,0,0,glioma,0.62463474
D:\Major project\Testing\glioma\Te-gl_0168.jpg,glioma,0,0,glioma,0.6106459
D:\Major project\Testing\glioma\Te-gl_0169.jpg,glioma,0,0,glioma,0.62351304
D:\Major project\Testing\glioma\Te-gl_0170.jpg,glioma,0,0,glioma,0.6252088
D:\Major project\Testing\glioma\Te-gl_0171.jpg,glioma,0,0,glioma,0.62522167
D:\Major project\Testing\glioma\Te-gl_0172.jpg,glioma,0,0,glioma,0.6251677
D:\Major project\Testing\glioma\Te-gl_0173.jpg,glioma,0,0,glioma,0.6252128
D:\Major project\Testing\glioma\Te-gl_0174.jpg,glioma,0,0,glioma,0.6248089
D:\Major project\Testing\glioma\Te-gl_0175.jpg,glioma,0,0,glioma,0.6252185
D:\Major project\Testing\glioma\Te-gl_0176.jpg,glioma,0,0,glioma,0.6247802
D:\Major project\Testing\glioma\Te-gl_0177.jpg,glioma,0,0,glioma,0.6250348
D:\Major project\Testing\glioma\Te-gl_0178.jpg,glioma,0,0,glioma,0.6031509
D:\Major project\Testing\glioma\Te-gl_0179.jpg,glioma,0,0,glioma,0.6251197
D:\Major project\Testing\glioma\Te-gl_0180.jpg,glioma,0,0,glioma,0.6252193
D:\Major project\Testing\glioma\Te-gl_0181.jpg,glioma,0,0,glioma,0.6251904
D:\Major project\Testing\glioma\Te-gl_0182.jpg,glioma,0,0,glioma,0.62513125
D:\Major project\Testing\glioma\Te-gl_0183.jpg,glioma,0,0,glioma,0.6252194
D:\Major project\Testing\glioma\Te-gl_0184.jpg,glioma,0,0,glioma,0.6252092
D:\Major project\Testing\glioma\Te-gl_0185.jpg,glioma,0,0,glioma,0.6251526
D:\Major project\Testing\glioma\Te-gl_0186.jpg,glioma,0,0,glioma,0.62521356
D:\Major project\Testing\glioma\Te-gl_0187.jpg,glioma,0,0,glioma,0.62522006
D:\Major project\Testing\glioma\Te-gl_0188.jpg,glioma,0,0,glioma,0.6252072
D:\Major project\Testing\glioma\Te-gl_0189.jpg,glioma,0,0,glioma,0.6251749
D:\Major project\Testing\glioma\Te-gl_0190.jpg,glioma,0,0,glioma,0.6142934
D:\Major project\Testing\glioma\Te-gl_0191.jpg,glioma,0,0,glioma,0.6252084
D:\Major project\Testing\glioma\Te-gl_0192.jpg,glioma,0,0,glioma,0.62121713
D:\Major project\Testing\glioma\Te-gl_0193.jpg,glioma,0,0,glioma,0.62522024
D:\Major project\Testing\glioma\Te-gl_0194.jpg,glioma,0,0,glioma,0.6252178
D:\Major project\Testing\glioma\Te-gl_0195.jpg,glioma,0,0,glioma,0.62512946
D:\Major project\Testing\glioma\Te-gl_0196.jpg,glioma,0,0,glioma,0.62480396
D:\Major project\Testing\glioma\Te-gl_0197.jpg,glioma,0,0,glioma,0.6251063
D:\Major project\Testing\glioma\Te-gl_0198.jpg,glioma,0,0,glioma,0.6246654
D:\Major project\Testing\glioma\Te-gl_0199.jpg,glioma,0,0,glioma,0.625077
D:\Major project\Testing\glioma\Te-gl_0200.jpg,glioma,0,0,glioma,0.6252032
D:\Major project\Testing\glioma\Te-gl_0201.jpg,glioma,0,0,glioma,0.6252169
D:\Major project\Testing\glioma\Te-gl_0202.jpg,glioma,0,0,glioma,0.6252159
D:\Major project\Testing\glioma\Te-gl_0203.jpg,glioma,0,0,glioma,0.62521863
D:\Major project\Testing\glioma\Te-gl_0204.jpg,glioma,0,0,glioma,0.6247024
D:\Major project\Testing\glioma\Te-gl_0205.jpg,glioma,0,0,glioma,0.6251781
D:\Major project\Testing\glioma\Te-gl_0206.jpg,glioma,0,0,glioma,0.62482923
D:\Major project\Testing\glioma\Te-gl_0207.jpg,glioma,0,0,glioma,0.6251755
D:\Major project\Testing\glioma\Te-gl_0208.jpg,glioma,0,0,glioma,0.62503976
D:\Major project\Testing\glioma\Te-gl_0209.jpg,glioma,0,0,glioma,0.6252191
D:\Major project\Testing\glioma\Te-gl_0210.jpg,glioma,0,0,glioma,0.6252216
D:\Major project\Testing\glioma\Te-gl_0211.jpg,glioma,0,0,glioma,0.6251255
D:\Major project\Testing\glioma\Te-gl_0212.jpg,glioma,0,0,glioma,0.62521994
D:\Major project\Testing\glioma\Te-gl_0213.jpg,glioma,0,0,glioma,0.6252089
D:\Major project\Testing\glioma\Te-gl_0214.jpg,glioma,0,0,glioma,0.6252091
D:\Major project\Testing\glioma\Te-gl_0215.jpg,glioma,0,0,glioma,0.62519956
D:\Major project\Testing\glioma\Te-gl_0216.jpg,glioma,0,0,glioma,0.625214
D:\Major project\Testing\glioma\Te-gl_0217.jpg,glioma,0,0,glioma,0.6252187
D:\Major project\Testing\glioma\Te-gl_0218.jpg,glioma,0,0,glioma,0.62519974
D:\Major project\Testing\glioma\Te-gl_0219.jpg,glioma,0,0,glioma,0.6250771
D:\Major project\Testing\glioma\Te-gl_0220.jpg,glioma,0,0,glioma,0.62521875
D:\Major project\Testing\glioma\Te-gl_0221.jpg,glioma,0,0,glioma,0.62449276
D:\Major project\Testing\glioma\Te-gl_0222.jpg,glioma,0,0,glioma,0.6250964
D:\Major project\Testing\glioma\Te-gl_0223.jpg,glioma,0,0,glioma,0.61960894
D:\Major project\Testing\glioma\Te-gl_0224.jpg,glioma,0,0,glioma,0.62522227
D:\Major project\Testing\glioma\Te-gl_0225.jpg,glioma,0,0,glioma,0.6252126
D:\Major project\Testing\glioma\Te-gl_0226.jpg,glioma,0,0,glioma,0.62522155
D:\Major project\Testing\glioma\Te-gl_0227.jpg,glioma,0,0,glioma,0.62480515
D:\Major project\Testing\glioma\Te-gl_0228.jpg,glioma,0,0,glioma,0.6252181
D:\Major project\Testing\glioma\Te-gl_0229.jpg,glioma,0,0,glioma,0.60730946
D:\Major project\Testing\glioma\Te-gl_0230.jpg,glioma,0,0,glioma,0.61603254
D:\Major project\Testing\glioma\Te-gl_0231.jpg,glioma,0,0,glioma,0.61588633
D:\Major project\Testing\glioma\Te-gl_0232.jpg,glioma,0,0,glioma,0.5033902
D:\Major project\Testing\glioma\Te-gl_0233.jpg,glioma,0,0,glioma,0.5502987
D:\Major project\Testing\glioma\Te-gl_0234.jpg,glioma,0,1,meningioma,0.49933064
D:\Major project\Testing\glioma\Te-gl_0235.jpg,glioma,0,1,meningioma,0.52778184
D:\Major project\Testing\glioma\Te-gl_0236.jpg,glioma,0,1,meningioma,0.61854887
D:\Major project\Testing\glioma\Te-gl_0237.jpg,glioma,0,1,meningioma,0.6190221
D:\Major project\Testing\glioma\Te-gl_0238.jpg,glioma,0,0,glioma,0.42426482
D:\Major project\Testing\glioma\Te-gl_0239.jpg,glioma,0,1,meningioma,0.5070672
D:\Major project\Testing\glioma\Te-gl_0240.jpg,glioma,0,0,glioma,0.5989674
D:\Major project\Testing\glioma\Te-gl_0241.jpg,glioma,0,0,glioma,0.61950755
D:\Major project\Testing\glioma\Te-gl_0242.jpg,glioma,0,0,glioma,0.45099938
D:\Major project\Testing\glioma\Te-gl_0243.jpg,glioma,0,0,glioma,0.49434665
D:\Major project\Testing\glioma\Te-gl_0244.jpg,glioma,0,0,glioma,0.6108011
D:\Major project\Testing\glioma\Te-gl_0245.jpg,glioma,0,1,meningioma,0.39927968
D:\Major project\Testing\glioma\Te-gl_0246.jpg,glioma,0,0,glioma,0.39769843
D:\Major project\Testing\glioma\Te-gl_0247.jpg,glioma,0,1,meningioma,0.45442823
D:\Major project\Testing\glioma\Te-gl_0248.jpg,glioma,0,0,glioma,0.5801393
D:\Major project\Testing\glioma\Te-gl_0249.jpg,glioma,0,1,meningioma,0.5679766
D:\Major project\Testing\glioma\Te-gl_0250.jpg,glioma,0,0,glioma,0.4360346
D:\Major project\Testing\glioma\Te-gl_0251.jpg,glioma,0,1,meningioma,0.5585553
D:\Major project\Testing\glioma\Te-gl_0252.jpg,glioma,0,1,meningioma,0.5910724
D:\Major project\Testing\glioma\Te-gl_0253.jpg,glioma,0,0,glioma,0.5955315
D:\Major project\Testing\glioma\Te-gl_0254.jpg,glioma,0,0,glioma,0.53283143
D:\Major project\Testing\glioma\Te-gl_0255.jpg,glioma,0,1,meningioma,0.61495125
D:\Major project\Testing\glioma\Te-gl_0256.jpg,glioma,0,0,glioma,0.6116787
D:\Major project\Testing\glioma\Te-gl_0257.jpg,glioma,0,0,glioma,0.6028416
D:\Major project\Testing\glioma\Te-gl_0258.jpg,glioma,0,0,glioma,0.51979625
D:\Major project\Testing\glioma\Te-gl_0259.jpg,glioma,0,1,meningioma,0.60559464
D:\Major project\Testing\glioma\Te-gl_0260.jpg,glioma,0,1,meningioma,0.41440713
D:\Major project\Testing\glioma\Te-gl_0261.jpg,glioma,0,0,glioma,0.5746406
D:\Major project\Testing\glioma\Te-gl_0262.jpg,glioma,0,0,glioma,0.606032
D:\Major project\Testing\glioma\Te-gl_0263.jpg,glioma,0,0,glioma,0.5480372
D:\Major project\Testing\glioma\Te-gl_0264.jpg,glioma,0,1,meningioma,0.57107973
D:\Major project\Testing\glioma\Te-gl_0265.jpg,glioma,0,1,meningioma,0.59934276
D:\Major project\Testing\glioma\Te-gl_0266.jpg,glioma,0,0,glioma,0.46728504
D:\Major project\Testing\glioma\Te-gl_0267.jpg,glioma,0,1,meningioma,0.5703926
D:\Major project\Testing\glioma\Te-gl_0268.jpg,glioma,0,0,glioma,0.38011435
D:\Major project\Testing\glioma\Te-gl_0269.jpg,glioma,0,0,glioma,0.6229775
D:\Major project\Testing\glioma\Te-gl_0270.jpg,glioma,0,0,glioma,0.53054965
D:\Major project\Testing\glioma\Te-gl_0271.jpg,glioma,0,0,glioma,0.5551495
D:\Major project\Testing\glioma\Te-gl_0272.jpg,glioma,0,0,glioma,0.35881844
D:\Major project\Testing\glioma\Te-gl_0273.jpg,glioma,0,0,glioma,0.6223046
D:\Major project\Testing\glioma\Te-gl_0274.jpg,glioma,0,0,glioma,0.6247902
D:\Major project\Testing\glioma\Te-gl_0275.jpg,glioma,0,1,meningioma,0.47812718
D:\Major project\Testing\glioma\Te-gl_0276.jpg,glioma,0,1,meningioma,0.5723145
D:\Major project\Testing\glioma\Te-gl_0277.jpg,glioma,0,1,meningioma,0.603031
D:\Major project\Testing\glioma\Te-gl_0278.jpg,glioma,0,0,glioma,0.61177135
D:\Major project\Testing\glioma\Te-gl_0279.jpg,glioma,0,0,glioma,0.5919466
D:\Major project\Testing\glioma\Te-gl_0280.jpg,glioma,0,0,glioma,0.5681383
D:\Major project\Testing\glioma\Te-gl_0281.jpg,glioma,0,0,glioma,0.5890286
D:\Major project\Testing\glioma\Te-gl_0282.jpg,glioma,0,0,glioma,0.6239476
D:\Major project\Testing\glioma\Te-gl_0283.jpg,glioma,0,1,meningioma,0.42288002
D:\Major project\Testing\glioma\Te-gl_0284.jpg,glioma,0,0,glioma,0.624901
D:\Major project\Testing\glioma\Te-gl_0285.jpg,glioma,0,0,glioma,0.6176079
D:\Major project\Testing\glioma\Te-gl_0286.jpg,glioma,0,0,glioma,0.6252183
D:\Major project\Testing\glioma\Te-gl_0287.jpg,glioma,0,0,glioma,0.62521964
D:\Major project\Testing\glioma\Te-gl_0288.jpg,glioma,0,0,glioma,0.6252182
D:\Major project\Testing\glioma\Te-gl_0289.jpg,glioma,0,0,glioma,0.62457514
D:\Major project\Testing\glioma\Te-gl_0290.jpg,glioma,0,0,glioma,0.6197744
D:\Major project\Testing\glioma\Te-gl_0291.jpg,glioma,0,0,glioma,0.61596304
D:\Major project\Testing\glioma\Te-gl_0292.jpg,glioma,0,0,glioma,0.6249951
D:\Major project\Testing\glioma\Te-gl_0293.jpg,glioma,0,0,glioma,0.6236544
D:\Major project\Testing\glioma\Te-gl_0294.jpg,glioma,0,0,glioma,0.62521535
D:\Major project\Testing\glioma\Te-gl_0295.jpg,glioma,0,0,glioma,0.62169
D:\Major project\Testing\glioma\Te-gl_0296.jpg,glioma,0,0,glioma,0.625219
D:\Major project\Testing\glioma\Te-gl_0297.jpg,glioma,0,0,glioma,0.62521744
D:\Major project\Testing\glioma\Te-gl_0298.jpg,glioma,0,0,glioma,0.62521565
D:\Major project\Testing\glioma\Te-gl_0299.jpg,glioma,0,0,glioma,0.62269795
D:\Major project\Testing\meningioma\Te-meTr_0000.jpg,meningioma,1,1,meningioma,0.4915804
D:\Major project\Testing\meningioma\Te-meTr_0001.jpg,meningioma,1,1,meningioma,0.6196404
D:\Major project\Testing\meningioma\Te-meTr_0002.jpg,meningioma,1,1,meningioma,0.5544888
D:\Major project\Testing\meningioma\Te-meTr_0003.jpg,meningioma,1,1,meningioma,0.56964904
D:\Major project\Testing\meningioma\Te-meTr_0004.jpg,meningioma,1,1,meningioma,0.6199996
D:\Major project\Testing\meningioma\Te-meTr_0005.jpg,meningioma,1,1,meningioma,0.5341698
D:\Major project\Testing\meningioma\Te-meTr_0006.jpg,meningioma,1,1,meningioma,0.60288805
D:\Major project\Testing\meningioma\Te-meTr_0007.jpg,meningioma,1,1,meningioma,0.6133604
D:\Major project\Testing\meningioma\Te-meTr_0008.jpg,meningioma,1,1,meningioma,0.62400085
D:\Major project\Testing\meningioma\Te-meTr_0009.jpg,meningioma,1,2,notumor,0.59777117
D:\Major project\Testing\meningioma\Te-me_0010.jpg,meningioma,1,1,meningioma,0.6203204
D:\Major project\Testing\meningioma\Te-me_0011.jpg,meningioma,1,1,meningioma,0.62283593
D:\Major project\Testing\meningioma\Te-me_0012.jpg,meningioma,1,1,meningioma,0.6244404
D:\Major project\Testing\meningioma\Te-me_0013.jpg,meningioma,1,1,meningioma,0.5607417
D:\Major project\Testing\meningioma\Te-me_0014.jpg,meningioma,1,1,meningioma,0.44681436
D:\Major project\Testing\meningioma\Te-me_0015.jpg,meningioma,1,1,meningioma,0.6245066
D:\Major project\Testing\meningioma\Te-me_0016.jpg,meningioma,1,1,meningioma,0.61806184
D:\Major project\Testing\meningioma\Te-me_0017.jpg,meningioma,1,1,meningioma,0.62097806
D:\Major project\Testing\meningioma\Te-me_0018.jpg,meningioma,1,1,meningioma,0.6242994
D:\Major project\Testing\meningioma\Te-me_0019.jpg,meningioma,1,1,meningioma,0.53420687
D:\Major project\Testing\meningioma\Te-me_0020.jpg,meningioma,1,1,meningioma,0.5842236
D:\Major project\Testing\meningioma\Te-me_0021.jpg,meningioma,1,1,meningioma,0.6243081
D:\Major project\Testing\meningioma\Te-me_0022.jpg,meningioma,1,1,meningioma,0.6220965
D:\Major project\Testing\meningioma\Te-me_0023.jpg,meningioma,1,1,meningioma,0.62196296
D:\Major project\Testing\meningioma\Te-me_0024.jpg,meningioma,1,1,meningioma,0.59408766
D:\Major project\Testing\meningioma\Te-me_0025.jpg,meningioma,1,1,meningioma,0.624413
D:\Major project\Testing\meningioma\Te-me_0026.jpg,meningioma,1,1,meningioma,0.6245853
D:\Major project\Testing\meningioma\Te-me_0027.jpg,meningioma,1,1,meningioma,0.6246554
D:\Major project\Testing\meningioma\Te-me_0028.jpg,meningioma,1,1,meningioma,0.62457806
D:\Major project\Testing\meningioma\Te-me_0029.jpg,meningioma,1,1,meningioma,0.61242676
D:\Major project\Testing\meningioma\Te-me_0030.jpg,meningioma,1,1,meningioma,0.43771228
D:\Major project\Testing\meningioma\Te-me_0031.jpg,meningioma,1,1,meningioma,0.6203204
D:\Major project\Testing\meningioma\Te-me_0032.jpg,meningioma,1,1,meningioma,0.62060183
D:\Major project\Testing\meningioma\Te-me_0033.jpg,meningioma,1,2,notumor,0.5591132
D:\Major project\Testing\meningioma\Te-me_0034.jpg,meningioma,1,1,meningioma,0.6137149
D:\Major project\Testing\meningioma\Te-me_0035.jpg,meningioma,1,1,meningioma,0.6170801
D:\Major project\Testing\meningioma\Te-me_0036.jpg,meningioma,1,1,meningioma,0.61097383
D:\Major project\Testing\meningioma\Te-me_0037.jpg,meningioma,1,1,meningioma,0.4632028
D:\Major project\Testing\meningioma\Te-me_0038.jpg,meningioma,1,1,meningioma,0.6243869
D:\Major project\Testing\meningioma\Te-me_0039.jpg,meningioma,1,1,meningioma,0.622594
D:\Major project\Testing\meningioma\Te-me_0040.jpg,meningioma,1,1,meningioma,0.6143778
D:\Major project\Testing\meningioma\Te-me_0041.jpg,meningioma,1,1,meningioma,0.6218841
D:\Major project\Testing\meningioma\Te-me_0042.jpg,meningioma,1,1,meningioma,0.6211633
D:\Major project\Testing\meningioma\Te-me_0043.jpg,meningioma,1,1,meningioma,0.62432194
D:\Major project\Testing\meningioma\Te-me_0044.jpg,meningioma,1,1,meningioma,0.5711744
D:\Major project\Testing\meningioma\Te-me_0045.jpg,meningioma,1,1,meningioma,0.59919596
D:\Major project\Testing\meningioma\Te-me_0046.jpg,meningioma,1,1,meningioma,0.6154683
D:\Major project\Testing\meningioma\Te-me_0047.jpg,meningioma,1,1,meningioma,0.62149996
D:\Major project\Testing\meningioma\Te-me_0048.jpg,meningioma,1,1,meningioma,0.60826445
D:\Major project\Testing\meningioma\Te-me_0049.jpg,meningioma,1,1,meningioma,0.6144276
D:\Major project\Testing\meningioma\Te-me_0050.jpg,meningioma,1,1,meningioma,0.62019104
D:\Major project\Testing\meningioma\Te-me_0051.jpg,meningioma,1,2,notumor,0.37572694
D:\Major project\Testing\meningioma\Te-me_0052.jpg,meningioma,1,1,meningioma,0.58880776
D:\Major project\Testing\meningioma\Te-me_0053.jpg,meningioma,1,0,glioma,0.50168985
D:\Major project\Testing\meningioma\Te-me_0054.jpg,meningioma,1,1,meningioma,0.6217278
D:\Major project\Testing\meningioma\Te-me_0055.jpg,meningioma,1,1,meningioma,0.62425756
D:\Major project\Testing\meningioma\Te-me_0056.jpg,meningioma,1,1,meningioma,0.616071
D:\Major project\Testing\meningioma\Te-me_0057.jpg,meningioma,1,1,meningioma,0.5937058
D:\Major project\Testing\meningioma\Te-me_0058.jpg,meningioma,1,1,meningioma,0.5672082
D:\Major project\Testing\meningioma\Te-me_0059.jpg,meningioma,1,1,meningioma,0.5486514
D:\Major project\Testing\meningioma\Te-me_0060.jpg,meningioma,1,1,meningioma,0.58416504
D:\Major project\Testing\meningioma\Te-me_0061.jpg,meningioma,1,1,meningioma,0.60039085
D:\Major project\Testing\meningioma\Te-me_0062.jpg,meningioma,1,1,meningioma,0.5664174
D:\Major project\Testing\meningioma\Te-me_0063.jpg,meningioma,1,1,meningioma,0.62255245
D:\Major project\Testing\meningioma\Te-me_0064.jpg,meningioma,1,1,meningioma,0.43257895
D:\Major project\Testing\meningioma\Te-me_0065.jpg,meningioma,1,1,meningioma,0.5686206
D:\Major project\Testing\meningioma\Te-me_0066.jpg,meningioma,1,1,meningioma,0.5927601
D:\Major project\Testing\meningioma\Te-me_0067.jpg,meningioma,1,1,meningioma,0.6086688
D:\Major project\Testing\meningioma\Te-me_0068.jpg,meningioma,1,1,meningioma,0.62440324
D:\Major project\Testing\meningioma\Te-me_0069.jpg,meningioma,1,1,meningioma,0.4344181
D:\Major project\Testing\meningioma\Te-me_0070.jpg,meningioma,1,1,meningioma,0.6191282
D:\Major project\Testing\meningioma\Te-me_0071.jpg,meningioma,1,1,meningioma,0.5965405
D:\Major project\Testing\meningioma\Te-me_0072.jpg,meningioma,1,1,meningioma,0.61280423
D:\Major project\Testing\meningioma\Te-me_0073.jpg,meningioma,1,1,meningioma,0.5965405
D:\Major project\Testing\meningioma\Te-me_0074.jpg,meningioma,1,1,meningioma,0.62473464
D:\Major project\Testing\meningioma\Te-me_0075.jpg,meningioma,1,1,meningioma,0.6046266
D:\Major project\Testing\meningioma\Te-me_0076.jpg,meningioma,1,1,meningioma,0.62457585
D:\Major project\Testing\meningioma\Te-me_0077.jpg,meningioma,1,1,meningioma,0.6243609
D:\Major project\Testing\meningioma\Te-me_0078.jpg,meningioma,1,1,meningioma,0.6220769
D:\Major project\Testing\meningioma\Te-me_0079.jpg,meningioma,1,1,meningioma,0.60120076
D:\Major project\Testing\meningioma\Te-me_0080.jpg,meningioma,1,1,meningioma,0.49892548
D:\Major project\Testing\meningioma\Te-me_0081.jpg,meningioma,1,1,meningioma,0.6230659
D:\Major project\Testing\meningioma\Te-me_0082.jpg,meningioma,1,1,meningioma,0.624539
D:\Major project\Testing\meningioma\Te-me_0083.jpg,meningioma,1,1,meningioma,0.5969321
D:\Major project\Testing\meningioma\Te-me_0084.jpg,meningioma,1,1,meningioma,0.6222236
D:\Major project\Testing\meningioma\Te-me_0085.jpg,meningioma,1,1,meningioma,0.6208235
D:\Major project\Testing\meningioma\Te-me_0086.jpg,meningioma,1,1,meningioma,0.62412906
D:\Major project\Testing\meningioma\Te-me_0087.jpg,meningioma,1,1,meningioma,0.5800335
D:\Major project\Testing\meningioma\Te-me_0088.jpg,meningioma,1,1,meningioma,0.6224249
D:\Major project\Testing\meningioma\Te-me_0089.jpg,meningioma,1,1,meningioma,0.62485576
D:\Major project\Testing\meningioma\Te-me_0090.jpg,meningioma,1,1,meningioma,0.6220791
D:\Major project\Testing\meningioma\Te-me_0091.jpg,meningioma,1,1,meningioma,0.60862225
D:\Major project\Testing\meningioma\Te-me_0092.jpg,meningioma,1,1,meningioma,0.6072819
D:\Major project\Testing\meningioma\Te-me_0093.jpg,meningioma,1,1,meningioma,0.62161416
D:\Major project\Testing\meningioma\Te-me_0094.jpg,meningioma,1,1,meningioma,0.62133443
D:\Major project\Testing\meningioma\Te-me_0095.jpg,meningioma,1,1,meningioma,0.62478554
D:\Major project\Testing\meningioma\Te-me_0096.jpg,meningioma,1,1,meningioma,0.58513075
D:\Major project\Testing\meningioma\Te-me_0097.jpg,meningioma,1,1,meningioma,0.624094
D:\Major project\Testing\meningioma\Te-me_0098.jpg,meningioma,1,1,meningioma,0.62403387
D:\Major project\Testing\meningioma\Te-me_0099.jpg,meningioma,1,2,notumor,0.43146706
D:\Major project\Testing\meningioma\Te-me_0100.jpg,meningioma,1,1,meningioma,0.590591
D:\Major project\Testing\meningioma\Te-me_0101.jpg,meningioma,1,1,meningioma,0.62098485
D:\Major project\Testing\meningioma\Te-me_0102.jpg,meningioma,1,1,meningioma,0.60149336
D:\Major project\Testing\meningioma\Te-me_0103.jpg,meningioma,1,1,meningioma,0.61738694
D:\Major project\Testing\meningioma\Te-me_0104.jpg,meningioma,1,1,meningioma,0.62444764
D:\Major project\Testing\meningioma\Te-me_0105.jpg,meningioma,1,2,notumor,0.58969355
D:\Major project\Testing\meningioma\Te-me_0106.jpg,meningioma,1,1,meningioma,0.60425764
D:\Major project\Testing\meningioma\Te-me_0107.jpg,meningioma,1,1,meningioma,0.62316334
D:\Major project\Testing\meningioma\Te-me_0108.jpg,meningioma,1,1,meningioma,0.5196676
D:\Major project\Testing\meningioma\Te-me_0109.jpg,meningioma,1,1,meningioma,0.62432086
D:\Major project\Testing\meningioma\Te-me_0110.jpg,meningioma,1,1,meningioma,0.564597
D:\Major project\Testing\meningioma\Te-me_0111.jpg,meningioma,1,1,meningioma,0.38322836
D:\Major project\Testing\meningioma\Te-me_0112.jpg,meningioma,1,1,meningioma,0.55656505
D:\Major project\Testing\meningioma\Te-me_0113.jpg,meningioma,1,1,meningioma,0.4662419
D:\Major project\Testing\meningioma\Te-me_0114.jpg,meningioma,1,1,meningioma,0.6180469
D:\Major project\Testing\meningioma\Te-me_0115.jpg,meningioma,1,1,meningioma,0.5437123
D:\Major project\Testing\meningioma\Te-me_0116.jpg,meningioma,1,3,pituitary,0.33007523
D:\Major project\Testing\meningioma\Te-me_0117.jpg,meningioma,1,1,meningioma,0.6202411
D:\Major project\Testing\meningioma\Te-me_0118.jpg,meningioma,1,1,meningioma,0.5714036
D:\Major project\Testing\meningioma\Te-me_0119.jpg,meningioma,1,1,meningioma,0.62460655
D:\Major project\Testing\meningioma\Te-me_0120.jpg,meningioma,1,1,meningioma,0.6089398
D:\Major project\Testing\meningioma\Te-me_0121.jpg,meningioma,1,1,meningioma,0.62085754
D:\Major project\Testing\meningioma\Te-me_0122.jpg,meningioma,1,1,meningioma,0.617631
D:\Major project\Testing\meningioma\Te-me_0123.jpg,meningioma,1,1,meningioma,0.59865993
D:\Major project\Testing\meningioma\Te-me_0124.jpg,meningioma,1,1,meningioma,0.5882703
D:\Major project\Testing\meningioma\Te-me_0125.jpg,meningioma,1,1,meningioma,0.62291723
D:\Major project\Testing\meningioma\Te-me_0126.jpg,meningioma,1,1,meningioma,0.6227131
D:\Major project\Testing\meningioma\Te-me_0127.jpg,meningioma,1,1,meningioma,0.62489575
D:\Major project\Testing\meningioma\Te-me_0128.jpg,meningioma,1,1,meningioma,0.58343977
D:\Major project\Testing\meningioma\Te-me_0129.jpg,meningioma,1,1,meningioma,0.624868
D:\Major project\Testing\meningioma\Te-me_0130.jpg,meningioma,1,1,meningioma,0.6245309
D:\Major project\Testing\meningioma\Te-me_0131.jpg,meningioma,1,1,meningioma,0.610455
D:\Major project\Testing\meningioma\Te-me_0132.jpg,meningioma,1,1,meningioma,0.6178987
D:\Major project\Testing\meningioma\Te-me_0133.jpg,meningioma,1,1,meningioma,0.62447757
D:\Major project\Testing\meningioma\Te-me_0134.jpg,meningioma,1,1,meningioma,0.6214266
D:\Major project\Testing\meningioma\Te-me_0135.jpg,meningioma,1,1,meningioma,0.62472075
D:\Major project\Testing\meningioma\Te-me_0136.jpg,meningioma,1,1,meningioma,0.5771412
D:\Major project\Testing\meningioma\Te-me_0137.jpg,meningioma,1,1,meningioma,0.6195083
D:\Major project\Testing\meningioma\Te-me_0138.jpg,meningioma,1,1,meningioma,0.6248266
D:\Major project\Testing\meningioma\Te-me_0139.jpg,meningioma,1,1,meningioma,0.6248564
D:\Major project\Testing\meningioma\Te-me_0140.jpg,meningioma,1,1,meningioma,0.5544887
D:\Major project\Testing\meningioma\Te-me_0141.jpg,meningioma,1,1,meningioma,0.5885665
D:\Major project\Testing\meningioma\Te-me_0142.jpg,meningioma,1,0,glioma,0.58213407
D:\Major project\Testing\meningioma\Te-me_0143.jpg,meningioma,1,1,meningioma,0.60425764
D:\Major project\Testing\meningioma\Te-me_0144.jpg,meningioma,1,1,meningioma,0.624695
D:\Major project\Testing\meningioma\Te-me_0145.jpg,meningioma,1,1,meningioma,0.564597
D:\Major project\Testing\meningioma\Te-me_0146.jpg,meningioma,1,1,meningioma,0.52276754
D:\Major project\Testing\meningioma\Te-me_0147.jpg,meningioma,1,1,meningioma,0.62486404
D:\Major project\Testing\meningioma\Te-me_0148.jpg,meningioma,1,1,meningioma,0.5669524
D:\Major project\Testing\meningioma\Te-me_0149.jpg,meningioma,1,1,meningioma,0.6241904
D:\Major project\Testing\meningioma\Te-me_0150.jpg,meningioma,1,1,meningioma,0.62308013
D:\Major project\Testing\meningioma\Te-me_0151.jpg,meningioma,1,1,meningioma,0.6234509
D:\Major project\Testing\meningioma\Te-me_0152.jpg,meningioma,1,1,meningioma,0.61813885
D:\Major project\Testing\meningioma\Te-me_0153.jpg,meningioma,1,1,meningioma,0.62391835
D:\Major project\Testing\meningioma\Te-me_0154.jpg,meningioma,1,1,meningioma,0.62439644
D:\Major project\Testing\meningioma\Te-me_0155.jpg,meningioma,1,1,meningioma,0.62486434
D:\Major project\Testing\meningioma\Te-me_0156.jpg,meningioma,1,1,meningioma,0.5177654
D:\Major project\Testing\meningioma\Te-me_0157.jpg,meningioma,1,1,meningioma,0.62456775
D:\Major project\Testing\meningioma\Te-me_0158.jpg,meningioma,1,1,meningioma,0.62293833
D:\Major project\Testing\meningioma\Te-me_0159.jpg,meningioma,1,1,meningioma,0.61982346
D:\Major project\Testing\meningioma\Te-me_0160.jpg,meningioma,1,1,meningioma,0.61316556
D:\Major project\Testing\meningioma\Te-me_0161.jpg,meningioma,1,1,meningioma,0.6238687
D:\Major project\Testing\meningioma\Te-me_0162.jpg,meningioma,1,1,meningioma,0.61930776
D:\Major project\Testing\meningioma\Te-me_0163.jpg,meningioma,1,1,meningioma,0.47082874
D:\Major project\Testing\meningioma\Te-me_0164.jpg,meningioma,1,1,meningioma,0.5022164
D:\Major project\Testing\meningioma\Te-me_0165.jpg,meningioma,1,1,meningioma,0.5683635
D:\Major project\Testing\meningioma\Te-me_0166.jpg,meningioma,1,1,meningioma,0.60767317
D:\Major project\Testing\meningioma\Te-me_0167.jpg,meningioma,1,1,meningioma,0.6239927
D:\Major project\Testing\meningioma\Te-me_0168.jpg,meningioma,1,1,meningioma,0.624377
D:\Major project\Testing\meningioma\Te-me_0169.jpg,meningioma,1,1,meningioma,0.6231149
D:\Major project\Testing\meningioma\Te-me_0170.jpg,meningioma,1,1,meningioma,0.5368453
D:\Major project\Testing\meningioma\Te-me_0171.jpg,meningioma,1,1,meningioma,0.62136966
D:\Major project\Testing\meningioma\Te-me_0172.jpg,meningioma,1,1,meningioma,0.6248597
D:\Major project\Testing\meningioma\Te-me_0173.jpg,meningioma,1,1,meningioma,0.6226966
D:\Major project\Testing\meningioma\Te-me_0174.jpg,meningioma,1,1,meningioma,0.6229376
D:\Major project\Testing\meningioma\Te-me_0175.jpg,meningioma,1,1,meningioma,0.6244514
D:\Major project\Testing\meningioma\Te-me_0176.jpg,meningioma,1,1,meningioma,0.6244876
D:\Major project\Testing\meningioma\Te-me_0177.jpg,meningioma,1,1,meningioma,0.6211433
D:\Major project\Testing\meningioma\Te-me_0178.jpg,meningioma,1,0,glioma,0.48595792
D:\Major project\Testing\meningioma\Te-me_0179.jpg,meningioma,1,1,meningioma,0.6232509
D:\Major project\Testing\meningioma\Te-me_0180.jpg,meningioma,1,1,meningioma,0.6248047
D:\Major project\Testing\meningioma\Te-me_0181.jpg,meningioma,1,1,meningioma,0.62224734
D:\Major project\Testing\meningioma\Te-me_0182.jpg,meningioma,1,1,meningioma,0.6238019
D:\Major project\Testing\meningioma\Te-me_0183.jpg,meningioma,1,1,meningioma,0.6245143
D:\Major project\Testing\meningioma\Te-me_0184.jpg,meningioma,1,1,meningioma,0.62430716
D:\Major project\Testing\meningioma\Te-me_0185.jpg,meningioma,1,1,meningioma,0.61891115
D:\Major project\Testing\meningioma\Te-me_0186.jpg,meningioma,1,1,meningioma,0.61549497
D:\Major project\Testing\meningioma\Te-me_0187.jpg,meningioma,1,1,meningioma,0.5519726
D:\Major project\Testing\meningioma\Te-me_0188.jpg,meningioma,1,1,meningioma,0.6232063
D:\Major project\Testing\meningioma\Te-me_0189.jpg,meningioma,1,1,meningioma,0.48276833
D:\Major project\Testing\meningioma\Te-me_0190.jpg,meningioma,1,1,meningioma,0.62429863
D:\Major project\Testing\meningioma\Te-me_0191.jpg,meningioma,1,1,meningioma,0.62405545
D:\Major project\Testing\meningioma\Te-me_0192.jpg,meningioma,1,1,meningioma,0.62388325
D:\Major project\Testing\meningioma\Te-me_0193.jpg,meningioma,1,3,pituitary,0.55800956
D:\Major project\Testing\meningioma\Te-me_0194.jpg,meningioma,1,1,meningioma,0.6139812
D:\Major project\Testing\meningioma\Te-me_0195.jpg,meningioma,1,1,meningioma,0.62473494
D:\Major project\Testing\meningioma\Te-me_0196.jpg,meningioma,1,1,meningioma,0.60159224
D:\Major project\Testing\meningioma\Te-me_0197.jpg,meningioma,1,1,meningioma,0.62167853
D:\Major project\Testing\meningioma\Te-me_0198.jpg,meningioma,1,1,meningioma,0.6143449
D:\Major project\Testing\meningioma\Te-me_0199.jpg,meningioma,1,1,meningioma,0.62481403
D:\Major project\Testing\meningioma\Te-me_0200.jpg,meningioma,1,1,meningioma,0.62464684
D:\Major project\Testing\meningioma\Te-me_0201.jpg,meningioma,1,1,meningioma,0.6245628
D:\Major project\Testing\meningioma\Te-me_0202.jpg,meningioma,1,1,meningioma,0.6142193
D:\Major project\Testing\meningioma\Te-me_0203.jpg,meningioma,1,1,meningioma,0.62379944
D:\Major project\Testing\meningioma\Te-me_0204.jpg,meningioma,1,1,meningioma,0.53989434
D:\Major project\Testing\meningioma\Te-me_0205.jpg,meningioma,1,1,meningioma,0.6212333
D:\Major project\Testing\meningioma\Te-me_0206.jpg,meningioma,1,1,meningioma,0.6248867
D:\Major project\Testing\meningioma\Te-me_0207.jpg,meningioma,1,1,meningioma,0.43628663
D:\Major project\Testing\meningioma\Te-me_0208.jpg,meningioma,1,1,meningioma,0.62406117
D:\Major project\Testing\meningioma\Te-me_0209.jpg,meningioma,1,1,meningioma,0.6246993
D:\Major project\Testing\meningioma\Te-me_0210.jpg,meningioma,1,1,meningioma,0.62482494
D:\Major project\Testing\meningioma\Te-me_0211.jpg,meningioma,1,1,meningioma,0.6248503
D:\Major project\Testing\meningioma\Te-me_0212.jpg,meningioma,1,1,meningioma,0.6245532
D:\Major project\Testing\meningioma\Te-me_0213.jpg,meningioma,1,1,meningioma,0.6237758
D:\Major project\Testing\meningioma\Te-me_0214.jpg,meningioma,1,1,meningioma,0.624745
D:\Major project\Testing\meningioma\Te-me_0215.jpg,meningioma,1,1,meningioma,0.6190671
D:\Major project\Testing\meningioma\Te-me_0216.jpg,meningioma,1,1,meningioma,0.60878843
D:\Major project\Testing\meningioma\Te-me_0217.jpg,meningioma,1,1,meningioma,0.614064
D:\Major project\Testing\meningioma\Te-me_0218.jpg,meningioma,1,1,meningioma,0.45979083
D:\Major project\Testing\meningioma\Te-me_0219.jpg,meningioma,1,1,meningioma,0.62448
D:\Major project\Testing\meningioma\Te-me_0220.jpg,meningioma,1,1,meningioma,0.6248772
D:\Major project\Testing\meningioma\Te-me_0221.jpg,meningioma,1,1,meningioma,0.6192048
D:\Major project\Testing\meningioma\Te-me_0222.jpg,meningioma,1,1,meningioma,0.61292505
D:\Major project\Testing\meningioma\Te-me_0223.jpg,meningioma,1,1,meningioma,0.59047574
D:\Major project\Testing\meningioma\Te-me_0224.jpg,meningioma,1,1,meningioma,0.6144624
D:\Major project\Testing\meningioma\Te-me_0225.jpg,meningioma,1,1,meningioma,0.62323153
D:\Major project\Testing\meningioma\Te-me_0226.jpg,meningioma,1,1,meningioma,0.60204893
D:\Major project\Testing\meningioma\Te-me_0227.jpg,meningioma,1,0,glioma,0.3755785
D:\Major project\Testing\meningioma\Te-me_0228.jpg,meningioma,1,1,meningioma,0.57914615
D:\Major project\Testing\meningioma\Te-me_0229.jpg,meningioma,1,1,meningioma,0.5993157
D:\Major project\Testing\meningioma\Te-me_0230.jpg,meningioma,1,1,meningioma,0.60298586
D:\Major project\Testing\meningioma\Te-me_0231.jpg,meningioma,1,1,meningioma,0.62283176
D:\Major project\Testing\meningioma\Te-me_0232.jpg,meningioma,1,1,meningioma,0.5924649
D:\Major project\Testing\meningioma\Te-me_0233.jpg,meningioma,1,1,meningioma,0.5884843
D:\Major project\Testing\meningioma\Te-me_0234.jpg,meningioma,1,1,meningioma,0.60200375
D:\Major project\Testing\meningioma\Te-me_0235.jpg,meningioma,1,1,meningioma,0.6209641
D:\Major project\Testing\meningioma\Te-me_0236.jpg,meningioma,1,1,meningioma,0.47314146
D:\Major project\Testing\meningioma\Te-me_0237.jpg,meningioma,1,1,meningioma,0.5252028
D:\Major project\Testing\meningioma\Te-me_0238.jpg,meningioma,1,1,meningioma,0.6242104
D:\Major project\Testing\meningioma\Te-me_0239.jpg,meningioma,1,1,meningioma,0.5947427
D:\Major project\Testing\meningioma\Te-me_0240.jpg,meningioma,1,1,meningioma,0.62405217
D:\Major project\Testing\meningioma\Te-me_0241.jpg,meningioma,1,1,meningioma,0.60188097
D:\Major project\Testing\meningioma\Te-me_0242.jpg,meningioma,1,1,meningioma,0.56232494
D:\Major project\Testing\meningioma\Te-me_0243.jpg,meningioma,1,1,meningioma,0.6143338
D:\Major project\Testing\meningioma\Te-me_0244.jpg,meningioma,1,1,meningioma,0.61355686
D:\Major project\Testing\meningioma\Te-me_0245.jpg,meningioma,1,1,meningioma,0.6239965
D:\Major project\Testing\meningioma\Te-me_0246.jpg,meningioma,1,1,meningioma,0.6193588
D:\Major project\Testing\meningioma\Te-me_0247.jpg,meningioma,1,1,meningioma,0.5605718
D:\Major project\Testing\meningioma\Te-me_0248.jpg,meningioma,1,1,meningioma,0.6230556
D:\Major project\Testing\meningioma\Te-me_0249.jpg,meningioma,1,0,glioma,0.5629017
D:\Major project\Testing\meningioma\Te-me_0250.jpg,meningioma,1,1,meningioma,0.5999063
D:\Major project\Testing\meningioma\Te-me_0251.jpg,meningioma,1,1,meningioma,0.62349147
D:\Major project\Testing\meningioma\Te-me_0252.jpg,meningioma,1,1,meningioma,0.62339807
D:\Major project\Testing\meningioma\Te-me_0253.jpg,meningioma,1,1,meningioma,0.49979043
D:\Major project\Testing\meningioma\Te-me_0254.jpg,meningioma,1,1,meningioma,0.617891
D:\Major project\Testing\meningioma\Te-me_0255.jpg,meningioma,1,1,meningioma,0.62276965
D:\Major project\Testing\meningioma\Te-me_0256.jpg,meningioma,1,1,meningioma,0.6204079
D:\Major project\Testing\meningioma\Te-me_0257.jpg,meningioma,1,1,meningioma,0.6182782
D:\Major project\Testing\meningioma\Te-me_0258.jpg,meningioma,1,1,meningioma,0.56831414
D:\Major project\Testing\meningioma\Te-me_0259.jpg,meningioma,1,1,meningioma,0.4641388
D:\Major project\Testing\meningioma\Te-me_0260.jpg,meningioma,1,1,meningioma,0.6069415
D:\Major project\Testing\meningioma\Te-me_0261.jpg,meningioma,1,1,meningioma,0.62138283
D:\Major project\Testing\meningioma\Te-me_0262.jpg,meningioma,1,1,meningioma,0.6222708
D:\Major project\Testing\meningioma\Te-me_0263.jpg,meningioma,1,1,meningioma,0.62129897
D:\Major project\Testing\meningioma\Te-me_0264.jpg,meningioma,1,1,meningioma,0.51866883
D:\Major project\Testing\meningioma\Te-me_0265.jpg,meningioma,1,1,meningioma,0.6198232
D:\Major project\Testing\meningioma\Te-me_0266.jpg,meningioma,1,1,meningioma,0.49994493
D:\Major project\Testing\meningioma\Te-me_0267.jpg,meningioma,1,1,meningioma,0.62281406
D:\Major project\Testing\meningioma\Te-me_0268.jpg,meningioma,1,1,meningioma,0.6037032
D:\Major project\Testing\meningioma\Te-me_0269.jpg,meningioma,1,1,meningioma,0.6234036
D:\Major project\Testing\meningioma\Te-me_0270.jpg,meningioma,1,1,meningioma,0.48879266
D:\Major project\Testing\meningioma\Te-me_0271.jpg,meningioma,1,1,meningioma,0.53918725
D:\Major project\Testing\meningioma\Te-me_0272.jpg,meningioma,1,1,meningioma,0.58952284
D:\Major project\Testing\meningioma\Te-me_0273.jpg,meningioma,1,1,meningioma,0.6240322
D:\Major project\Testing\meningioma\Te-me_0274.jpg,meningioma,1,1,meningioma,0.623936
D:\Major project\Testing\meningioma\Te-me_0275.jpg,meningioma,1,1,meningioma,0.6223048
D:\Major project\Testing\meningioma\Te-me_0276.jpg,meningioma,1,1,meningioma,0.6248451
D:\Major project\Testing\meningioma\Te-me_0277.jpg,meningioma,1,1,meningioma,0.41127908
D:\Major project\Testing\meningioma\Te-me_0278.jpg,meningioma,1,1,meningioma,0.6002481
D:\Major project\Testing\meningioma\Te-me_0279.jpg,meningioma,1,1,meningioma,0.5646961
D:\Major project\Testing\meningioma\Te-me_0280.jpg,meningioma,1,1,meningioma,0.6160357
D:\Major project\Testing\meningioma\Te-me_0281.jpg,meningioma,1,1,meningioma,0.62333107
D:\Major project\Testing\meningioma\Te-me_0282.jpg,meningioma,1,1,meningioma,0.62473756
D:\Major project\Testing\meningioma\Te-me_0283.jpg,meningioma,1,1,meningioma,0.5564992
D:\Major project\Testing\meningioma\Te-me_0284.jpg,meningioma,1,1,meningioma,0.6238792
D:\Major project\Testing\meningioma\Te-me_0285.jpg,meningioma,1,1,meningioma,0.612868
D:\Major project\Testing\meningioma\Te-me_0286.jpg,meningioma,1,1,meningioma,0.6205288
D:\Major project\Testing\meningioma\Te-me_0287.jpg,meningioma,1,3,pituitary,0.56452197
D:\Major project\Testing\meningioma\Te-me_0288.jpg,meningioma,1,1,meningioma,0.5958214
D:\Major project\Testing\meningioma\Te-me_0289.jpg,meningioma,1,1,meningioma,0.6190934
D:\Major project\Testing\meningioma\Te-me_0290.jpg,meningioma,1,1,meningioma,0.6244428
D:\Major project\Testing\meningioma\Te-me_0291.jpg,meningioma,1,1,meningioma,0.6245151
D:\Major project\Testing\meningioma\Te-me_0292.jpg,meningioma,1,3,pituitary,0.5898843
D:\Major project\Testing\meningioma\Te-me_0293.jpg,meningioma,1,1,meningioma,0.6086214
D:\Major project\Testing\meningioma\Te-me_0294.jpg,meningioma,1,1,meningioma,0.621406
D:\Major project\Testing\meningioma\Te-me_0295.jpg,meningioma,1,1,meningioma,0.62277234
D:\Major project\Testing\meningioma\Te-me_0296.jpg,meningioma,1,1,meningioma,0.55651027
D:\Major project\Testing\meningioma\Te-me_0297.jpg,meningioma,1,1,meningioma,0.55897236
D:\Major project\Testing\meningioma\Te-me_0298.jpg,meningioma,1,1,meningioma,0.6200485
D:\Major project\Testing\meningioma\Te-me_0299.jpg,meningioma,1,1,meningioma,0.604678
D:\Major project\Testing\meningioma\Te-me_0300.jpg,meningioma,1,1,meningioma,0.5843128
D:\Major project\Testing\meningioma\Te-me_0301.jpg,meningioma,1,1,meningioma,0.6218268
D:\Major project\Testing\meningioma\Te-me_0302.jpg,meningioma,1,1,meningioma,0.6246572
D:\Major project\Testing\meningioma\Te-me_0303.jpg,meningioma,1,1,meningioma,0.6248905
D:\Major project\Testing\meningioma\Te-me_0304.jpg,meningioma,1,1,meningioma,0.5975988
D:\Major project\Testing\meningioma\Te-me_0305.jpg,meningioma,1,1,meningioma,0.61801696
D:\Major project\Testing\notumor\Te-noTr_0000.jpg,notumor,2,2,notumor,0.5981217
D:\Major project\Testing\notumor\Te-noTr_0001.jpg,notumor,2,2,notumor,0.62461436
D:\Major project\Testing\notumor\Te-noTr_0002.jpg,notumor,2,2,notumor,0.6246192
D:\Major project\Testing\notumor\Te-noTr_0003.jpg,notumor,2,2,notumor,0.6245254
D:\Major project\Testing\notumor\Te-noTr_0004.jpg,notumor,2,2,notumor,0.62403417
D:\Major project\Testing\notumor\Te-noTr_0005.jpg,notumor,2,2,notumor,0.62453055
D:\Major project\Testing\notumor\Te-noTr_0006.jpg,notumor,2,2,notumor,0.58652693
D:\Major project\Testing\notumor\Te-noTr_0007.jpg,notumor,2,2,notumor,0.62461585
D:\Major project\Testing\notumor\Te-noTr_0008.jpg,notumor,2,2,notumor,0.6245619
D:\Major project\Testing\notumor\Te-noTr_0009.jpg,notumor,2,2,notumor,0.6245239
D:\Major project\Testing\notumor\Te-no_0010.jpg,notumor,2,2,notumor,0.6246025
D:\Major project\Testing\notumor\Te-no_0011.jpg,notumor,2,2,notumor,0.62423956
D:\Major project\Testing\notumor\Te-no_0012.jpg,notumor,2,2,notumor,0.62444913
D:\Major project\Testing\notumor\Te-no_0013.jpg,notumor,2,2,notumor,0.62461144
D:\Major project\Testing\notumor\Te-no_0014.jpg,notumor,2,2,notumor,0.6246162
D:\Major project\Testing\notumor\Te-no_0015.jpg,notumor,2,2,notumor,0.60836774
D:\Major project\Testing\notumor\Te-no_0016.jpg,notumor,2,2,notumor,0.6246184
D:\Major project\Testing\notumor\Te-no_0017.jpg,notumor,2,2,notumor,0.62358123
D:\Major project\Testing\notumor\Te-no_0018.jpg,notumor,2,2,notumor,0.6242333
D:\Major project\Testing\notumor\Te-no_0019.jpg,notumor,2,2,notumor,0.62456495
D:\Major project\Testing\notumor\Te-no_0020.jpg,notumor,2,2,notumor,0.6226523
D:\Major project\Testing\notumor\Te-no_0021.jpg,notumor,2,2,notumor,0.6240359
D:\Major project\Testing\notumor\Te-no_0022.jpg,notumor,2,2,notumor,0.61948067
D:\Major project\Testing\notumor\Te-no_0023.jpg,notumor,2,2,notumor,0.62396383
D:\Major project\Testing\notumor\Te-no_0024.jpg,notumor,2,2,notumor,0.58314586
D:\Major project\Testing\notumor\Te-no_0025.jpg,notumor,2,2,notumor,0.62451285
D:\Major project\Testing\notumor\Te-no_0026.jpg,notumor,2,2,notumor,0.62451935
D:\Major project\Testing\notumor\Te-no_0027.jpg,notumor,2,2,notumor,0.6235276
D:\Major project\Testing\notumor\Te-no_0028.jpg,notumor,2,2,notumor,0.621661
D:\Major project\Testing\notumor\Te-no_0029.jpg,notumor,2,1,meningioma,0.3219046
D:\Major project\Testing\notumor\Te-no_0030.jpg,notumor,2,2,notumor,0.62457067
D:\Major project\Testing\notumor\Te-no_0031.jpg,notumor,2,2,notumor,0.62461436
D:\Major project\Testing\notumor\Te-no_0032.jpg,notumor,2,2,notumor,0.62460977
D:\Major project\Testing\notumor\Te-no_0033.jpg,notumor,2,2,notumor,0.5988707
D:\Major project\Testing\notumor\Te-no_0034.jpg,notumor,2,2,notumor,0.62460476
D:\Major project\Testing\notumor\Te-no_0035.jpg,notumor,2,2,notumor,0.6129712
D:\Major project\Testing\notumor\Te-no_0036.jpg,notumor,2,2,notumor,0.62447536
D:\Major project\Testing\notumor\Te-no_0037.jpg,notumor,2,2,notumor,0.6244346
D:\Major project\Testing\notumor\Te-no_0038.jpg,notumor,2,2,notumor,0.6193287
D:\Major project\Testing\notumor\Te-no_0039.jpg,notumor,2,2,notumor,0.6246175
D:\Major project\Testing\notumor\Te-no_0040.jpg,notumor,2,2,notumor,0.6243988
D:\Major project\Testing\notumor\Te-no_0041.jpg,notumor,2,2,notumor,0.6242765
D:\Major project\Testing\notumor\Te-no_0042.jpg,notumor,2,2,notumor,0.62461966
D:\Major project\Testing\notumor\Te-no_0043.jpg,notumor,2,2,notumor,0.6243625
D:\Major project\Testing\notumor\Te-no_0044.jpg,notumor,2,2,notumor,0.62444913
D:\Major project\Testing\notumor\Te-no_0045.jpg,notumor,2,2,notumor,0.62358963
D:\Major project\Testing\notumor\Te-no_0046.jpg,notumor,2,2,notumor,0.62448466
D:\Major project\Testing\notumor\Te-no_0047.jpg,notumor,2,2,notumor,0.6243927
D:\Major project\Testing\notumor\Te-no_0048.jpg,notumor,2,2,notumor,0.62423956
D:\Major project\Testing\notumor\Te-no_0049.jpg,notumor,2,2,notumor,0.6226605
D:\Major project\Testing\notumor\Te-no_0050.jpg,notumor,2,2,notumor,0.62358963
D:\Major project\Testing\notumor\Te-no_0051.jpg,notumor,2,2,notumor,0.6240433
D:\Major project\Testing\notumor\Te-no_0052.jpg,notumor,2,2,notumor,0.6243988
D:\Major project\Testing\notumor\Te-no_0053.jpg,notumor,2,2,notumor,0.62423956
D:\Major project\Testing\notumor\Te-no_0054.jpg,notumor,2,2,notumor,0.62358963
D:\Major project\Testing\notumor\Te-no_0055.jpg,notumor,2,2,notumor,0.62444913
D:\Major project\Testing\notumor\Te-no_0056.jpg,notumor,2,2,notumor,0.62429106
D:\Major project\Testing\notumor\Te-no_0057.jpg,notumor,2,2,notumor,0.62459856
D:\Major project\Testing\notumor\Te-no_0058.jpg,notumor,2,2,notumor,0.6200285
D:\Major project\Testing\notumor\Te-no_0059.jpg,notumor,2,2,notumor,0.62461865
D:\Major project\Testing\notumor\Te-no_0060.jpg,notumor,2,2,notumor,0.6244617
D:\Major project\Testing\notumor\Te-no_0061.jpg,notumor,2,2,notumor,0.62444913
D:\Major project\Testing\notumor\Te-no_0062.jpg,notumor,2,2,notumor,0.62456495
D:\Major project\Testing\notumor\Te-no_0063.jpg,notumor,2,2,notumor,0.6245704
D:\Major project\Testing\notumor\Te-no_0064.jpg,notumor,2,2,notumor,0.6245733
D:\Major project\Testing\notumor\Te-no_0065.jpg,notumor,2,2,notumor,0.62457067
D:\Major project\Testing\notumor\Te-no_0066.jpg,notumor,2,2,notumor,0.62446237
D:\Major project\Testing\notumor\Te-no_0067.jpg,notumor,2,2,notumor,0.62461436
D:\Major project\Testing\notumor\Te-no_0068.jpg,notumor,2,2,notumor,0.62423956
D:\Major project\Testing\notumor\Te-no_0069.jpg,notumor,2,1,meningioma,0.3219046
D:\Major project\Testing\notumor\Te-no_0070.jpg,notumor,2,2,notumor,0.6242333
D:\Major project\Testing\notumor\Te-no_0071.jpg,notumor,2,2,notumor,0.62285244
D:\Major project\Testing\notumor\Te-no_0072.jpg,notumor,2,2,notumor,0.6240359
D:\Major project\Testing\notumor\Te-no_0073.jpg,notumor,2,2,notumor,0.62456495
D:\Major project\Testing\notumor\Te-no_0074.jpg,notumor,2,2,notumor,0.62392884
D:\Major project\Testing\notumor\Te-no_0075.jpg,notumor,2,2,notumor,0.61948067
D:\Major project\Testing\notumor\Te-no_0076.jpg,notumor,2,2,notumor,0.6240779
D:\Major project\Testing\notumor\Te-no_0077.jpg,notumor,2,2,notumor,0.6243927
D:\Major project\Testing\notumor\Te-no_0078.jpg,notumor,2,2,notumor,0.6245886
D:\Major project\Testing\notumor\Te-no_0079.jpg,notumor,2,2,notumor,0.5817038
D:\Major project\Testing\notumor\Te-no_0080.jpg,notumor,2,2,notumor,0.6246183
D:\Major project\Testing\notumor\Te-no_0081.jpg,notumor,2,2,notumor,0.6129712
D:\Major project\Testing\notumor\Te-no_0082.jpg,notumor,2,2,notumor,0.6235333
D:\Major project\Testing\notumor\Te-no_0083.jpg,notumor,2,2,notumor,0.62458915
D:\Major project\Testing\notumor\Te-no_0084.jpg,notumor,2,2,notumor,0.62461436
D:\Major project\Testing\notumor\Te-no_0085.jpg,notumor,2,2,notumor,0.6221767
D:\Major project\Testing\notumor\Te-no_0086.jpg,notumor,2,2,notumor,0.62434256
D:\Major project\Testing\notumor\Te-no_0087.jpg,notumor,2,2,notumor,0.62423956
D:\Major project\Testing\notumor\Te-no_0088.jpg,notumor,2,2,notumor,0.62461585
D:\Major project\Testing\notumor\Te-no_0089.jpg,notumor,2,2,notumor,0.62377024
D:\Major project\Testing\notumor\Te-no_0090.jpg,notumor,2,2,notumor,0.5973561
D:\Major project\Testing\notumor\Te-no_0091.jpg,notumor,2,2,notumor,0.6246204
D:\Major project\Testing\notumor\Te-no_0092.jpg,notumor,2,2,notumor,0.62111163
D:\Major project\Testing\notumor\Te-no_0093.jpg,notumor,2,2,notumor,0.62458915
D:\Major project\Testing\notumor\Te-no_0094.jpg,notumor,2,2,notumor,0.6167978
D:\Major project\Testing\notumor\Te-no_0095.jpg,notumor,2,2,notumor,0.6245132
D:\Major project\Testing\notumor\Te-no_0096.jpg,notumor,2,2,notumor,0.6245409
D:\Major project\Testing\notumor\Te-no_0097.jpg,notumor,2,2,notumor,0.624249
D:\Major project\Testing\notumor\Te-no_0098.jpg,notumor,2,2,notumor,0.6000397
D:\Major project\Testing\notumor\Te-no_0099.jpg,notumor,2,2,notumor,0.61714923
D:\Major project\Testing\notumor\Te-no_0100.jpg,notumor,2,2,notumor,0.62441015
D:\Major project\Testing\notumor\Te-no_0101.jpg,notumor,2,2,notumor,0.60153705
D:\Major project\Testing\notumor\Te-no_0102.jpg,notumor,2,2,notumor,0.624617
D:\Major project\Testing\notumor\Te-no_0103.jpg,notumor,2,2,notumor,0.62459564
D:\Major project\Testing\notumor\Te-no_0104.jpg,notumor,2,1,meningioma,0.4502829
D:\Major project\Testing\notumor\Te-no_0105.jpg,notumor,2,2,notumor,0.6238354
D:\Major project\Testing\notumor\Te-no_0106.jpg,notumor,2,2,notumor,0.62462175
D:\Major project\Testing\notumor\Te-no_0107.jpg,notumor,2,2,notumor,0.6246172
D:\Major project\Testing\notumor\Te-no_0108.jpg,notumor,2,2,notumor,0.62447524
D:\Major project\Testing\notumor\Te-no_0109.jpg,notumor,2,2,notumor,0.6246209
D:\Major project\Testing\notumor\Te-no_0110.jpg,notumor,2,2,notumor,0.62457234
D:\Major project\Testing\notumor\Te-no_0111.jpg,notumor,2,2,notumor,0.6245141
D:\Major project\Testing\notumor\Te-no_0112.jpg,notumor,2,2,notumor,0.62429893
D:\Major project\Testing\notumor\Te-no_0113.jpg,notumor,2,2,notumor,0.6245863
D:\Major project\Testing\notumor\Te-no_0114.jpg,notumor,2,2,notumor,0.62462246
D:\Major project\Testing\notumor\Te-no_0115.jpg,notumor,2,2,notumor,0.6246238
D:\Major project\Testing\notumor\Te-no_0116.jpg,notumor,2,2,notumor,0.6246184
D:\Major project\Testing\notumor\Te-no_0117.jpg,notumor,2,2,notumor,0.62460244
D:\Major project\Testing\notumor\Te-no_0118.jpg,notumor,2,2,notumor,0.623417
D:\Major project\Testing\notumor\Te-no_0119.jpg,notumor,2,2,notumor,0.62460923
D:\Major project\Testing\notumor\Te-no_0120.jpg,notumor,2,2,notumor,0.62451726
D:\Major project\Testing\notumor\Te-no_0121.jpg,notumor,2,2,notumor,0.62441206
D:\Major project\Testing\notumor\Te-no_0122.jpg,notumor,2,2,notumor,0.62319434
D:\Major project\Testing\notumor\Te-no_0123.jpg,notumor,2,2,notumor,0.6245855
D:\Major project\Testing\notumor\Te-no_0124.jpg,notumor,2,2,notumor,0.6246099
D:\Major project\Testing\notumor\Te-no_0125.jpg,notumor,2,2,notumor,0.62451094
D:\Major project\Testing\notumor\Te-no_0126.jpg,notumor,2,2,notumor,0.62456
D:\Major project\Testing\notumor\Te-no_0127.jpg,notumor,2,2,notumor,0.6245886
D:\Major project\Testing\notumor\Te-no_0128.jpg,notumor,2,2,notumor,0.62459064
D:\Major project\Testing\notumor\Te-no_0129.jpg,notumor,2,2,notumor,0.6245826
D:\Major project\Testing\notumor\Te-no_0130.jpg,notumor,2,2,notumor,0.6246204
D:\Major project\Testing\notumor\Te-no_0131.jpg,notumor,2,2,notumor,0.6246079
D:\Major project\Testing\notumor\Te-no_0132.jpg,notumor,2,2,notumor,0.6246145
D:\Major project\Testing\notumor\Te-no_0133.jpg,notumor,2,2,notumor,0.62459743
D:\Major project\Testing\notumor\Te-no_0134.jpg,notumor,2,2,notumor,0.6244277
D:\Major project\Testing\notumor\Te-no_0135.jpg,notumor,2,2,notumor,0.6246036
D:\Major project\Testing\notumor\Te-no_0136.jpg,notumor,2,2,notumor,0.62462056
D:\Major project\Testing\notumor\Te-no_0137.jpg,notumor,2,2,notumor,0.6246155
D:\Major project\Testing\notumor\Te-no_0138.jpg,notumor,2,2,notumor,0.6246221
D:\Major project\Testing\notumor\Te-no_0139.jpg,notumor,2,2,notumor,0.62461364
D:\Major project\Testing\notumor\Te-no_0140.jpg,notumor,2,2,notumor,0.62460166
D:\Major project\Testing\notumor\Te-no_0141.jpg,notumor,2,2,notumor,0.6246208
D:\Major project\Testing\notumor\Te-no_0142.jpg,notumor,2,2,notumor,0.6246151
D:\Major project\Testing\notumor\Te-no_0143.jpg,notumor,2,2,notumor,0.6246212
D:\Major project\Testing\notumor\Te-no_0144.jpg,notumor,2,2,notumor,0.62462
D:\Major project\Testing\notumor\Te-no_0145.jpg,notumor,2,2,notumor,0.6246197
D:\Major project\Testing\notumor\Te-no_0146.jpg,notumor,2,2,notumor,0.62461764
D:\Major project\Testing\notumor\Te-no_0147.jpg,notumor,2,2,notumor,0.62449545
D:\Major project\Testing\notumor\Te-no_0148.jpg,notumor,2,2,notumor,0.6246117
D:\Major project\Testing\notumor\Te-no_0149.jpg,notumor,2,2,notumor,0.6244015
D:\Major project\Testing\notumor\Te-no_0150.jpg,notumor,2,2,notumor,0.6239393
D:\Major project\Testing\notumor\Te-no_0151.jpg,notumor,2,2,notumor,0.62462014
D:\Major project\Testing\notumor\Te-no_0152.jpg,notumor,2,2,notumor,0.6246227
D:\Major project\Testing\notumor\Te-no_0153.jpg,notumor,2,2,notumor,0.62460876
D:\Major project\Testing\notumor\Te-no_0154.jpg,notumor,2,2,notumor,0.6245662
D:\Major project\Testing\notumor\Te-no_0155.jpg,notumor,2,2,notumor,0.6245683
D:\Major project\Testing\notumor\Te-no_0156.jpg,notumor,2,2,notumor,0.6246075
D:\Major project\Testing\notumor\Te-no_0157.jpg,notumor,2,2,notumor,0.62462217
D:\Major project\Testing\notumor\Te-no_0158.jpg,notumor,2,2,notumor,0.62450284
D:\Major project\Testing\notumor\Te-no_0159.jpg,notumor,2,2,notumor,0.62462026
D:\Major project\Testing\notumor\Te-no_0160.jpg,notumor,2,2,notumor,0.62462294
D:\Major project\Testing\notumor\Te-no_0161.jpg,notumor,2,2,notumor,0.6246126
D:\Major project\Testing\notumor\Te-no_0162.jpg,notumor,2,2,notumor,0.62458193
D:\Major project\Testing\notumor\Te-no_0163.jpg,notumor,2,2,notumor,0.62461436
D:\Major project\Testing\notumor\Te-no_0164.jpg,notumor,2,2,notumor,0.6245952
D:\Major project\Testing\notumor\Te-no_0165.jpg,notumor,2,2,notumor,0.6246197
D:\Major project\Testing\notumor\Te-no_0166.jpg,notumor,2,2,notumor,0.624629
D:\Major project\Testing\notumor\Te-no_0167.jpg,notumor,2,2,notumor,0.62461966
D:\Major project\Testing\notumor\Te-no_0168.jpg,notumor,2,2,notumor,0.6245873
D:\Major project\Testing\notumor\Te-no_0169.jpg,notumor,2,2,notumor,0.6246227
D:\Major project\Testing\notumor\Te-no_0170.jpg,notumor,2,2,notumor,0.6245966
D:\Major project\Testing\notumor\Te-no_0171.jpg,notumor,2,2,notumor,0.62462527
D:\Major project\Testing\notumor\Te-no_0172.jpg,notumor,2,2,notumor,0.6245892
D:\Major project\Testing\notumor\Te-no_0173.jpg,notumor,2,2,notumor,0.6246179
D:\Major project\Testing\notumor\Te-no_0174.jpg,notumor,2,2,notumor,0.6245607
D:\Major project\Testing\notumor\Te-no_0175.jpg,notumor,2,2,notumor,0.62462646
D:\Major project\Testing\notumor\Te-no_0176.jpg,notumor,2,2,notumor,0.6246159
D:\Major project\Testing\notumor\Te-no_0177.jpg,notumor,2,2,notumor,0.62461615
D:\Major project\Testing\notumor\Te-no_0178.jpg,notumor,2,2,notumor,0.6245432
D:\Major project\Testing\notumor\Te-no_0179.jpg,notumor,2,2,notumor,0.6246202
D:\Major project\Testing\notumor\Te-no_0180.jpg,notumor,2,2,notumor,0.6246225
D:\Major project\Testing\notumor\Te-no_0181.jpg,notumor,2,2,notumor,0.62457585
D:\Major project\Testing\notumor\Te-no_0182.jpg,notumor,2,2,notumor,0.62462735
D:\Major project\Testing\notumor\Te-no_0183.jpg,notumor,2,2,notumor,0.62415874
D:\Major project\Testing\notumor\Te-no_0184.jpg,notumor,2,2,notumor,0.62405246
D:\Major project\Testing\notumor\Te-no_0185.jpg,notumor,2,2,notumor,0.62458843
D:\Major project\Testing\notumor\Te-no_0186.jpg,notumor,2,2,notumor,0.6245935
D:\Major project\Testing\notumor\Te-no_0187.jpg,notumor,2,2,notumor,0.624621
D:\Major project\Testing\notumor\Te-no_0188.jpg,notumor,2,2,notumor,0.6238503
D:\Major project\Testing\notumor\Te-no_0189.jpg,notumor,2,2,notumor,0.624614
D:\Major project\Testing\notumor\Te-no_0190.jpg,notumor,2,2,notumor,0.6246152
D:\Major project\Testing\notumor\Te-no_0191.jpg,notumor,2,2,notumor,0.62456006
D:\Major project\Testing\notumor\Te-no_0192.jpg,notumor,2,2,notumor,0.6246163
D:\Major project\Testing\notumor\Te-no_0193.jpg,notumor,2,2,notumor,0.62459457
D:\Major project\Testing\notumor\Te-no_0194.jpg,notumor,2,2,notumor,0.6245966
D:\Major project\Testing\notumor\Te-no_0195.jpg,notumor,2,2,notumor,0.62462014
D:\Major project\Testing\notumor\Te-no_0196.jpg,notumor,2,2,notumor,0.62442344
D:\Major project\Testing\notumor\Te-no_0197.jpg,notumor,2,2,notumor,0.62461674
D:\Major project\Testing\notumor\Te-no_0198.jpg,notumor,2,2,notumor,0.6246202
D:\Major project\Testing\notumor\Te-no_0199.jpg,notumor,2,2,notumor,0.6246083
D:\Major project\Testing\notumor\Te-no_0200.jpg,notumor,2,2,notumor,0.62462044
D:\Major project\Testing\notumor\Te-no_0201.jpg,notumor,2,2,notumor,0.62442815
D:\Major project\Testing\notumor\Te-no_0202.jpg,notumor,2,2,notumor,0.6246217
D:\Major project\Testing\notumor\Te-no_0203.jpg,notumor,2,2,notumor,0.62462
D:\Major project\Testing\notumor\Te-no_0204.jpg,notumor,2,2,notumor,0.62450045
D:\Major project\Testing\notumor\Te-no_0205.jpg,notumor,2,2,notumor,0.62461865
D:\Major project\Testing\notumor\Te-no_0206.jpg,notumor,2,2,notumor,0.6240303
D:\Major project\Testing\notumor\Te-no_0207.jpg,notumor,2,2,notumor,0.6246167
D:\Major project\Testing\notumor\Te-no_0208.jpg,notumor,2,2,notumor,0.6245698
D:\Major project\Testing\notumor\Te-no_0209.jpg,notumor,2,2,notumor,0.62453526
D:\Major project\Testing\notumor\Te-no_0210.jpg,notumor,2,2,notumor,0.62431955
D:\Major project\Testing\notumor\Te-no_0211.jpg,notumor,2,2,notumor,0.62417656
D:\Major project\Testing\notumor\Te-no_0212.jpg,notumor,2,2,notumor,0.62461615
D:\Major project\Testing\notumor\Te-no_0213.jpg,notumor,2,2,notumor,0.62461305
D:\Major project\Testing\notumor\Te-no_0214.jpg,notumor,2,2,notumor,0.62448853
D:\Major project\Testing\notumor\Te-no_0215.jpg,notumor,2,2,notumor,0.62461674
D:\Major project\Testing\notumor\Te-no_0216.jpg,notumor,2,2,notumor,0.6246165
D:\Major project\Testing\notumor\Te-no_0217.jpg,notumor,2,2,notumor,0.6246163
D:\Major project\Testing\notumor\Te-no_0218.jpg,notumor,2,2,notumor,0.62461406
D:\Major project\Testing\notumor\Te-no_0219.jpg,notumor,2,2,notumor,0.6243727
D:\Major project\Testing\notumor\Te-no_0220.jpg,notumor,2,2,notumor,0.6245903
D:\Major project\Testing\notumor\Te-no_0221.jpg,notumor,2,2,notumor,0.62460214
D:\Major project\Testing\notumor\Te-no_0222.jpg,notumor,2,2,notumor,0.624619
D:\Major project\Testing\notumor\Te-no_0223.jpg,notumor,2,2,notumor,0.62462014
D:\Major project\Testing\notumor\Te-no_0224.jpg,notumor,2,2,notumor,0.62460184
D:\Major project\Testing\notumor\Te-no_0225.jpg,notumor,2,2,notumor,0.62456906
D:\Major project\Testing\notumor\Te-no_0226.jpg,notumor,2,2,notumor,0.62458515
D:\Major project\Testing\notumor\Te-no_0227.jpg,notumor,2,2,notumor,0.62461674
D:\Major project\Testing\notumor\Te-no_0228.jpg,notumor,2,2,notumor,0.6215002
D:\Major project\Testing\notumor\Te-no_0229.jpg,notumor,2,2,notumor,0.6246257
D:\Major project\Testing\notumor\Te-no_0230.jpg,notumor,2,2,notumor,0.6246104
D:\Major project\Testing\notumor\Te-no_0231.jpg,notumor,2,2,notumor,0.62459695
D:\Major project\Testing\notumor\Te-no_0232.jpg,notumor,2,2,notumor,0.6246189
D:\Major project\Testing\notumor\Te-no_0233.jpg,notumor,2,2,notumor,0.6245801
D:\Major project\Testing\notumor\Te-no_0234.jpg,notumor,2,2,notumor,0.6245921
D:\Major project\Testing\notumor\Te-no_0235.jpg,notumor,2,2,notumor,0.624556
D:\Major project\Testing\notumor\Te-no_0236.jpg,notumor,2,2,notumor,0.6246176
D:\Major project\Testing\notumor\Te-no_0237.jpg,notumor,2,2,notumor,0.624419
D:\Major project\Testing\notumor\Te-no_0238.jpg,notumor,2,2,notumor,0.62455803
D:\Major project\Testing\notumor\Te-no_0239.jpg,notumor,2,2,notumor,0.62461376
D:\Major project\Testing\notumor\Te-no_0240.jpg,notumor,2,2,notumor,0.6246195
D:\Major project\Testing\notumor\Te-no_0241.jpg,notumor,2,2,notumor,0.62455666
D:\Major project\Testing\notumor\Te-no_0242.jpg,notumor,2,2,notumor,0.62460536
D:\Major project\Testing\notumor\Te-no_0243.jpg,notumor,2,2,notumor,0.62441903
D:\Major project\Testing\notumor\Te-no_0244.jpg,notumor,2,2,notumor,0.6245625
D:\Major project\Testing\notumor\Te-no_0245.jpg,notumor,2,2,notumor,0.62462115
D:\Major project\Testing\notumor\Te-no_0246.jpg,notumor,2,2,notumor,0.6246231
D:\Major project\Testing\notumor\Te-no_0247.jpg,notumor,2,2,notumor,0.6246221
D:\Major project\Testing\notumor\Te-no_0248.jpg,notumor,2,2,notumor,0.6246182
D:\Major project\Testing\notumor\Te-no_0249.jpg,notumor,2,2,notumor,0.6246178
D:\Major project\Testing\notumor\Te-no_0250.jpg,notumor,2,2,notumor,0.62460643
D:\Major project\Testing\notumor\Te-no_0251.jpg,notumor,2,2,notumor,0.6246211
D:\Major project\Testing\notumor\Te-no_0252.jpg,notumor,2,2,notumor,0.6245584
D:\Major project\Testing\notumor\Te-no_0253.jpg,notumor,2,2,notumor,0.62440294
D:\Major project\Testing\notumor\Te-no_0254.jpg,notumor,2,2,notumor,0.6244385
D:\Major project\Testing\notumor\Te-no_0255.jpg,notumor,2,2,notumor,0.6246099
D:\Major project\Testing\notumor\Te-no_0256.jpg,notumor,2,2,notumor,0.6246196
D:\Major project\Testing\notumor\Te-no_0257.jpg,notumor,2,2,notumor,0.6246085
D:\Major project\Testing\notumor\Te-no_0258.jpg,notumor,2,2,notumor,0.62462074
D:\Major project\Testing\notumor\Te-no_0259.jpg,notumor,2,2,notumor,0.62461746
D:\Major project\Testing\notumor\Te-no_0260.jpg,notumor,2,2,notumor,0.6245518
D:\Major project\Testing\notumor\Te-no_0261.jpg,notumor,2,2,notumor,0.62459606
D:\Major project\Testing\notumor\Te-no_0262.jpg,notumor,2,2,notumor,0.62461984
D:\Major project\Testing\notumor\Te-no_0263.jpg,notumor,2,2,notumor,0.6246202
D:\Major project\Testing\notumor\Te-no_0264.jpg,notumor,2,2,notumor,0.6246206
D:\Major project\Testing\notumor\Te-no_0265.jpg,notumor,2,2,notumor,0.6245711
D:\Major project\Testing\notumor\Te-no_0266.jpg,notumor,2,2,notumor,0.6246267
D:\Major project\Testing\notumor\Te-no_0267.jpg,notumor,2,2,notumor,0.6246227
D:\Major project\Testing\notumor\Te-no_0268.jpg,notumor,2,2,notumor,0.6246271
D:\Major project\Testing\notumor\Te-no_0269.jpg,notumor,2,2,notumor,0.6246203
D:\Major project\Testing\notumor\Te-no_0270.jpg,notumor,2,2,notumor,0.6245913
D:\Major project\Testing\notumor\Te-no_0271.jpg,notumor,2,2,notumor,0.6245971
D:\Major project\Testing\notumor\Te-no_0272.jpg,notumor,2,2,notumor,0.62455255
D:\Major project\Testing\notumor\Te-no_0273.jpg,notumor,2,2,notumor,0.62460077
D:\Major project\Testing\notumor\Te-no_0274.jpg,notumor,2,2,notumor,0.62454724
D:\Major project\Testing\notumor\Te-no_0275.jpg,notumor,2,2,notumor,0.6246165
D:\Major project\Testing\notumor\Te-no_0276.jpg,notumor,2,2,notumor,0.62456375
D:\Major project\Testing\notumor\Te-no_0277.jpg,notumor,2,2,notumor,0.62460995
D:\Major project\Testing\notumor\Te-no_0278.jpg,notumor,2,2,notumor,0.6246121
D:\Major project\Testing\notumor\Te-no_0279.jpg,notumor,2,2,notumor,0.62462085
D:\Major project\Testing\notumor\Te-no_0280.jpg,notumor,2,2,notumor,0.6246141
D:\Major project\Testing\notumor\Te-no_0281.jpg,notumor,2,2,notumor,0.6246185
D:\Major project\Testing\notumor\Te-no_0282.jpg,notumor,2,2,notumor,0.6246054
D:\Major project\Testing\notumor\Te-no_0283.jpg,notumor,2,2,notumor,0.62460035
D:\Major project\Testing\notumor\Te-no_0284.jpg,notumor,2,2,notumor,0.62461865
D:\Major project\Testing\notumor\Te-no_0285.jpg,notumor,2,2,notumor,0.62459105
D:\Major project\Testing\notumor\Te-no_0286.jpg,notumor,2,2,notumor,0.624624
D:\Major project\Testing\notumor\Te-no_0287.jpg,notumor,2,2,notumor,0.62461567
D:\Major project\Testing\notumor\Te-no_0288.jpg,notumor,2,2,notumor,0.6246227
D:\Major project\Testing\notumor\Te-no_0289.jpg,notumor,2,2,notumor,0.6246262
D:\Major project\Testing\notumor\Te-no_0290.jpg,notumor,2,2,notumor,0.62460625
D:\Major project\Testing\notumor\Te-no_0291.jpg,notumor,2,2,notumor,0.6246233
D:\Major project\Testing\notumor\Te-no_0292.jpg,notumor,2,2,notumor,0.6246236
D:\Major project\Testing\notumor\Te-no_0293.jpg,notumor,2,2,notumor,0.6246234
D:\Major project\Testing\notumor\Te-no_0294.jpg,notumor,2,2,notumor,0.62462986
D:\Major project\Testing\notumor\Te-no_0295.jpg,notumor,2,2,notumor,0.62461984
D:\Major project\Testing\notumor\Te-no_0296.jpg,notumor,2,2,notumor,0.6245466
D:\Major project\Testing\notumor\Te-no_0297.jpg,notumor,2,2,notumor,0.62462234
D:\Major project\Testing\notumor\Te-no_0298.jpg,notumor,2,2,notumor,0.62461984
D:\Major project\Testing\notumor\Te-no_0299.jpg,notumor,2,2,notumor,0.6246155
D:\Major project\Testing\notumor\Te-no_0300.jpg,notumor,2,2,notumor,0.62459403
D:\Major project\Testing\notumor\Te-no_0301.jpg,notumor,2,2,notumor,0.6246221
D:\Major project\Testing\notumor\Te-no_0302.jpg,notumor,2,2,notumor,0.62461764
D:\Major project\Testing\notumor\Te-no_0303.jpg,notumor,2,2,notumor,0.6246147
D:\Major project\Testing\notumor\Te-no_0304.jpg,notumor,2,2,notumor,0.6245655
D:\Major project\Testing\notumor\Te-no_0305.jpg,notumor,2,2,notumor,0.62458116
D:\Major project\Testing\notumor\Te-no_0306.jpg,notumor,2,2,notumor,0.6245651
D:\Major project\Testing\notumor\Te-no_0307.jpg,notumor,2,2,notumor,0.6245239
D:\Major project\Testing\notumor\Te-no_0308.jpg,notumor,2,2,notumor,0.6245865
D:\Major project\Testing\notumor\Te-no_0309.jpg,notumor,2,2,notumor,0.6246179
D:\Major project\Testing\notumor\Te-no_0310.jpg,notumor,2,2,notumor,0.6245151
D:\Major project\Testing\notumor\Te-no_0311.jpg,notumor,2,2,notumor,0.6246062
D:\Major project\Testing\notumor\Te-no_0312.jpg,notumor,2,2,notumor,0.62314385
D:\Major project\Testing\notumor\Te-no_0313.jpg,notumor,2,2,notumor,0.6246205
D:\Major project\Testing\notumor\Te-no_0314.jpg,notumor,2,2,notumor,0.62461555
D:\Major project\Testing\notumor\Te-no_0315.jpg,notumor,2,2,notumor,0.6246201
D:\Major project\Testing\notumor\Te-no_0316.jpg,notumor,2,2,notumor,0.6245725
D:\Major project\Testing\notumor\Te-no_0317.jpg,notumor,2,2,notumor,0.6246175
D:\Major project\Testing\notumor\Te-no_0318.jpg,notumor,2,2,notumor,0.6245589
D:\Major project\Testing\notumor\Te-no_0319.jpg,notumor,2,2,notumor,0.6244719
D:\Major project\Testing\notumor\Te-no_0320.jpg,notumor,2,2,notumor,0.6243438
D:\Major project\Testing\notumor\Te-no_0321.jpg,notumor,2,2,notumor,0.6244657
D:\Major project\Testing\notumor\Te-no_0322.jpg,notumor,2,2,notumor,0.62462044
D:\Major project\Testing\notumor\Te-no_0323.jpg,notumor,2,2,notumor,0.6246262
D:\Major project\Testing\notumor\Te-no_0324.jpg,notumor,2,2,notumor,0.62461925
D:\Major project\Testing\notumor\Te-no_0325.jpg,notumor,2,2,notumor,0.6246042
D:\Major project\Testing\notumor\Te-no_0326.jpg,notumor,2,2,notumor,0.6246115
D:\Major project\Testing\notumor\Te-no_0327.jpg,notumor,2,2,notumor,0.6246088
D:\Major project\Testing\notumor\Te-no_0328.jpg,notumor,2,2,notumor,0.6244196
D:\Major project\Testing\notumor\Te-no_0329.jpg,notumor,2,2,notumor,0.62461007
D:\Major project\Testing\notumor\Te-no_0330.jpg,notumor,2,2,notumor,0.6244318
D:\Major project\Testing\notumor\Te-no_0331.jpg,notumor,2,2,notumor,0.62459916
D:\Major project\Testing\notumor\Te-no_0332.jpg,notumor,2,2,notumor,0.6246217
D:\Major project\Testing\notumor\Te-no_0333.jpg,notumor,2,2,notumor,0.62461865
D:\Major project\Testing\notumor\Te-no_0334.jpg,notumor,2,2,notumor,0.6231155
D:\Major project\Testing\notumor\Te-no_0335.jpg,notumor,2,2,notumor,0.62461793
D:\Major project\Testing\notumor\Te-no_0336.jpg,notumor,2,2,notumor,0.6246226
D:\Major project\Testing\notumor\Te-no_0337.jpg,notumor,2,2,notumor,0.6245985
D:\Major project\Testing\notumor\Te-no_0338.jpg,notumor,2,2,notumor,0.624617
D:\Major project\Testing\notumor\Te-no_0339.jpg,notumor,2,2,notumor,0.62460786
D:\Major project\Testing\notumor\Te-no_0340.jpg,notumor,2,2,notumor,0.6246074
D:\Major project\Testing\notumor\Te-no_0341.jpg,notumor,2,2,notumor,0.621605
D:\Major project\Testing\notumor\Te-no_0342.jpg,notumor,2,2,notumor,0.6246221
D:\Major project\Testing\notumor\Te-no_0343.jpg,notumor,2,2,notumor,0.6245215
D:\Major project\Testing\notumor\Te-no_0344.jpg,notumor,2,2,notumor,0.62356716
D:\Major project\Testing\notumor\Te-no_0345.jpg,notumor,2,2,notumor,0.62430894
D:\Major project\Testing\notumor\Te-no_0346.jpg,notumor,2,2,notumor,0.6246084
D:\Major project\Testing\notumor\Te-no_0347.jpg,notumor,2,2,notumor,0.6246058
D:\Major project\Testing\notumor\Te-no_0348.jpg,notumor,2,2,notumor,0.6246203
D:\Major project\Testing\notumor\Te-no_0349.jpg,notumor,2,2,notumor,0.62461364
D:\Major project\Testing\notumor\Te-no_0350.jpg,notumor,2,2,notumor,0.6237228
D:\Major project\Testing\notumor\Te-no_0351.jpg,notumor,2,2,notumor,0.62457794
D:\Major project\Testing\notumor\Te-no_0352.jpg,notumor,2,2,notumor,0.62461996
D:\Major project\Testing\notumor\Te-no_0353.jpg,notumor,2,2,notumor,0.62462366
D:\Major project\Testing\notumor\Te-no_0354.jpg,notumor,2,2,notumor,0.62462205
D:\Major project\Testing\notumor\Te-no_0355.jpg,notumor,2,2,notumor,0.62457645
D:\Major project\Testing\notumor\Te-no_0356.jpg,notumor,2,2,notumor,0.62459266
D:\Major project\Testing\notumor\Te-no_0357.jpg,notumor,2,2,notumor,0.6246053
D:\Major project\Testing\notumor\Te-no_0358.jpg,notumor,2,2,notumor,0.62459713
D:\Major project\Testing\notumor\Te-no_0359.jpg,notumor,2,2,notumor,0.6246224
D:\Major project\Testing\notumor\Te-no_0360.jpg,notumor,2,2,notumor,0.6246211
D:\Major project\Testing\notumor\Te-no_0361.jpg,notumor,2,2,notumor,0.62461513
D:\Major project\Testing\notumor\Te-no_0362.jpg,notumor,2,2,notumor,0.6245503
D:\Major project\Testing\notumor\Te-no_0363.jpg,notumor,2,2,notumor,0.6246204
D:\Major project\Testing\notumor\Te-no_0364.jpg,notumor,2,2,notumor,0.62461233
D:\Major project\Testing\notumor\Te-no_0365.jpg,notumor,2,2,notumor,0.6246204
D:\Major project\Testing\notumor\Te-no_0366.jpg,notumor,2,2,notumor,0.62462246
D:\Major project\Testing\notumor\Te-no_0367.jpg,notumor,2,2,notumor,0.6246235
D:\Major project\Testing\notumor\Te-no_0368.jpg,notumor,2,2,notumor,0.6245973
D:\Major project\Testing\notumor\Te-no_0369.jpg,notumor,2,2,notumor,0.62462074
D:\Major project\Testing\notumor\Te-no_0370.jpg,notumor,2,2,notumor,0.6244514
D:\Major project\Testing\notumor\Te-no_0371.jpg,notumor,2,2,notumor,0.6244092
D:\Major project\Testing\notumor\Te-no_0372.jpg,notumor,2,2,notumor,0.6245453
D:\Major project\Testing\notumor\Te-no_0373.jpg,notumor,2,2,notumor,0.62461823
D:\Major project\Testing\notumor\Te-no_0374.jpg,notumor,2,2,notumor,0.6246202
D:\Major project\Testing\notumor\Te-no_0375.jpg,notumor,2,2,notumor,0.6246055
D:\Major project\Testing\notumor\Te-no_0376.jpg,notumor,2,2,notumor,0.624591
D:\Major project\Testing\notumor\Te-no_0377.jpg,notumor,2,2,notumor,0.6246287
D:\Major project\Testing\notumor\Te-no_0378.jpg,notumor,2,2,notumor,0.6246128
D:\Major project\Testing\notumor\Te-no_0379.jpg,notumor,2,2,notumor,0.62461835
D:\Major project\Testing\notumor\Te-no_0380.jpg,notumor,2,2,notumor,0.6246226
D:\Major project\Testing\notumor\Te-no_0381.jpg,notumor,2,2,notumor,0.6246192
D:\Major project\Testing\notumor\Te-no_0382.jpg,notumor,2,2,notumor,0.6246238
D:\Major project\Testing\notumor\Te-no_0383.jpg,notumor,2,2,notumor,0.62462234
D:\Major project\Testing\notumor\Te-no_0384.jpg,notumor,2,2,notumor,0.6246173
D:\Major project\Testing\notumor\Te-no_0385.jpg,notumor,2,2,notumor,0.6246078
D:\Major project\Testing\notumor\Te-no_0386.jpg,notumor,2,2,notumor,0.6246128
D:\Major project\Testing\notumor\Te-no_0387.jpg,notumor,2,2,notumor,0.62460655
D:\Major project\Testing\notumor\Te-no_0388.jpg,notumor,2,2,notumor,0.6245583
D:\Major project\Testing\notumor\Te-no_0389.jpg,notumor,2,2,notumor,0.6245177
D:\Major project\Testing\notumor\Te-no_0390.jpg,notumor,2,2,notumor,0.6245876
D:\Major project\Testing\notumor\Te-no_0391.jpg,notumor,2,2,notumor,0.62440056
D:\Major project\Testing\notumor\Te-no_0392.jpg,notumor,2,2,notumor,0.6243348
D:\Major project\Testing\notumor\Te-no_0393.jpg,notumor,2,2,notumor,0.62230456
D:\Major project\Testing\notumor\Te-no_0394.jpg,notumor,2,2,notumor,0.6246012
D:\Major project\Testing\notumor\Te-no_0395.jpg,notumor,2,2,notumor,0.62461734
D:\Major project\Testing\notumor\Te-no_0396.jpg,notumor,2,2,notumor,0.62461996
D:\Major project\Testing\notumor\Te-no_0397.jpg,notumor,2,2,notumor,0.6246061
D:\Major project\Testing\notumor\Te-no_0398.jpg,notumor,2,2,notumor,0.6246038
D:\Major project\Testing\notumor\Te-no_0399.jpg,notumor,2,2,notumor,0.6244012
D:\Major project\Testing\notumor\Te-no_0400.jpg,notumor,2,2,notumor,0.62455446
D:\Major project\Testing\notumor\Te-no_0401.jpg,notumor,2,2,notumor,0.6245257
D:\Major project\Testing\notumor\Te-no_0402.jpg,notumor,2,2,notumor,0.6244699
D:\Major project\Testing\notumor\Te-no_0403.jpg,notumor,2,2,notumor,0.6246078
D:\Major project\Testing\notumor\Te-no_0404.jpg,notumor,2,2,notumor,0.62460643
D:\Major project\Testing\pituitary\Te-piTr_0000.jpg,pituitary,3,3,pituitary,0.62354976
D:\Major project\Testing\pituitary\Te-piTr_0001.jpg,pituitary,3,3,pituitary,0.62464297
D:\Major project\Testing\pituitary\Te-piTr_0002.jpg,pituitary,3,1,meningioma,0.4315954
D:\Major project\Testing\pituitary\Te-piTr_0003.jpg,pituitary,3,3,pituitary,0.62524706
D:\Major project\Testing\pituitary\Te-piTr_0004.jpg,pituitary,3,3,pituitary,0.6251104
D:\Major project\Testing\pituitary\Te-piTr_0005.jpg,pituitary,3,3,pituitary,0.62479526
D:\Major project\Testing\pituitary\Te-piTr_0006.jpg,pituitary,3,3,pituitary,0.5576258
D:\Major project\Testing\pituitary\Te-piTr_0007.jpg,pituitary,3,3,pituitary,0.6237891
D:\Major project\Testing\pituitary\Te-piTr_0008.jpg,pituitary,3,3,pituitary,0.62415093
D:\Major project\Testing\pituitary\Te-piTr_0009.jpg,pituitary,3,3,pituitary,0.6142136
D:\Major project\Testing\pituitary\Te-pi_0010.jpg,pituitary,3,3,pituitary,0.61136127
D:\Major project\Testing\pituitary\Te-pi_0011.jpg,pituitary,3,3,pituitary,0.6250829
D:\Major project\Testing\pituitary\Te-pi_0012.jpg,pituitary,3,3,pituitary,0.6245743
D:\Major project\Testing\pituitary\Te-pi_0013.jpg,pituitary,3,1,meningioma,0.3579566
D:\Major project\Testing\pituitary\Te-pi_0014.jpg,pituitary,3,3,pituitary,0.6194158
D:\Major project\Testing\pituitary\Te-pi_0015.jpg,pituitary,3,3,pituitary,0.62238616
D:\Major project\Testing\pituitary\Te-pi_0016.jpg,pituitary,3,3,pituitary,0.6173729
D:\Major project\Testing\pituitary\Te-pi_0017.jpg,pituitary,3,3,pituitary,0.621886
D:\Major project\Testing\pituitary\Te-pi_0018.jpg,pituitary,3,3,pituitary,0.6248765
D:\Major project\Testing\pituitary\Te-pi_0019.jpg,pituitary,3,3,pituitary,0.6163884
D:\Major project\Testing\pituitary\Te-pi_0020.jpg,pituitary,3,3,pituitary,0.62433666
D:\Major project\Testing\pituitary\Te-pi_0021.jpg,pituitary,3,3,pituitary,0.6240598
D:\Major project\Testing\pituitary\Te-pi_0022.jpg,pituitary,3,3,pituitary,0.62520045
D:\Major project\Testing\pituitary\Te-pi_0023.jpg,pituitary,3,3,pituitary,0.6153875
D:\Major project\Testing\pituitary\Te-pi_0024.jpg,pituitary,3,3,pituitary,0.62369055
D:\Major project\Testing\pituitary\Te-pi_0025.jpg,pituitary,3,3,pituitary,0.61130464
D:\Major project\Testing\pituitary\Te-pi_0026.jpg,pituitary,3,3,pituitary,0.6252519
D:\Major project\Testing\pituitary\Te-pi_0027.jpg,pituitary,3,3,pituitary,0.6247811
D:\Major project\Testing\pituitary\Te-pi_0028.jpg,pituitary,3,3,pituitary,0.6242151
D:\Major project\Testing\pituitary\Te-pi_0029.jpg,pituitary,3,1,meningioma,0.54809654
D:\Major project\Testing\pituitary\Te-pi_0030.jpg,pituitary,3,3,pituitary,0.6223117
D:\Major project\Testing\pituitary\Te-pi_0031.jpg,pituitary,3,3,pituitary,0.61671156
D:\Major project\Testing\pituitary\Te-pi_0032.jpg,pituitary,3,3,pituitary,0.6136531
D:\Major project\Testing\pituitary\Te-pi_0033.jpg,pituitary,3,3,pituitary,0.6249857
D:\Major project\Testing\pituitary\Te-pi_0034.jpg,pituitary,3,3,pituitary,0.6248602
D:\Major project\Testing\pituitary\Te-pi_0035.jpg,pituitary,3,3,pituitary,0.62520593
D:\Major project\Testing\pituitary\Te-pi_0036.jpg,pituitary,3,3,pituitary,0.6225163
D:\Major project\Testing\pituitary\Te-pi_0037.jpg,pituitary,3,3,pituitary,0.6250322
D:\Major project\Testing\pituitary\Te-pi_0038.jpg,pituitary,3,3,pituitary,0.62318325
D:\Major project\Testing\pituitary\Te-pi_0039.jpg,pituitary,3,3,pituitary,0.62447906
D:\Major project\Testing\pituitary\Te-pi_0040.jpg,pituitary,3,3,pituitary,0.6219192
D:\Major project\Testing\pituitary\Te-pi_0041.jpg,pituitary,3,3,pituitary,0.62259156
D:\Major project\Testing\pituitary\Te-pi_0042.jpg,pituitary,3,3,pituitary,0.6090303
D:\Major project\Testing\pituitary\Te-pi_0043.jpg,pituitary,3,3,pituitary,0.6175629
D:\Major project\Testing\pituitary\Te-pi_0044.jpg,pituitary,3,3,pituitary,0.62197
D:\Major project\Testing\pituitary\Te-pi_0045.jpg,pituitary,3,3,pituitary,0.6245641
D:\Major project\Testing\pituitary\Te-pi_0046.jpg,pituitary,3,3,pituitary,0.6250017
D:\Major project\Testing\pituitary\Te-pi_0047.jpg,pituitary,3,3,pituitary,0.6252471
D:\Major project\Testing\pituitary\Te-pi_0048.jpg,pituitary,3,3,pituitary,0.62523484
D:\Major project\Testing\pituitary\Te-pi_0049.jpg,pituitary,3,3,pituitary,0.6252252
D:\Major project\Testing\pituitary\Te-pi_0050.jpg,pituitary,3,3,pituitary,0.62522393
D:\Major project\Testing\pituitary\Te-pi_0051.jpg,pituitary,3,3,pituitary,0.6250333
D:\Major project\Testing\pituitary\Te-pi_0052.jpg,pituitary,3,3,pituitary,0.62523115
D:\Major project\Testing\pituitary\Te-pi_0053.jpg,pituitary,3,3,pituitary,0.6251507
D:\Major project\Testing\pituitary\Te-pi_0054.jpg,pituitary,3,3,pituitary,0.6240381
D:\Major project\Testing\pituitary\Te-pi_0055.jpg,pituitary,3,3,pituitary,0.6252492
D:\Major project\Testing\pituitary\Te-pi_0056.jpg,pituitary,3,3,pituitary,0.6249861
D:\Major project\Testing\pituitary\Te-pi_0057.jpg,pituitary,3,3,pituitary,0.62509596
D:\Major project\Testing\pituitary\Te-pi_0058.jpg,pituitary,3,3,pituitary,0.6194909
D:\Major project\Testing\pituitary\Te-pi_0059.jpg,pituitary,3,3,pituitary,0.62492913
D:\Major project\Testing\pituitary\Te-pi_0060.jpg,pituitary,3,3,pituitary,0.61599064
D:\Major project\Testing\pituitary\Te-pi_0061.jpg,pituitary,3,3,pituitary,0.6252393
D:\Major project\Testing\pituitary\Te-pi_0062.jpg,pituitary,3,3,pituitary,0.6121216
D:\Major project\Testing\pituitary\Te-pi_0063.jpg,pituitary,3,3,pituitary,0.62522465
D:\Major project\Testing\pituitary\Te-pi_0064.jpg,pituitary,3,3,pituitary,0.6234037
D:\Major project\Testing\pituitary\Te-pi_0065.jpg,pituitary,3,3,pituitary,0.62517077
D:\Major project\Testing\pituitary\Te-pi_0066.jpg,pituitary,3,3,pituitary,0.6251714
D:\Major project\Testing\pituitary\Te-pi_0067.jpg,pituitary,3,3,pituitary,0.6250552
D:\Major project\Testing\pituitary\Te-pi_0068.jpg,pituitary,3,3,pituitary,0.6226809
D:\Major project\Testing\pituitary\Te-pi_0069.jpg,pituitary,3,3,pituitary,0.6233206
D:\Major project\Testing\pituitary\Te-pi_0070.jpg,pituitary,3,3,pituitary,0.6252378
D:\Major project\Testing\pituitary\Te-pi_0071.jpg,pituitary,3,3,pituitary,0.6201762
D:\Major project\Testing\pituitary\Te-pi_0072.jpg,pituitary,3,3,pituitary,0.62224144
D:\Major project\Testing\pituitary\Te-pi_0073.jpg,pituitary,3,3,pituitary,0.62523025
D:\Major project\Testing\pituitary\Te-pi_0074.jpg,pituitary,3,3,pituitary,0.6252518
D:\Major project\Testing\pituitary\Te-pi_0075.jpg,pituitary,3,3,pituitary,0.61797804
D:\Major project\Testing\pituitary\Te-pi_0076.jpg,pituitary,3,3,pituitary,0.62525266
D:\Major project\Testing\pituitary\Te-pi_0077.jpg,pituitary,3,3,pituitary,0.624467
D:\Major project\Testing\pituitary\Te-pi_0078.jpg,pituitary,3,3,pituitary,0.6018667
D:\Major project\Testing\pituitary\Te-pi_0079.jpg,pituitary,3,3,pituitary,0.62073284
D:\Major project\Testing\pituitary\Te-pi_0080.jpg,pituitary,3,3,pituitary,0.625162
D:\Major project\Testing\pituitary\Te-pi_0081.jpg,pituitary,3,3,pituitary,0.62501365
D:\Major project\Testing\pituitary\Te-pi_0082.jpg,pituitary,3,3,pituitary,0.6252141
D:\Major project\Testing\pituitary\Te-pi_0083.jpg,pituitary,3,3,pituitary,0.6252572
D:\Major project\Testing\pituitary\Te-pi_0084.jpg,pituitary,3,3,pituitary,0.62513804
D:\Major project\Testing\pituitary\Te-pi_0085.jpg,pituitary,3,3,pituitary,0.6247509
D:\Major project\Testing\pituitary\Te-pi_0086.jpg,pituitary,3,3,pituitary,0.61401266
D:\Major project\Testing\pituitary\Te-pi_0087.jpg,pituitary,3,3,pituitary,0.6243545
D:\Major project\Testing\pituitary\Te-pi_0088.jpg,pituitary,3,3,pituitary,0.62393165
D:\Major project\Testing\pituitary\Te-pi_0089.jpg,pituitary,3,3,pituitary,0.62522686
D:\Major project\Testing\pituitary\Te-pi_0090.jpg,pituitary,3,3,pituitary,0.6251942
D:\Major project\Testing\pituitary\Te-pi_0091.jpg,pituitary,3,3,pituitary,0.6252026
D:\Major project\Testing\pituitary\Te-pi_0092.jpg,pituitary,3,3,pituitary,0.62452626
D:\Major project\Testing\pituitary\Te-pi_0093.jpg,pituitary,3,3,pituitary,0.6233725
D:\Major project\Testing\pituitary\Te-pi_0094.jpg,pituitary,3,3,pituitary,0.62488824
D:\Major project\Testing\pituitary\Te-pi_0095.jpg,pituitary,3,3,pituitary,0.6251506
D:\Major project\Testing\pituitary\Te-pi_0096.jpg,pituitary,3,3,pituitary,0.6248405
D:\Major project\Testing\pituitary\Te-pi_0097.jpg,pituitary,3,3,pituitary,0.6252502
D:\Major project\Testing\pituitary\Te-pi_0098.jpg,pituitary,3,3,pituitary,0.6252339
D:\Major project\Testing\pituitary\Te-pi_0099.jpg,pituitary,3,3,pituitary,0.625197
D:\Major project\Testing\pituitary\Te-pi_0100.jpg,pituitary,3,3,pituitary,0.625167
D:\Major project\Testing\pituitary\Te-pi_0101.jpg,pituitary,3,3,pituitary,0.62518936
D:\Major project\Testing\pituitary\Te-pi_0102.jpg,pituitary,3,3,pituitary,0.62492186
D:\Major project\Testing\pituitary\Te-pi_0103.jpg,pituitary,3,3,pituitary,0.61363316
D:\Major project\Testing\pituitary\Te-pi_0104.jpg,pituitary,3,3,pituitary,0.60867697
D:\Major project\Testing\pituitary\Te-pi_0105.jpg,pituitary,3,3,pituitary,0.62515146
D:\Major project\Testing\pituitary\Te-pi_0106.jpg,pituitary,3,3,pituitary,0.5995591
D:\Major project\Testing\pituitary\Te-pi_0107.jpg,pituitary,3,3,pituitary,0.6247249
D:\Major project\Testing\pituitary\Te-pi_0108.jpg,pituitary,3,3,pituitary,0.6238427
D:\Major project\Testing\pituitary\Te-pi_0109.jpg,pituitary,3,1,meningioma,0.39792466
D:\Major project\Testing\pituitary\Te-pi_0110.jpg,pituitary,3,3,pituitary,0.62499523
D:\Major project\Testing\pituitary\Te-pi_0111.jpg,pituitary,3,3,pituitary,0.6250841
D:\Major project\Testing\pituitary\Te-pi_0112.jpg,pituitary,3,3,pituitary,0.6251246
D:\Major project\Testing\pituitary\Te-pi_0113.jpg,pituitary,3,1,meningioma,0.5654468
D:\Major project\Testing\pituitary\Te-pi_0114.jpg,pituitary,3,3,pituitary,0.6033911
D:\Major project\Testing\pituitary\Te-pi_0115.jpg,pituitary,3,3,pituitary,0.6247702
D:\Major project\Testing\pituitary\Te-pi_0116.jpg,pituitary,3,3,pituitary,0.62520576
D:\Major project\Testing\pituitary\Te-pi_0117.jpg,pituitary,3,3,pituitary,0.62519354
D:\Major project\Testing\pituitary\Te-pi_0118.jpg,pituitary,3,3,pituitary,0.625253
D:\Major project\Testing\pituitary\Te-pi_0119.jpg,pituitary,3,3,pituitary,0.6231543
D:\Major project\Testing\pituitary\Te-pi_0120.jpg,pituitary,3,3,pituitary,0.62369454
D:\Major project\Testing\pituitary\Te-pi_0121.jpg,pituitary,3,3,pituitary,0.6252098
D:\Major project\Testing\pituitary\Te-pi_0122.jpg,pituitary,3,3,pituitary,0.6209904
D:\Major project\Testing\pituitary\Te-pi_0123.jpg,pituitary,3,3,pituitary,0.62482333
D:\Major project\Testing\pituitary\Te-pi_0124.jpg,pituitary,3,3,pituitary,0.6251395
D:\Major project\Testing\pituitary\Te-pi_0125.jpg,pituitary,3,3,pituitary,0.6231884
D:\Major project\Testing\pituitary\Te-pi_0126.jpg,pituitary,3,3,pituitary,0.6222051
D:\Major project\Testing\pituitary\Te-pi_0127.jpg,pituitary,3,3,pituitary,0.6251878
D:\Major project\Testing\pituitary\Te-pi_0128.jpg,pituitary,3,3,pituitary,0.61805576
D:\Major project\Testing\pituitary\Te-pi_0129.jpg,pituitary,3,3,pituitary,0.6243675
D:\Major project\Testing\pituitary\Te-pi_0130.jpg,pituitary,3,3,pituitary,0.6143518
D:\Major project\Testing\pituitary\Te-pi_0131.jpg,pituitary,3,3,pituitary,0.6251502
D:\Major project\Testing\pituitary\Te-pi_0132.jpg,pituitary,3,3,pituitary,0.6251387
D:\Major project\Testing\pituitary\Te-pi_0133.jpg,pituitary,3,3,pituitary,0.5916761
D:\Major project\Testing\pituitary\Te-pi_0134.jpg,pituitary,3,3,pituitary,0.625185
D:\Major project\Testing\pituitary\Te-pi_0135.jpg,pituitary,3,3,pituitary,0.6251938
D:\Major project\Testing\pituitary\Te-pi_0136.jpg,pituitary,3,3,pituitary,0.6251166
D:\Major project\Testing\pituitary\Te-pi_0137.jpg,pituitary,3,3,pituitary,0.6186566
D:\Major project\Testing\pituitary\Te-pi_0138.jpg,pituitary,3,3,pituitary,0.62495005
D:\Major project\Testing\pituitary\Te-pi_0139.jpg,pituitary,3,3,pituitary,0.621571
D:\Major project\Testing\pituitary\Te-pi_0140.jpg,pituitary,3,3,pituitary,0.6179025
D:\Major project\Testing\pituitary\Te-pi_0141.jpg,pituitary,3,3,pituitary,0.62498266
D:\Major project\Testing\pituitary\Te-pi_0142.jpg,pituitary,3,3,pituitary,0.62481254
D:\Major project\Testing\pituitary\Te-pi_0143.jpg,pituitary,3,3,pituitary,0.6252098
D:\Major project\Testing\pituitary\Te-pi_0144.jpg,pituitary,3,3,pituitary,0.6239827
D:\Major project\Testing\pituitary\Te-pi_0145.jpg,pituitary,3,3,pituitary,0.6245524
D:\Major project\Testing\pituitary\Te-pi_0146.jpg,pituitary,3,3,pituitary,0.6247308
D:\Major project\Testing\pituitary\Te-pi_0147.jpg,pituitary,3,3,pituitary,0.61540693
D:\Major project\Testing\pituitary\Te-pi_0148.jpg,pituitary,3,3,pituitary,0.6246865
D:\Major project\Testing\pituitary\Te-pi_0149.jpg,pituitary,3,3,pituitary,0.6249831
D:\Major project\Testing\pituitary\Te-pi_0150.jpg,pituitary,3,3,pituitary,0.6242985
D:\Major project\Testing\pituitary\Te-pi_0151.jpg,pituitary,3,3,pituitary,0.62490064
D:\Major project\Testing\pituitary\Te-pi_0152.jpg,pituitary,3,3,pituitary,0.5560473
D:\Major project\Testing\pituitary\Te-pi_0153.jpg,pituitary,3,3,pituitary,0.61816806
D:\Major project\Testing\pituitary\Te-pi_0154.jpg,pituitary,3,3,pituitary,0.6242871
D:\Major project\Testing\pituitary\Te-pi_0155.jpg,pituitary,3,3,pituitary,0.6251708
D:\Major project\Testing\pituitary\Te-pi_0156.jpg,pituitary,3,3,pituitary,0.6022593
D:\Major project\Testing\pituitary\Te-pi_0157.jpg,pituitary,3,3,pituitary,0.6250518
D:\Major project\Testing\pituitary\Te-pi_0158.jpg,pituitary,3,3,pituitary,0.6250402
D:\Major project\Testing\pituitary\Te-pi_0159.jpg,pituitary,3,3,pituitary,0.6212756
D:\Major project\Testing\pituitary\Te-pi_0160.jpg,pituitary,3,3,pituitary,0.6236962
D:\Major project\Testing\pituitary\Te-pi_0161.jpg,pituitary,3,3,pituitary,0.6251261
D:\Major project\Testing\pituitary\Te-pi_0162.jpg,pituitary,3,3,pituitary,0.61994433
D:\Major project\Testing\pituitary\Te-pi_0163.jpg,pituitary,3,3,pituitary,0.62438256
D:\Major project\Testing\pituitary\Te-pi_0164.jpg,pituitary,3,3,pituitary,0.61316246
D:\Major project\Testing\pituitary\Te-pi_0165.jpg,pituitary,3,3,pituitary,0.6250984
D:\Major project\Testing\pituitary\Te-pi_0166.jpg,pituitary,3,3,pituitary,0.62495625
D:\Major project\Testing\pituitary\Te-pi_0167.jpg,pituitary,3,3,pituitary,0.62524533
D:\Major project\Testing\pituitary\Te-pi_0168.jpg,pituitary,3,3,pituitary,0.62508535
D:\Major project\Testing\pituitary\Te-pi_0169.jpg,pituitary,3,3,pituitary,0.62391126
D:\Major project\Testing\pituitary\Te-pi_0170.jpg,pituitary,3,3,pituitary,0.6232456
D:\Major project\Testing\pituitary\Te-pi_0171.jpg,pituitary,3,1,meningioma,0.41416997
D:\Major project\Testing\pituitary\Te-pi_0172.jpg,pituitary,3,3,pituitary,0.6252371
D:\Major project\Testing\pituitary\Te-pi_0173.jpg,pituitary,3,3,pituitary,0.61866397
D:\Major project\Testing\pituitary\Te-pi_0174.jpg,pituitary,3,3,pituitary,0.6203442
D:\Major project\Testing\pituitary\Te-pi_0175.jpg,pituitary,3,3,pituitary,0.6099305
D:\Major project\Testing\pituitary\Te-pi_0176.jpg,pituitary,3,3,pituitary,0.623321
D:\Major project\Testing\pituitary\Te-pi_0177.jpg,pituitary,3,3,pituitary,0.6251762
D:\Major project\Testing\pituitary\Te-pi_0178.jpg,pituitary,3,3,pituitary,0.624801
D:\Major project\Testing\pituitary\Te-pi_0179.jpg,pituitary,3,3,pituitary,0.6211479
D:\Major project\Testing\pituitary\Te-pi_0180.jpg,pituitary,3,3,pituitary,0.62404907
D:\Major project\Testing\pituitary\Te-pi_0181.jpg,pituitary,3,3,pituitary,0.6174166
D:\Major project\Testing\pituitary\Te-pi_0182.jpg,pituitary,3,3,pituitary,0.6250264
D:\Major project\Testing\pituitary\Te-pi_0183.jpg,pituitary,3,3,pituitary,0.6222628
D:\Major project\Testing\pituitary\Te-pi_0184.jpg,pituitary,3,3,pituitary,0.62337077
D:\Major project\Testing\pituitary\Te-pi_0185.jpg,pituitary,3,3,pituitary,0.6220089
D:\Major project\Testing\pituitary\Te-pi_0186.jpg,pituitary,3,3,pituitary,0.62265706
D:\Major project\Testing\pituitary\Te-pi_0187.jpg,pituitary,3,3,pituitary,0.6233458
D:\Major project\Testing\pituitary\Te-pi_0188.jpg,pituitary,3,3,pituitary,0.54858255
D:\Major project\Testing\pituitary\Te-pi_0189.jpg,pituitary,3,3,pituitary,0.622312
D:\Major project\Testing\pituitary\Te-pi_0190.jpg,pituitary,3,3,pituitary,0.6237258
D:\Major project\Testing\pituitary\Te-pi_0191.jpg,pituitary,3,3,pituitary,0.6250106
D:\Major project\Testing\pituitary\Te-pi_0192.jpg,pituitary,3,3,pituitary,0.62353086
D:\Major project\Testing\pituitary\Te-pi_0193.jpg,pituitary,3,3,pituitary,0.6230818
D:\Major project\Testing\pituitary\Te-pi_0194.jpg,pituitary,3,3,pituitary,0.62524253
D:\Major project\Testing\pituitary\Te-pi_0195.jpg,pituitary,3,3,pituitary,0.62522286
D:\Major project\Testing\pituitary\Te-pi_0196.jpg,pituitary,3,3,pituitary,0.62495196
D:\Major project\Testing\pituitary\Te-pi_0197.jpg,pituitary,3,3,pituitary,0.62521386
D:\Major project\Testing\pituitary\Te-pi_0198.jpg,pituitary,3,3,pituitary,0.624779
D:\Major project\Testing\pituitary\Te-pi_0199.jpg,pituitary,3,3,pituitary,0.62524146
D:\Major project\Testing\pituitary\Te-pi_0200.jpg,pituitary,3,3,pituitary,0.62472737
D:\Major project\Testing\pituitary\Te-pi_0201.jpg,pituitary,3,3,pituitary,0.62515664
D:\Major project\Testing\pituitary\Te-pi_0202.jpg,pituitary,3,3,pituitary,0.62488645
D:\Major project\Testing\pituitary\Te-pi_0203.jpg,pituitary,3,3,pituitary,0.62522984
D:\Major project\Testing\pituitary\Te-pi_0204.jpg,pituitary,3,3,pituitary,0.6243498
D:\Major project\Testing\pituitary\Te-pi_0205.jpg,pituitary,3,3,pituitary,0.6249192
D:\Major project\Testing\pituitary\Te-pi_0206.jpg,pituitary,3,3,pituitary,0.6233347
D:\Major project\Testing\pituitary\Te-pi_0207.jpg,pituitary,3,3,pituitary,0.6247336
D:\Major project\Testing\pituitary\Te-pi_0208.jpg,pituitary,3,3,pituitary,0.6236901
D:\Major project\Testing\pituitary\Te-pi_0209.jpg,pituitary,3,3,pituitary,0.62503225
D:\Major project\Testing\pituitary\Te-pi_0210.jpg,pituitary,3,3,pituitary,0.62500834
D:\Major project\Testing\pituitary\Te-pi_0211.jpg,pituitary,3,3,pituitary,0.6252037
D:\Major project\Testing\pituitary\Te-pi_0212.jpg,pituitary,3,3,pituitary,0.60328424
D:\Major project\Testing\pituitary\Te-pi_0213.jpg,pituitary,3,3,pituitary,0.6252524
D:\Major project\Testing\pituitary\Te-pi_0214.jpg,pituitary,3,3,pituitary,0.6252575
D:\Major project\Testing\pituitary\Te-pi_0215.jpg,pituitary,3,3,pituitary,0.6078663
D:\Major project\Testing\pituitary\Te-pi_0216.jpg,pituitary,3,3,pituitary,0.6251135
D:\Major project\Testing\pituitary\Te-pi_0217.jpg,pituitary,3,3,pituitary,0.58351374
D:\Major project\Testing\pituitary\Te-pi_0218.jpg,pituitary,3,3,pituitary,0.6250241
D:\Major project\Testing\pituitary\Te-pi_0219.jpg,pituitary,3,3,pituitary,0.6250783
D:\Major project\Testing\pituitary\Te-pi_0220.jpg,pituitary,3,3,pituitary,0.62522805
D:\Major project\Testing\pituitary\Te-pi_0221.jpg,pituitary,3,3,pituitary,0.62522554
D:\Major project\Testing\pituitary\Te-pi_0222.jpg,pituitary,3,3,pituitary,0.62516725
D:\Major project\Testing\pituitary\Te-pi_0223.jpg,pituitary,3,3,pituitary,0.6252347
D:\Major project\Testing\pituitary\Te-pi_0224.jpg,pituitary,3,3,pituitary,0.5846967
D:\Major project\Testing\pituitary\Te-pi_0225.jpg,pituitary,3,3,pituitary,0.62508273
D:\Major project\Testing\pituitary\Te-pi_0226.jpg,pituitary,3,3,pituitary,0.62521714
D:\Major project\Testing\pituitary\Te-pi_0227.jpg,pituitary,3,3,pituitary,0.6237068
D:\Major project\Testing\pituitary\Te-pi_0228.jpg,pituitary,3,3,pituitary,0.6252347
D:\Major project\Testing\pituitary\Te-pi_0229.jpg,pituitary,3,3,pituitary,0.62441725
D:\Major project\Testing\pituitary\Te-pi_0230.jpg,pituitary,3,3,pituitary,0.6234133
D:\Major project\Testing\pituitary\Te-pi_0231.jpg,pituitary,3,3,pituitary,0.6249946
D:\Major project\Testing\pituitary\Te-pi_0232.jpg,pituitary,3,3,pituitary,0.62476736
D:\Major project\Testing\pituitary\Te-pi_0233.jpg,pituitary,3,3,pituitary,0.6252081
D:\Major project\Testing\pituitary\Te-pi_0234.jpg,pituitary,3,3,pituitary,0.6252547
D:\Major project\Testing\pituitary\Te-pi_0235.jpg,pituitary,3,3,pituitary,0.6252415
D:\Major project\Testing\pituitary\Te-pi_0236.jpg,pituitary,3,3,pituitary,0.58409894
D:\Major project\Testing\pituitary\Te-pi_0237.jpg,pituitary,3,3,pituitary,0.62209153
D:\Major project\Testing\pituitary\Te-pi_0238.jpg,pituitary,3,3,pituitary,0.62503606
D:\Major project\Testing\pituitary\Te-pi_0239.jpg,pituitary,3,3,pituitary,0.62441796
D:\Major project\Testing\pituitary\Te-pi_0240.jpg,pituitary,3,3,pituitary,0.6250058
D:\Major project\Testing\pituitary\Te-pi_0241.jpg,pituitary,3,3,pituitary,0.6249455
D:\Major project\Testing\pituitary\Te-pi_0242.jpg,pituitary,3,3,pituitary,0.6249548
D:\Major project\Testing\pituitary\Te-pi_0243.jpg,pituitary,3,3,pituitary,0.62402946
D:\Major project\Testing\pituitary\Te-pi_0244.jpg,pituitary,3,3,pituitary,0.6252418
D:\Major project\Testing\pituitary\Te-pi_0245.jpg,pituitary,3,3,pituitary,0.6250164
D:\Major project\Testing\pituitary\Te-pi_0246.jpg,pituitary,3,3,pituitary,0.61913425
D:\Major project\Testing\pituitary\Te-pi_0247.jpg,pituitary,3,3,pituitary,0.6249826
D:\Major project\Testing\pituitary\Te-pi_0248.jpg,pituitary,3,3,pituitary,0.6156463
D:\Major project\Testing\pituitary\Te-pi_0249.jpg,pituitary,3,3,pituitary,0.62522966
D:\Major project\Testing\pituitary\Te-pi_0250.jpg,pituitary,3,3,pituitary,0.59823245
D:\Major project\Testing\pituitary\Te-pi_0251.jpg,pituitary,3,3,pituitary,0.5584825
D:\Major project\Testing\pituitary\Te-pi_0252.jpg,pituitary,3,3,pituitary,0.62525517
D:\Major project\Testing\pituitary\Te-pi_0253.jpg,pituitary,3,3,pituitary,0.59447
D:\Major project\Testing\pituitary\Te-pi_0254.jpg,pituitary,3,3,pituitary,0.62411183
D:\Major project\Testing\pituitary\Te-pi_0255.jpg,pituitary,3,3,pituitary,0.62523663
D:\Major project\Testing\pituitary\Te-pi_0256.jpg,pituitary,3,3,pituitary,0.6252155
D:\Major project\Testing\pituitary\Te-pi_0257.jpg,pituitary,3,3,pituitary,0.6247762
D:\Major project\Testing\pituitary\Te-pi_0258.jpg,pituitary,3,3,pituitary,0.62495357
D:\Major project\Testing\pituitary\Te-pi_0259.jpg,pituitary,3,3,pituitary,0.62396705
D:\Major project\Testing\pituitary\Te-pi_0260.jpg,pituitary,3,3,pituitary,0.61912584
D:\Major project\Testing\pituitary\Te-pi_0261.jpg,pituitary,3,3,pituitary,0.62494
D:\Major project\Testing\pituitary\Te-pi_0262.jpg,pituitary,3,3,pituitary,0.62413436
D:\Major project\Testing\pituitary\Te-pi_0263.jpg,pituitary,3,3,pituitary,0.6249015
D:\Major project\Testing\pituitary\Te-pi_0264.jpg,pituitary,3,3,pituitary,0.58811456
D:\Major project\Testing\pituitary\Te-pi_0265.jpg,pituitary,3,3,pituitary,0.6111973
D:\Major project\Testing\pituitary\Te-pi_0266.jpg,pituitary,3,3,pituitary,0.62503123
D:\Major project\Testing\pituitary\Te-pi_0267.jpg,pituitary,3,3,pituitary,0.6223505
D:\Major project\Testing\pituitary\Te-pi_0268.jpg,pituitary,3,3,pituitary,0.6243768
D:\Major project\Testing\pituitary\Te-pi_0269.jpg,pituitary,3,3,pituitary,0.39077666
D:\Major project\Testing\pituitary\Te-pi_0270.jpg,pituitary,3,3,pituitary,0.62486136
D:\Major project\Testing\pituitary\Te-pi_0271.jpg,pituitary,3,3,pituitary,0.6252146
D:\Major project\Testing\pituitary\Te-pi_0272.jpg,pituitary,3,3,pituitary,0.6251123
D:\Major project\Testing\pituitary\Te-pi_0273.jpg,pituitary,3,3,pituitary,0.62485754
D:\Major project\Testing\pituitary\Te-pi_0274.jpg,pituitary,3,3,pituitary,0.6251038
D:\Major project\Testing\pituitary\Te-pi_0275.jpg,pituitary,3,3,pituitary,0.6252107
D:\Major project\Testing\pituitary\Te-pi_0276.jpg,pituitary,3,3,pituitary,0.62107325
D:\Major project\Testing\pituitary\Te-pi_0277.jpg,pituitary,3,3,pituitary,0.6252479
D:\Major project\Testing\pituitary\Te-pi_0278.jpg,pituitary,3,3,pituitary,0.6252521
D:\Major project\Testing\pituitary\Te-pi_0279.jpg,pituitary,3,3,pituitary,0.6251361
D:\Major project\Testing\pituitary\Te-pi_0280.jpg,pituitary,3,3,pituitary,0.6252502
D:\Major project\Testing\pituitary\Te-pi_0281.jpg,pituitary,3,3,pituitary,0.6246083
D:\Major project\Testing\pituitary\Te-pi_0282.jpg,pituitary,3,3,pituitary,0.6252284
D:\Major project\Testing\pituitary\Te-pi_0283.jpg,pituitary,3,3,pituitary,0.62428755
D:\Major project\Testing\pituitary\Te-pi_0284.jpg,pituitary,3,3,pituitary,0.6245294
D:\Major project\Testing\pituitary\Te-pi_0285.jpg,pituitary,3,3,pituitary,0.6252536
D:\Major project\Testing\pituitary\Te-pi_0286.jpg,pituitary,3,3,pituitary,0.62524784
D:\Major project\Testing\pituitary\Te-pi_0287.jpg,pituitary,3,3,pituitary,0.6234425
D:\Major project\Testing\pituitary\Te-pi_0288.jpg,pituitary,3,3,pituitary,0.6184075
D:\Major project\Testing\pituitary\Te-pi_0289.jpg,pituitary,3,3,pituitary,0.6249087
D:\Major project\Testing\pituitary\Te-pi_0290.jpg,pituitary,3,3,pituitary,0.6201404
D:\Major project\Testing\pituitary\Te-pi_0291.jpg,pituitary,3,3,pituitary,0.62360525
D:\Major project\Testing\pituitary\Te-pi_0292.jpg,pituitary,3,3,pituitary,0.6021493
D:\Major project\Testing\pituitary\Te-pi_0293.jpg,pituitary,3,3,pituitary,0.6204187
D:\Major project\Testing\pituitary\Te-pi_0294.jpg,pituitary,3,3,pituitary,0.62497586
D:\Major project\Testing\pituitary\Te-pi_0295.jpg,pituitary,3,3,pituitary,0.6252575
D:\Major project\Testing\pituitary\Te-pi_0296.jpg,pituitary,3,3,pituitary,0.62514436
D:\Major project\Testing\pituitary\Te-pi_0297.jpg,pituitary,3,3,pituitary,0.62501466
D:\Major project\Testing\pituitary\Te-pi_0298.jpg,pituitary,3,3,pituitary,0.62504965
D:\Major project\Testing\pituitary\Te-pi_0299.jpg,pituitary,3,3,pituitary,0.6247975
