filepath,true_idx,true_name,pred_idx,pred_name,prob_glioma,prob_meningioma,prob_notumor,prob_pituitary
D:\Major project\Testing\glioma\Te-glTr_0000.jpg,0,glioma,0,glioma,0.625007,0.124996,0.124939,0.125059
D:\Major project\Testing\glioma\Te-glTr_0001.jpg,0,glioma,0,glioma,0.625011,0.124992,0.124939,0.125058
D:\Major project\Testing\glioma\Te-glTr_0002.jpg,0,glioma,0,glioma,0.625011,0.124992,0.124941,0.125055
D:\Major project\Testing\glioma\Te-glTr_0003.jpg,0,glioma,0,glioma,0.548141,0.148896,0.125369,0.177595
D:\Major project\Testing\glioma\Te-glTr_0004.jpg,0,glioma,0,glioma,0.612129,0.136344,0.124949,0.126578
D:\Major project\Testing\glioma\Te-glTr_0005.jpg,0,glioma,0,glioma,0.624174,0.125806,0.124963,0.125057
D:\Major project\Testing\glioma\Te-glTr_0006.jpg,0,glioma,0,glioma,0.625010,0.124994,0.124938,0.125059
D:\Major project\Testing\glioma\Te-glTr_0007.jpg,0,glioma,0,glioma,0.625015,0.124991,0.124938,0.125056
D:\Major project\Testing\glioma\Te-glTr_0008.jpg,0,glioma,0,glioma,0.625014,0.124991,0.124939,0.125056
D:\Major project\Testing\glioma\Te-glTr_0009.jpg,0,glioma,0,glioma,0.625014,0.124991,0.124939,0.125056
D:\Major project\Testing\glioma\Te-gl_0010.jpg,0,glioma,0,glioma,0.624907,0.125018,0.124938,0.125137
D:\Major project\Testing\glioma\Te-gl_0011.jpg,0,glioma,0,glioma,0.624937,0.125016,0.124937,0.125109
D:\Major project\Testing\glioma\Te-gl_0012.jpg,0,glioma,0,glioma,0.624813,0.124991,0.124939,0.125257
D:\Major project\Testing\glioma\Te-gl_0013.jpg,0,glioma,0,glioma,0.625000,0.125004,0.124935,0.125061
D:\Major project\Testing\glioma\Te-gl_0014.jpg,0,glioma,0,glioma,0.625014,0.124990,0.124936,0.125060
D:\Major project\Testing\glioma\Te-gl_0015.jpg,0,glioma,0,glioma,0.625000,0.124993,0.124940,0.125066
D:\Major project\Testing\glioma\Te-gl_0016.jpg,0,glioma,0,glioma,0.625014,0.124991,0.124941,0.125054
D:\Major project\Testing\glioma\Te-gl_0017.jpg,0,glioma,0,glioma,0.624994,0.125009,0.124942,0.125055
D:\Major project\Testing\glioma\Te-gl_0018.jpg,0,glioma,0,glioma,0.625009,0.124994,0.124945,0.125052
D:\Major project\Testing\glioma\Te-gl_0019.jpg,0,glioma,1,meningioma,0.322086,0.421495,0.124946,0.131474
D:\Major project\Testing\glioma\Te-gl_0020.jpg,0,glioma,0,glioma,0.624721,0.125048,0.124939,0.125292
D:\Major project\Testing\glioma\Te-gl_0021.jpg,0,glioma,0,glioma,0.625015,0.124990,0.124938,0.125056
D:\Major project\Testing\glioma\Te-gl_0022.jpg,0,glioma,0,glioma,0.624997,0.125007,0.124940,0.125056
D:\Major project\Testing\glioma\Te-gl_0023.jpg,0,glioma,0,glioma,0.606147,0.143728,0.125069,0.125055
D:\Major project\Testing\glioma\Te-gl_0024.jpg,0,glioma,0,glioma,0.621189,0.128800,0.124950,0.125061
D:\Major project\Testing\glioma\Te-gl_0025.jpg,0,glioma,0,glioma,0.625013,0.124991,0.124941,0.125055
D:\Major project\Testing\glioma\Te-gl_0026.jpg,0,glioma,0,glioma,0.625014,0.124991,0.124938,0.125057
D:\Major project\Testing\glioma\Te-gl_0027.jpg,0,glioma,0,glioma,0.625014,0.124991,0.124941,0.125055
D:\Major project\Testing\glioma\Te-gl_0028.jpg,0,glioma,0,glioma,0.619113,0.130881,0.124939,0.125067
D:\Major project\Testing\glioma\Te-gl_0029.jpg,0,glioma,0,glioma,0.621189,0.128800,0.124950,0.125061
D:\Major project\Testing\glioma\Te-gl_0030.jpg,0,glioma,1,meningioma,0.125647,0.624356,0.124939,0.125058
D:\Major project\Testing\glioma\Te-gl_0031.jpg,0,glioma,0,glioma,0.625014,0.124991,0.124937,0.125058
D:\Major project\Testing\glioma\Te-gl_0032.jpg,0,glioma,0,glioma,0.625014,0.124990,0.124938,0.125058
D:\Major project\Testing\glioma\Te-gl_0033.jpg,0,glioma,0,glioma,0.625014,0.124990,0.124938,0.125057
D:\Major project\Testing\glioma\Te-gl_0034.jpg,0,glioma,0,glioma,0.625014,0.124991,0.124938,0.125058
D:\Major project\Testing\glioma\Te-gl_0035.jpg,0,glioma,0,glioma,0.625012,0.124992,0.124942,0.125054
D:\Major project\Testing\glioma\Te-gl_0036.jpg,0,glioma,0,glioma,0.624985,0.125019,0.124940,0.125056
D:\Major project\Testing\glioma\Te-gl_0037.jpg,0,glioma,0,glioma,0.624988,0.125015,0.124939,0.125058
D:\Major project\Testing\glioma\Te-gl_0038.jpg,0,glioma,0,glioma,0.625013,0.124991,0.124940,0.125057
D:\Major project\Testing\glioma\Te-gl_0039.jpg,0,glioma,0,glioma,0.624994,0.124995,0.124938,0.125073
D:\Major project\Testing\glioma\Te-gl_0040.jpg,0,glioma,0,glioma,0.625013,0.124991,0.124939,0.125057
D:\Major project\Testing\glioma\Te-gl_0041.jpg,0,glioma,0,glioma,0.624959,0.125044,0.124939,0.125058
D:\Major project\Testing\glioma\Te-gl_0042.jpg,0,glioma,0,glioma,0.620810,0.129188,0.124942,0.125060
D:\Major project\Testing\glioma\Te-gl_0043.jpg,0,glioma,1,meningioma,0.126541,0.623460,0.124944,0.125056
D:\Major project\Testing\glioma\Te-gl_0044.jpg,0,glioma,1,meningioma,0.328061,0.421816,0.124943,0.125180
D:\Major project\Testing\glioma\Te-gl_0045.jpg,0,glioma,1,meningioma,0.296143,0.453841,0.124941,0.125075
D:\Major project\Testing\glioma\Te-gl_0046.jpg,0,glioma,1,meningioma,0.281528,0.468473,0.124943,0.125056
D:\Major project\Testing\glioma\Te-gl_0047.jpg,0,glioma,1,meningioma,0.334399,0.413890,0.125233,0.126479
D:\Major project\Testing\glioma\Te-gl_0048.jpg,0,glioma,0,glioma,0.556214,0.193788,0.124941,0.125057
D:\Major project\Testing\glioma\Te-gl_0049.jpg,0,glioma,0,glioma,0.625013,0.124991,0.124938,0.125058
D:\Major project\Testing\glioma\Te-gl_0050.jpg,0,glioma,0,glioma,0.624813,0.125133,0.124935,0.125119
D:\Major project\Testing\glioma\Te-gl_0051.jpg,0,glioma,0,glioma,0.625014,0.124991,0.124936,0.125059
D:\Major project\Testing\glioma\Te-gl_0052.jpg,0,glioma,0,glioma,0.625014,0.124991,0.124941,0.125055
D:\Major project\Testing\glioma\Te-gl_0053.jpg,0,glioma,0,glioma,0.625014,0.124990,0.124941,0.125055
D:\Major project\Testing\glioma\Te-gl_0054.jpg,0,glioma,0,glioma,0.625014,0.124990,0.124941,0.125055
D:\Major project\Testing\glioma\Te-gl_0055.jpg,0,glioma,0,glioma,0.625013,0.124991,0.124942,0.125054
D:\Major project\Testing\glioma\Te-gl_0056.jpg,0,glioma,0,glioma,0.625013,0.124991,0.124940,0.125056
D:\Major project\Testing\glioma\Te-gl_0057.jpg,0,glioma,0,glioma,0.485805,0.255916,0.125537,0.132741
D:\Major project\Testing\glioma\Te-gl_0058.jpg,0,glioma,0,glioma,0.625012,0.124992,0.124940,0.125055
D:\Major project\Testing\glioma\Te-gl_0059.jpg,0,glioma,0,glioma,0.625013,0.124991,0.124941,0.125055
D:\Major project\Testing\glioma\Te-gl_0060.jpg,0,glioma,0,glioma,0.624850,0.125153,0.124941,0.125056
D:\Major project\Testing\glioma\Te-gl_0061.jpg,0,glioma,0,glioma,0.624211,0.125790,0.124940,0.125058
D:\Major project\Testing\glioma\Te-gl_0062.jpg,0,glioma,0,glioma,0.625013,0.124990,0.124942,0.125054
D:\Major project\Testing\glioma\Te-gl_0063.jpg,0,glioma,0,glioma,0.625013,0.124990,0.124940,0.125057
D:\Major project\Testing\glioma\Te-gl_0064.jpg,0,glioma,0,glioma,0.625013,0.124990,0.124943,0.125054
D:\Major project\Testing\glioma\Te-gl_0065.jpg,0,glioma,0,glioma,0.625014,0.124989,0.124942,0.125055
D:\Major project\Testing\glioma\Te-gl_0066.jpg,0,glioma,0,glioma,0.625013,0.124990,0.124941,0.125055
D:\Major project\Testing\glioma\Te-gl_0067.jpg,0,glioma,0,glioma,0.625012,0.124991,0.124941,0.125055
D:\Major project\Testing\glioma\Te-gl_0068.jpg,0,glioma,0,glioma,0.624946,0.125058,0.124937,0.125059
D:\Major project\Testing\glioma\Te-gl_0069.jpg,0,glioma,0,glioma,0.624995,0.124990,0.124939,0.125076
D:\Major project\Testing\glioma\Te-gl_0070.jpg,0,glioma,0,glioma,0.624832,0.125169,0.124939,0.125061
D:\Major project\Testing\glioma\Te-gl_0071.jpg,0,glioma,0,glioma,0.625013,0.124990,0.124938,0.125059
D:\Major project\Testing\glioma\Te-gl_0072.jpg,0,glioma,0,glioma,0.625009,0.124995,0.124945,0.125051
D:\Major project\Testing\glioma\Te-gl_0073.jpg,0,glioma,0,glioma,0.624824,0.124999,0.124940,0.125237
D:\Major project\Testing\glioma\Te-gl_0074.jpg,0,glioma,0,glioma,0.624982,0.125010,0.124943,0.125064
D:\Major project\Testing\glioma\Te-gl_0075.jpg,0,glioma,0,glioma,0.625014,0.124990,0.124942,0.125054
D:\Major project\Testing\glioma\Te-gl_0076.jpg,0,glioma,0,glioma,0.625014,0.124990,0.124940,0.125055
D:\Major project\Testing\glioma\Te-gl_0077.jpg,0,glioma,0,glioma,0.625011,0.124993,0.124941,0.125056
D:\Major project\Testing\glioma\Te-gl_0078.jpg,0,glioma,0,glioma,0.625015,0.124990,0.124940,0.125056
D:\Major project\Testing\glioma\Te-gl_0079.jpg,0,glioma,0,glioma,0.625014,0.124991,0.124939,0.125056
D:\Major project\Testing\glioma\Te-gl_0080.jpg,0,glioma,0,glioma,0.625014,0.124990,0.124942,0.125054
D:\Major project\Testing\glioma\Te-gl_0081.jpg,0,glioma,0,glioma,0.589580,0.142250,0.124953,0.143217
D:\Major project\Testing\glioma\Te-gl_0082.jpg,0,glioma,0,glioma,0.625013,0.124991,0.124941,0.125055
D:\Major project\Testing\glioma\Te-gl_0083.jpg,0,glioma,0,glioma,0.623867,0.126016,0.125050,0.125067
D:\Major project\Testing\glioma\Te-gl_0084.jpg,0,glioma,0,glioma,0.624934,0.125057,0.124937,0.125073
D:\Major project\Testing\glioma\Te-gl_0085.jpg,0,glioma,0,glioma,0.625014,0.124990,0.124940,0.125056
D:\Major project\Testing\glioma\Te-gl_0086.jpg,0,glioma,0,glioma,0.625014,0.124990,0.124941,0.125055
D:\Major project\Testing\glioma\Te-gl_0087.jpg,0,glioma,0,glioma,0.624681,0.125309,0.124954,0.125056
D:\Major project\Testing\glioma\Te-gl_0088.jpg,0,glioma,0,glioma,0.624918,0.125084,0.124944,0.125054
D:\Major project\Testing\glioma\Te-gl_0089.jpg,0,glioma,0,glioma,0.515747,0.188457,0.126304,0.169492
D:\Major project\Testing\glioma\Te-gl_0090.jpg,0,glioma,0,glioma,0.625014,0.124990,0.124938,0.125058
D:\Major project\Testing\glioma\Te-gl_0091.jpg,0,glioma,0,glioma,0.625007,0.124996,0.124935,0.125062
D:\Major project\Testing\glioma\Te-gl_0092.jpg,0,glioma,0,glioma,0.624965,0.125009,0.124938,0.125088
D:\Major project\Testing\glioma\Te-gl_0093.jpg,0,glioma,0,glioma,0.624637,0.125081,0.124947,0.125334
D:\Major project\Testing\glioma\Te-gl_0094.jpg,0,glioma,0,glioma,0.614600,0.133443,0.126723,0.125235
D:\Major project\Testing\glioma\Te-gl_0095.jpg,0,glioma,0,glioma,0.625014,0.124990,0.124940,0.125056
D:\Major project\Testing\glioma\Te-gl_0096.jpg,0,glioma,0,glioma,0.624919,0.125051,0.124938,0.125092
D:\Major project\Testing\glioma\Te-gl_0097.jpg,0,glioma,0,glioma,0.625004,0.125000,0.124935,0.125061
D:\Major project\Testing\glioma\Te-gl_0098.jpg,0,glioma,0,glioma,0.625014,0.124991,0.124941,0.125055
D:\Major project\Testing\glioma\Te-gl_0099.jpg,0,glioma,0,glioma,0.569254,0.125365,0.124967,0.180414
D:\Major project\Testing\glioma\Te-gl_0100.jpg,0,glioma,0,glioma,0.625014,0.124990,0.124940,0.125055
D:\Major project\Testing\glioma\Te-gl_0101.jpg,0,glioma,0,glioma,0.624358,0.125618,0.124937,0.125087
D:\Major project\Testing\glioma\Te-gl_0102.jpg,0,glioma,0,glioma,0.625012,0.124991,0.124940,0.125057
D:\Major project\Testing\glioma\Te-gl_0103.jpg,0,glioma,0,glioma,0.625012,0.124992,0.124939,0.125057
D:\Major project\Testing\glioma\Te-gl_0104.jpg,0,glioma,0,glioma,0.625014,0.124991,0.124941,0.125054
D:\Major project\Testing\glioma\Te-gl_0105.jpg,0,glioma,0,glioma,0.625014,0.124991,0.124941,0.125054
D:\Major project\Testing\glioma\Te-gl_0106.jpg,0,glioma,0,glioma,0.608138,0.139916,0.125036,0.126910
D:\Major project\Testing\glioma\Te-gl_0107.jpg,0,glioma,0,glioma,0.601844,0.148117,0.124947,0.125092
D:\Major project\Testing\glioma\Te-gl_0108.jpg,0,glioma,0,glioma,0.625014,0.124990,0.124938,0.125057
D:\Major project\Testing\glioma\Te-gl_0109.jpg,0,glioma,0,glioma,0.622440,0.125523,0.125001,0.127036
D:\Major project\Testing\glioma\Te-gl_0110.jpg,0,glioma,0,glioma,0.624750,0.125022,0.124949,0.125279
D:\Major project\Testing\glioma\Te-gl_0111.jpg,0,glioma,0,glioma,0.625015,0.124990,0.124938,0.125056
D:\Major project\Testing\glioma\Te-gl_0112.jpg,0,glioma,0,glioma,0.625015,0.124990,0.124939,0.125056
D:\Major project\Testing\glioma\Te-gl_0113.jpg,0,glioma,0,glioma,0.625006,0.124998,0.124940,0.125055
D:\Major project\Testing\glioma\Te-gl_0114.jpg,0,glioma,0,glioma,0.614266,0.135535,0.125145,0.125055
D:\Major project\Testing\glioma\Te-gl_0115.jpg,0,glioma,0,glioma,0.624762,0.125178,0.124938,0.125122
D:\Major project\Testing\glioma\Te-gl_0116.jpg,0,glioma,0,glioma,0.625003,0.125001,0.124938,0.125057
D:\Major project\Testing\glioma\Te-gl_0117.jpg,0,glioma,0,glioma,0.625013,0.124990,0.124939,0.125058
D:\Major project\Testing\glioma\Te-gl_0118.jpg,0,glioma,0,glioma,0.624994,0.125010,0.124939,0.125057
D:\Major project\Testing\glioma\Te-gl_0119.jpg,0,glioma,0,glioma,0.624892,0.125067,0.124935,0.125107
D:\Major project\Testing\glioma\Te-gl_0120.jpg,0,glioma,0,glioma,0.625014,0.124991,0.124937,0.125058
D:\Major project\Testing\glioma\Te-gl_0121.jpg,0,glioma,0,glioma,0.625013,0.124991,0.124941,0.125055
D:\Major project\Testing\glioma\Te-gl_0122.jpg,0,glioma,0,glioma,0.616664,0.133333,0.124943,0.125059
D:\Major project\Testing\glioma\Te-gl_0123.jpg,0,glioma,0,glioma,0.625014,0.124990,0.124940,0.125056
D:\Major project\Testing\glioma\Te-gl_0124.jpg,0,glioma,0,glioma,0.625013,0.124991,0.124941,0.125055
D:\Major project\Testing\glioma\Te-gl_0125.jpg,0,glioma,0,glioma,0.585109,0.164011,0.125078,0.125802
D:\Major project\Testing\glioma\Te-gl_0126.jpg,0,glioma,0,glioma,0.538809,0.203477,0.125887,0.131826
D:\Major project\Testing\glioma\Te-gl_0127.jpg,0,glioma,0,glioma,0.625012,0.124992,0.124940,0.125056
D:\Major project\Testing\glioma\Te-gl_0128.jpg,0,glioma,0,glioma,0.625006,0.124997,0.124941,0.125057
D:\Major project\Testing\glioma\Te-gl_0129.jpg,0,glioma,0,glioma,0.624966,0.125035,0.124940,0.125058
D:\Major project\Testing\glioma\Te-gl_0130.jpg,0,glioma,0,glioma,0.625010,0.124994,0.124940,0.125056
D:\Major project\Testing\glioma\Te-gl_0131.jpg,0,glioma,0,glioma,0.625013,0.124990,0.124942,0.125054
D:\Major project\Testing\glioma\Te-gl_0132.jpg,0,glioma,0,glioma,0.625013,0.124990,0.124941,0.125057
D:\Major project\Testing\glioma\Te-gl_0133.jpg,0,glioma,0,glioma,0.624992,0.125006,0.124939,0.125063
D:\Major project\Testing\glioma\Te-gl_0134.jpg,0,glioma,0,glioma,0.625014,0.124990,0.124938,0.125058
D:\Major project\Testing\glioma\Te-gl_0135.jpg,0,glioma,0,glioma,0.625014,0.124990,0.124941,0.125055
D:\Major project\Testing\glioma\Te-gl_0136.jpg,0,glioma,0,glioma,0.625006,0.124998,0.124944,0.125052
D:\Major project\Testing\glioma\Te-gl_0137.jpg,0,glioma,0,glioma,0.625004,0.124994,0.124940,0.125062
D:\Major project\Testing\glioma\Te-gl_0138.jpg,0,glioma,0,glioma,0.625009,0.124993,0.124941,0.125057
D:\Major project\Testing\glioma\Te-gl_0139.jpg,0,glioma,0,glioma,0.625008,0.124991,0.124938,0.125064
D:\Major project\Testing\glioma\Te-gl_0140.jpg,0,glioma,0,glioma,0.624997,0.125001,0.124938,0.125064
D:\Major project\Testing\glioma\Te-gl_0141.jpg,0,glioma,0,glioma,0.625014,0.124990,0.124940,0.125056
D:\Major project\Testing\glioma\Te-gl_0142.jpg,0,glioma,0,glioma,0.625012,0.124992,0.124941,0.125055
D:\Major project\Testing\glioma\Te-gl_0143.jpg,0,glioma,0,glioma,0.625013,0.124990,0.124939,0.125057
D:\Major project\Testing\glioma\Te-gl_0144.jpg,0,glioma,0,glioma,0.625011,0.124991,0.124941,0.125056
D:\Major project\Testing\glioma\Te-gl_0145.jpg,0,glioma,0,glioma,0.625012,0.124991,0.124940,0.125057
D:\Major project\Testing\glioma\Te-gl_0146.jpg,0,glioma,0,glioma,0.625014,0.124990,0.124938,0.125059
D:\Major project\Testing\glioma\Te-gl_0147.jpg,0,glioma,0,glioma,0.625012,0.124991,0.124942,0.125054
D:\Major project\Testing\glioma\Te-gl_0148.jpg,0,glioma,0,glioma,0.624852,0.125151,0.124940,0.125056
D:\Major project\Testing\glioma\Te-gl_0149.jpg,0,glioma,0,glioma,0.625003,0.125001,0.124941,0.125056
D:\Major project\Testing\glioma\Te-gl_0150.jpg,0,glioma,0,glioma,0.624390,0.125613,0.124943,0.125054
D:\Major project\Testing\glioma\Te-gl_0151.jpg,0,glioma,0,glioma,0.625004,0.124997,0.124940,0.125059
D:\Major project\Testing\glioma\Te-gl_0152.jpg,0,glioma,0,glioma,0.624051,0.125932,0.124940,0.125077
D:\Major project\Testing\glioma\Te-gl_0153.jpg,0,glioma,0,glioma,0.625012,0.124991,0.124940,0.125056
D:\Major project\Testing\glioma\Te-gl_0154.jpg,0,glioma,0,glioma,0.624974,0.125030,0.124939,0.125057
D:\Major project\Testing\glioma\Te-gl_0155.jpg,0,glioma,0,glioma,0.625014,0.124991,0.124941,0.125055
D:\Major project\Testing\glioma\Te-gl_0156.jpg,0,glioma,0,glioma,0.625011,0.124991,0.124938,0.125061
D:\Major project\Testing\glioma\Te-gl_0157.jpg,0,glioma,0,glioma,0.625007,0.124997,0.124939,0.125057
D:\Major project\Testing\glioma\Te-gl_0158.jpg,0,glioma,0,glioma,0.511965,0.238016,0.124943,0.125076
D:\Major project\Testing\glioma\Te-gl_0159.jpg,0,glioma,0,glioma,0.414103,0.335888,0.124945,0.125065
D:\Major project\Testing\glioma\Te-gl_0160.jpg,0,glioma,0,glioma,0.625008,0.124995,0.124944,0.125054
D:\Major project\Testing\glioma\Te-gl_0161.jpg,0,glioma,0,glioma,0.624920,0.125084,0.124943,0.125054
D:\Major project\Testing\glioma\Te-gl_0162.jpg,0,glioma,0,glioma,0.624986,0.125016,0.124941,0.125057
D:\Major project\Testing\glioma\Te-gl_0163.jpg,0,glioma,0,glioma,0.623416,0.126586,0.124944,0.125054
D:\Major project\Testing\glioma\Te-gl_0164.jpg,0,glioma,0,glioma,0.625006,0.124990,0.124941,0.125063
D:\Major project\Testing\glioma\Te-gl_0165.jpg,0,glioma,0,glioma,0.625009,0.124989,0.124942,0.125060
D:\Major project\Testing\glioma\Te-gl_0166.jpg,0,glioma,0,glioma,0.625013,0.124991,0.124941,0.125055
D:\Major project\Testing\glioma\Te-gl_0167.jpg,0,glioma,0,glioma,0.624689,0.125183,0.124941,0.125187
D:\Major project\Testing\glioma\Te-gl_0168.jpg,0,glioma,0,glioma,0.610234,0.139763,0.124946,0.125057
D:\Major project\Testing\glioma\Te-gl_0169.jpg,0,glioma,0,glioma,0.621955,0.128048,0.124940,0.125058
D:\Major project\Testing\glioma\Te-gl_0170.jpg,0,glioma,0,glioma,0.625005,0.124990,0.124940,0.125065
D:\Major project\Testing\glioma\Te-gl_0171.jpg,0,glioma,0,glioma,0.625014,0.124990,0.124940,0.125057
D:\Major project\Testing\glioma\Te-gl_0172.jpg,0,glioma,0,glioma,0.625002,0.125001,0.124942,0.125055
D:\Major project\Testing\glioma\Te-gl_0173.jpg,0,glioma,0,glioma,0.625009,0.124994,0.124942,0.125055
D:\Major project\Testing\glioma\Te-gl_0174.jpg,0,glioma,0,glioma,0.624992,0.125012,0.124940,0.125056
D:\Major project\Testing\glioma\Te-gl_0175.jpg,0,glioma,0,glioma,0.625009,0.124995,0.124941,0.125054
D:\Major project\Testing\glioma\Te-gl_0176.jpg,0,glioma,0,glioma,0.624432,0.125532,0.124944,0.125093
D:\Major project\Testing\glioma\Te-gl_0177.jpg,0,glioma,0,glioma,0.624754,0.125250,0.124941,0.125055
D:\Major project\Testing\glioma\Te-gl_0178.jpg,0,glioma,0,glioma,0.547596,0.202409,0.124940,0.125056
D:\Major project\Testing\glioma\Te-gl_0179.jpg,0,glioma,0,glioma,0.624883,0.125116,0.124944,0.125057
D:\Major project\Testing\glioma\Te-gl_0180.jpg,0,glioma,0,glioma,0.625013,0.124990,0.124941,0.125056
D:\Major project\Testing\glioma\Te-gl_0181.jpg,0,glioma,0,glioma,0.625008,0.124995,0.124941,0.125056
D:\Major project\Testing\glioma\Te-gl_0182.jpg,0,glioma,0,glioma,0.624959,0.125044,0.124942,0.125055
D:\Major project\Testing\glioma\Te-gl_0183.jpg,0,glioma,0,glioma,0.625010,0.124991,0.124948,0.125051
D:\Major project\Testing\glioma\Te-gl_0184.jpg,0,glioma,0,glioma,0.625007,0.124996,0.124948,0.125049
D:\Major project\Testing\glioma\Te-gl_0185.jpg,0,glioma,0,glioma,0.624998,0.125003,0.124942,0.125057
D:\Major project\Testing\glioma\Te-gl_0186.jpg,0,glioma,0,glioma,0.625011,0.124990,0.124943,0.125056
D:\Major project\Testing\glioma\Te-gl_0187.jpg,0,glioma,0,glioma,0.625010,0.124992,0.124947,0.125051
D:\Major project\Testing\glioma\Te-gl_0188.jpg,0,glioma,0,glioma,0.625010,0.124993,0.124943,0.125054
D:\Major project\Testing\glioma\Te-gl_0189.jpg,0,glioma,0,glioma,0.624871,0.125133,0.124943,0.125054
D:\Major project\Testing\glioma\Te-gl_0190.jpg,0,glioma,0,glioma,0.624702,0.125250,0.124941,0.125107
D:\Major project\Testing\glioma\Te-gl_0191.jpg,0,glioma,0,glioma,0.624991,0.125014,0.124938,0.125058
D:\Major project\Testing\glioma\Te-gl_0192.jpg,0,glioma,0,glioma,0.608724,0.141275,0.124944,0.125057
D:\Major project\Testing\glioma\Te-gl_0193.jpg,0,glioma,0,glioma,0.625013,0.124990,0.124941,0.125056
D:\Major project\Testing\glioma\Te-gl_0194.jpg,0,glioma,0,glioma,0.625014,0.124991,0.124936,0.125059
D:\Major project\Testing\glioma\Te-gl_0195.jpg,0,glioma,0,glioma,0.624873,0.125131,0.124937,0.125059
D:\Major project\Testing\glioma\Te-gl_0196.jpg,0,glioma,0,glioma,0.624307,0.125694,0.124940,0.125059
D:\Major project\Testing\glioma\Te-gl_0197.jpg,0,glioma,0,glioma,0.624981,0.125021,0.124941,0.125056
D:\Major project\Testing\glioma\Te-gl_0198.jpg,0,glioma,0,glioma,0.624548,0.125457,0.124939,0.125056
D:\Major project\Testing\glioma\Te-gl_0199.jpg,0,glioma,0,glioma,0.624992,0.125010,0.124939,0.125059
D:\Major project\Testing\glioma\Te-gl_0200.jpg,0,glioma,0,glioma,0.625006,0.124997,0.124940,0.125056
D:\Major project\Testing\glioma\Te-gl_0201.jpg,0,glioma,0,glioma,0.625013,0.124991,0.124942,0.125054
D:\Major project\Testing\glioma\Te-gl_0202.jpg,0,glioma,0,glioma,0.625008,0.124995,0.124942,0.125055
D:\Major project\Testing\glioma\Te-gl_0203.jpg,0,glioma,0,glioma,0.625011,0.124992,0.124942,0.125055
D:\Major project\Testing\glioma\Te-gl_0204.jpg,0,glioma,0,glioma,0.624898,0.125106,0.124939,0.125057
D:\Major project\Testing\glioma\Te-gl_0205.jpg,0,glioma,0,glioma,0.624954,0.125049,0.124943,0.125054
D:\Major project\Testing\glioma\Te-gl_0206.jpg,0,glioma,0,glioma,0.624512,0.125483,0.124943,0.125062
D:\Major project\Testing\glioma\Te-gl_0207.jpg,0,glioma,0,glioma,0.625004,0.124999,0.124939,0.125058
D:\Major project\Testing\glioma\Te-gl_0208.jpg,0,glioma,0,glioma,0.624904,0.125100,0.124941,0.125055
D:\Major project\Testing\glioma\Te-gl_0209.jpg,0,glioma,0,glioma,0.625006,0.124991,0.124943,0.125060
D:\Major project\Testing\glioma\Te-gl_0210.jpg,0,glioma,0,glioma,0.625013,0.124990,0.124944,0.125052
D:\Major project\Testing\glioma\Te-gl_0211.jpg,0,glioma,0,glioma,0.624864,0.125123,0.124943,0.125070
D:\Major project\Testing\glioma\Te-gl_0212.jpg,0,glioma,0,glioma,0.625013,0.124990,0.124941,0.125055
D:\Major project\Testing\glioma\Te-gl_0213.jpg,0,glioma,0,glioma,0.625008,0.124995,0.124942,0.125055
D:\Major project\Testing\glioma\Te-gl_0214.jpg,0,glioma,0,glioma,0.625012,0.124991,0.124940,0.125058
D:\Major project\Testing\glioma\Te-gl_0215.jpg,0,glioma,0,glioma,0.625007,0.124995,0.124941,0.125057
D:\Major project\Testing\glioma\Te-gl_0216.jpg,0,glioma,0,glioma,0.625007,0.124994,0.124940,0.125059
D:\Major project\Testing\glioma\Te-gl_0217.jpg,0,glioma,0,glioma,0.625013,0.124991,0.124942,0.125054
D:\Major project\Testing\glioma\Te-gl_0218.jpg,0,glioma,0,glioma,0.625013,0.124990,0.124942,0.125055
D:\Major project\Testing\glioma\Te-gl_0219.jpg,0,glioma,0,glioma,0.624726,0.124990,0.124942,0.125341
D:\Major project\Testing\glioma\Te-gl_0220.jpg,0,glioma,0,glioma,0.625011,0.124992,0.124942,0.125055
D:\Major project\Testing\glioma\Te-gl_0221.jpg,0,glioma,0,glioma,0.624739,0.125188,0.124944,0.125129
D:\Major project\Testing\glioma\Te-gl_0222.jpg,0,glioma,0,glioma,0.624952,0.125011,0.124944,0.125093
D:\Major project\Testing\glioma\Te-gl_0223.jpg,0,glioma,0,glioma,0.624743,0.125259,0.124943,0.125056
D:\Major project\Testing\glioma\Te-gl_0224.jpg,0,glioma,0,glioma,0.625014,0.124992,0.124941,0.125054
D:\Major project\Testing\glioma\Te-gl_0225.jpg,0,glioma,0,glioma,0.625005,0.124998,0.124951,0.125046
D:\Major project\Testing\glioma\Te-gl_0226.jpg,0,glioma,0,glioma,0.625010,0.124991,0.124949,0.125049
D:\Major project\Testing\glioma\Te-gl_0227.jpg,0,glioma,0,glioma,0.624970,0.125033,0.124942,0.125056
D:\Major project\Testing\glioma\Te-gl_0228.jpg,0,glioma,0,glioma,0.625011,0.124991,0.124946,0.125051
D:\Major project\Testing\glioma\Te-gl_0229.jpg,0,glioma,0,glioma,0.602481,0.147512,0.124943,0.125063
D:\Major project\Testing\glioma\Te-gl_0230.jpg,0,glioma,0,glioma,0.607203,0.138908,0.125191,0.128698
D:\Major project\Testing\glioma\Te-gl_0231.jpg,0,glioma,0,glioma,0.619914,0.127505,0.124945,0.127636
D:\Major project\Testing\glioma\Te-gl_0232.jpg,0,glioma,0,glioma,0.479685,0.270289,0.124954,0.125072
D:\Major project\Testing\glioma\Te-gl_0233.jpg,0,glioma,0,glioma,0.476740,0.273193,0.124969,0.125098
D:\Major project\Testing\glioma\Te-gl_0234.jpg,0,glioma,1,meningioma,0.246119,0.503798,0.124952,0.125131
D:\Major project\Testing\glioma\Te-gl_0235.jpg,0,glioma,1,meningioma,0.247924,0.502075,0.124940,0.125061
D:\Major project\Testing\glioma\Te-gl_0236.jpg,0,glioma,1,meningioma,0.128319,0.621676,0.124944,0.125061
D:\Major project\Testing\glioma\Te-gl_0237.jpg,0,glioma,1,meningioma,0.127654,0.621486,0.125069,0.125791
D:\Major project\Testing\glioma\Te-gl_0238.jpg,0,glioma,0,glioma,0.471497,0.278497,0.124939,0.125067
D:\Major project\Testing\glioma\Te-gl_0239.jpg,0,glioma,1,meningioma,0.202195,0.547783,0.124940,0.125082
D:\Major project\Testing\glioma\Te-gl_0240.jpg,0,glioma,0,glioma,0.606009,0.143988,0.124943,0.125060
D:\Major project\Testing\glioma\Te-gl_0241.jpg,0,glioma,0,glioma,0.617001,0.132902,0.124986,0.125112
D:\Major project\Testing\glioma\Te-gl_0242.jpg,0,glioma,0,glioma,0.398361,0.351631,0.124947,0.125060
D:\Major project\Testing\glioma\Te-gl_0243.jpg,0,glioma,0,glioma,0.542565,0.207435,0.124939,0.125061
D:\Major project\Testing\glioma\Te-gl_0244.jpg,0,glioma,0,glioma,0.618176,0.131824,0.124939,0.125062
D:\Major project\Testing\glioma\Te-gl_0245.jpg,0,glioma,0,glioma,0.431610,0.318386,0.124937,0.125066
D:\Major project\Testing\glioma\Te-gl_0246.jpg,0,glioma,1,meningioma,0.369825,0.380098,0.124975,0.125102
D:\Major project\Testing\glioma\Te-gl_0247.jpg,0,glioma,1,meningioma,0.237823,0.512078,0.124957,0.125142
D:\Major project\Testing\glioma\Te-gl_0248.jpg,0,glioma,0,glioma,0.564520,0.185456,0.124948,0.125076
D:\Major project\Testing\glioma\Te-gl_0249.jpg,0,glioma,0,glioma,0.395759,0.353349,0.124990,0.125901
D:\Major project\Testing\glioma\Te-gl_0250.jpg,0,glioma,0,glioma,0.437606,0.309136,0.125061,0.128197
D:\Major project\Testing\glioma\Te-gl_0251.jpg,0,glioma,1,meningioma,0.190156,0.559757,0.124961,0.125126
D:\Major project\Testing\glioma\Te-gl_0252.jpg,0,glioma,1,meningioma,0.159678,0.577730,0.124949,0.137642
D:\Major project\Testing\glioma\Te-gl_0253.jpg,0,glioma,0,glioma,0.577437,0.172550,0.124942,0.125071
D:\Major project\Testing\glioma\Te-gl_0254.jpg,0,glioma,0,glioma,0.456279,0.293708,0.124940,0.125072
D:\Major project\Testing\glioma\Te-gl_0255.jpg,0,glioma,1,meningioma,0.141006,0.608997,0.124938,0.125059
D:\Major project\Testing\glioma\Te-gl_0256.jpg,0,glioma,0,glioma,0.602873,0.147119,0.124947,0.125061
D:\Major project\Testing\glioma\Te-gl_0257.jpg,0,glioma,0,glioma,0.551225,0.198592,0.124962,0.125221
D:\Major project\Testing\glioma\Te-gl_0258.jpg,0,glioma,0,glioma,0.392234,0.356992,0.125612,0.125162
D:\Major project\Testing\glioma\Te-gl_0259.jpg,0,glioma,1,meningioma,0.129504,0.605408,0.124967,0.140121
D:\Major project\Testing\glioma\Te-gl_0260.jpg,0,glioma,1,meningioma,0.293177,0.456741,0.124998,0.125085
D:\Major project\Testing\glioma\Te-gl_0261.jpg,0,glioma,0,glioma,0.508925,0.241009,0.124948,0.125119
D:\Major project\Testing\glioma\Te-gl_0262.jpg,0,glioma,1,meningioma,0.315634,0.434324,0.124959,0.125084
D:\Major project\Testing\glioma\Te-gl_0263.jpg,0,glioma,0,glioma,0.535471,0.214179,0.125059,0.125292
D:\Major project\Testing\glioma\Te-gl_0264.jpg,0,glioma,1,meningioma,0.192744,0.557216,0.124943,0.125096
D:\Major project\Testing\glioma\Te-gl_0265.jpg,0,glioma,1,meningioma,0.185617,0.562553,0.125224,0.126606
D:\Major project\Testing\glioma\Te-gl_0266.jpg,0,glioma,0,glioma,0.543308,0.206137,0.124946,0.125609
D:\Major project\Testing\glioma\Te-gl_0267.jpg,0,glioma,1,meningioma,0.195948,0.553672,0.124939,0.125441
D:\Major project\Testing\glioma\Te-gl_0268.jpg,0,glioma,3,pituitary,0.196053,0.214866,0.124992,0.464089
D:\Major project\Testing\glioma\Te-gl_0269.jpg,0,glioma,0,glioma,0.620707,0.129292,0.124945,0.125056
D:\Major project\Testing\glioma\Te-gl_0270.jpg,0,glioma,0,glioma,0.520033,0.229911,0.124955,0.125101
D:\Major project\Testing\glioma\Te-gl_0271.jpg,0,glioma,0,glioma,0.412198,0.336711,0.124947,0.126144
D:\Major project\Testing\glioma\Te-gl_0272.jpg,0,glioma,1,meningioma,0.172102,0.451483,0.124951,0.251464
D:\Major project\Testing\glioma\Te-gl_0273.jpg,0,glioma,0,glioma,0.620396,0.126079,0.124963,0.128561
D:\Major project\Testing\glioma\Te-gl_0274.jpg,0,glioma,0,glioma,0.624076,0.125923,0.124946,0.125055
D:\Major project\Testing\glioma\Te-gl_0275.jpg,0,glioma,1,meningioma,0.137429,0.612560,0.124940,0.125071
D:\Major project\Testing\glioma\Te-gl_0276.jpg,0,glioma,1,meningioma,0.147271,0.602726,0.124940,0.125062
D:\Major project\Testing\glioma\Te-gl_0277.jpg,0,glioma,1,meningioma,0.128910,0.609843,0.124978,0.136268
D:\Major project\Testing\glioma\Te-gl_0278.jpg,0,glioma,0,glioma,0.583877,0.166064,0.124942,0.125117
D:\Major project\Testing\glioma\Te-gl_0279.jpg,0,glioma,0,glioma,0.613469,0.134275,0.125404,0.126852
D:\Major project\Testing\glioma\Te-gl_0280.jpg,0,glioma,0,glioma,0.591138,0.152062,0.124957,0.131844
D:\Major project\Testing\glioma\Te-gl_0281.jpg,0,glioma,0,glioma,0.561828,0.187678,0.125014,0.125481
D:\Major project\Testing\glioma\Te-gl_0282.jpg,0,glioma,0,glioma,0.615937,0.134067,0.124943,0.125053
D:\Major project\Testing\glioma\Te-gl_0283.jpg,0,glioma,0,glioma,0.419990,0.330015,0.124939,0.125056
D:\Major project\Testing\glioma\Te-gl_0284.jpg,0,glioma,0,glioma,0.624611,0.125391,0.124945,0.125053
D:\Major project\Testing\glioma\Te-gl_0285.jpg,0,glioma,0,glioma,0.564027,0.185976,0.124946,0.125051
D:\Major project\Testing\glioma\Te-gl_0286.jpg,0,glioma,0,glioma,0.625013,0.124991,0.124940,0.125056
D:\Major project\Testing\glioma\Te-gl_0287.jpg,0,glioma,0,glioma,0.625014,0.124991,0.124939,0.125057
D:\Major project\Testing\glioma\Te-gl_0288.jpg,0,glioma,0,glioma,0.625015,0.124990,0.124940,0.125056
D:\Major project\Testing\glioma\Te-gl_0289.jpg,0,glioma,0,glioma,0.623823,0.126064,0.124944,0.125169
D:\Major project\Testing\glioma\Te-gl_0290.jpg,0,glioma,0,glioma,0.618614,0.131278,0.124953,0.125155
D:\Major project\Testing\glioma\Te-gl_0291.jpg,0,glioma,0,glioma,0.613610,0.136385,0.124945,0.125060
D:\Major project\Testing\glioma\Te-gl_0292.jpg,0,glioma,0,glioma,0.624918,0.125087,0.124940,0.125055
D:\Major project\Testing\glioma\Te-gl_0293.jpg,0,glioma,0,glioma,0.620023,0.129976,0.124947,0.125054
D:\Major project\Testing\glioma\Te-gl_0294.jpg,0,glioma,0,glioma,0.625012,0.124991,0.124937,0.125059
D:\Major project\Testing\glioma\Te-gl_0295.jpg,0,glioma,0,glioma,0.621956,0.127791,0.125115,0.125138
D:\Major project\Testing\glioma\Te-gl_0296.jpg,0,glioma,0,glioma,0.625014,0.124991,0.124941,0.125054
D:\Major project\Testing\glioma\Te-gl_0297.jpg,0,glioma,0,glioma,0.625013,0.124991,0.124943,0.125053
D:\Major project\Testing\glioma\Te-gl_0298.jpg,0,glioma,0,glioma,0.625013,0.124991,0.124942,0.125053
D:\Major project\Testing\glioma\Te-gl_0299.jpg,0,glioma,0,glioma,0.609567,0.127686,0.125592,0.137155
D:\Major project\Testing\meningioma\Te-meTr_0000.jpg,1,meningioma,2,notumor,0.125299,0.363836,0.371652,0.139213
D:\Major project\Testing\meningioma\Te-meTr_0001.jpg,1,meningioma,1,meningioma,0.126937,0.596435,0.133467,0.143161
D:\Major project\Testing\meningioma\Te-meTr_0002.jpg,1,meningioma,1,meningioma,0.125549,0.590669,0.149192,0.134590
D:\Major project\Testing\meningioma\Te-meTr_0003.jpg,1,meningioma,1,meningioma,0.128780,0.545543,0.165286,0.160390
D:\Major project\Testing\meningioma\Te-meTr_0004.jpg,1,meningioma,1,meningioma,0.125014,0.623056,0.126852,0.125078
D:\Major project\Testing\meningioma\Te-meTr_0005.jpg,1,meningioma,1,meningioma,0.125050,0.413029,0.335865,0.126056
D:\Major project\Testing\meningioma\Te-meTr_0006.jpg,1,meningioma,1,meningioma,0.125014,0.564180,0.185730,0.125076
D:\Major project\Testing\meningioma\Te-meTr_0007.jpg,1,meningioma,1,meningioma,0.149869,0.591875,0.125800,0.132456
D:\Major project\Testing\meningioma\Te-meTr_0008.jpg,1,meningioma,1,meningioma,0.125526,0.624107,0.125147,0.125220
D:\Major project\Testing\meningioma\Te-meTr_0009.jpg,1,meningioma,2,notumor,0.125015,0.129388,0.620536,0.125061
D:\Major project\Testing\meningioma\Te-me_0010.jpg,1,meningioma,1,meningioma,0.125070,0.619861,0.129750,0.125319
D:\Major project\Testing\meningioma\Te-me_0011.jpg,1,meningioma,1,meningioma,0.125428,0.616997,0.131028,0.126548
D:\Major project\Testing\meningioma\Te-me_0012.jpg,1,meningioma,1,meningioma,0.125025,0.624298,0.125462,0.125215
D:\Major project\Testing\meningioma\Te-me_0013.jpg,1,meningioma,1,meningioma,0.136067,0.439659,0.127083,0.297190
D:\Major project\Testing\meningioma\Te-me_0014.jpg,1,meningioma,1,meningioma,0.125833,0.492265,0.255162,0.126740
D:\Major project\Testing\meningioma\Te-me_0015.jpg,1,meningioma,1,meningioma,0.125019,0.624215,0.125680,0.125086
D:\Major project\Testing\meningioma\Te-me_0016.jpg,1,meningioma,1,meningioma,0.127075,0.618835,0.128537,0.125553
D:\Major project\Testing\meningioma\Te-me_0017.jpg,1,meningioma,1,meningioma,0.125014,0.622971,0.126935,0.125081
D:\Major project\Testing\meningioma\Te-me_0018.jpg,1,meningioma,1,meningioma,0.125066,0.622929,0.125061,0.126944
D:\Major project\Testing\meningioma\Te-me_0019.jpg,1,meningioma,1,meningioma,0.125077,0.434884,0.311761,0.128278
D:\Major project\Testing\meningioma\Te-me_0020.jpg,1,meningioma,1,meningioma,0.125258,0.612577,0.136128,0.126037
D:\Major project\Testing\meningioma\Te-me_0021.jpg,1,meningioma,1,meningioma,0.125455,0.624275,0.124992,0.125278
D:\Major project\Testing\meningioma\Te-me_0022.jpg,1,meningioma,1,meningioma,0.137367,0.603583,0.125040,0.134011
D:\Major project\Testing\meningioma\Te-me_0023.jpg,1,meningioma,1,meningioma,0.125014,0.623386,0.126374,0.125226
D:\Major project\Testing\meningioma\Te-me_0024.jpg,1,meningioma,1,meningioma,0.125225,0.557944,0.134546,0.182285
D:\Major project\Testing\meningioma\Te-me_0025.jpg,1,meningioma,1,meningioma,0.125025,0.624494,0.125064,0.125417
D:\Major project\Testing\meningioma\Te-me_0026.jpg,1,meningioma,1,meningioma,0.125013,0.624664,0.125240,0.125083
D:\Major project\Testing\meningioma\Te-me_0027.jpg,1,meningioma,1,meningioma,0.125012,0.624770,0.125166,0.125053
D:\Major project\Testing\meningioma\Te-me_0028.jpg,1,meningioma,1,meningioma,0.125475,0.624340,0.125112,0.125073
D:\Major project\Testing\meningioma\Te-me_0029.jpg,1,meningioma,1,meningioma,0.125028,0.619602,0.130255,0.125114
D:\Major project\Testing\meningioma\Te-me_0030.jpg,1,meningioma,1,meningioma,0.148764,0.576467,0.139851,0.134918
D:\Major project\Testing\meningioma\Te-me_0031.jpg,1,meningioma,1,meningioma,0.125070,0.619861,0.129750,0.125319
D:\Major project\Testing\meningioma\Te-me_0032.jpg,1,meningioma,1,meningioma,0.125137,0.621064,0.128212,0.125587
D:\Major project\Testing\meningioma\Te-me_0033.jpg,1,meningioma,1,meningioma,0.125211,0.395817,0.353366,0.125606
D:\Major project\Testing\meningioma\Te-me_0034.jpg,1,meningioma,1,meningioma,0.125036,0.602589,0.145289,0.127085
D:\Major project\Testing\meningioma\Te-me_0035.jpg,1,meningioma,1,meningioma,0.125051,0.567630,0.181787,0.125533
D:\Major project\Testing\meningioma\Te-me_0036.jpg,1,meningioma,1,meningioma,0.125020,0.612909,0.137001,0.125071
D:\Major project\Testing\meningioma\Te-me_0037.jpg,1,meningioma,2,notumor,0.163010,0.259453,0.452471,0.125066
D:\Major project\Testing\meningioma\Te-me_0038.jpg,1,meningioma,1,meningioma,0.125281,0.624533,0.125063,0.125123
D:\Major project\Testing\meningioma\Te-me_0039.jpg,1,meningioma,1,meningioma,0.125017,0.622753,0.126233,0.125997
D:\Major project\Testing\meningioma\Te-me_0040.jpg,1,meningioma,1,meningioma,0.125669,0.618955,0.130311,0.125065
D:\Major project\Testing\meningioma\Te-me_0041.jpg,1,meningioma,1,meningioma,0.126523,0.618797,0.129428,0.125252
D:\Major project\Testing\meningioma\Te-me_0042.jpg,1,meningioma,1,meningioma,0.125049,0.609596,0.125368,0.139987
D:\Major project\Testing\meningioma\Te-me_0043.jpg,1,meningioma,1,meningioma,0.126013,0.622979,0.125448,0.125559
D:\Major project\Testing\meningioma\Te-me_0044.jpg,1,meningioma,1,meningioma,0.126011,0.455377,0.147892,0.270720
D:\Major project\Testing\meningioma\Te-me_0045.jpg,1,meningioma,1,meningioma,0.143187,0.603928,0.125658,0.127227
D:\Major project\Testing\meningioma\Te-me_0046.jpg,1,meningioma,1,meningioma,0.127751,0.578744,0.168238,0.125267
D:\Major project\Testing\meningioma\Te-me_0047.jpg,1,meningioma,1,meningioma,0.125197,0.622487,0.127244,0.125072
D:\Major project\Testing\meningioma\Te-me_0048.jpg,1,meningioma,1,meningioma,0.125091,0.496040,0.126064,0.252804
D:\Major project\Testing\meningioma\Te-me_0049.jpg,1,meningioma,1,meningioma,0.125461,0.499833,0.245624,0.129082
D:\Major project\Testing\meningioma\Te-me_0050.jpg,1,meningioma,1,meningioma,0.125800,0.610574,0.133759,0.129868
D:\Major project\Testing\meningioma\Te-me_0051.jpg,1,meningioma,1,meningioma,0.145205,0.374997,0.354440,0.125358
D:\Major project\Testing\meningioma\Te-me_0052.jpg,1,meningioma,1,meningioma,0.126074,0.472723,0.125208,0.275995
D:\Major project\Testing\meningioma\Te-me_0053.jpg,1,meningioma,1,meningioma,0.253862,0.495057,0.125043,0.126038
D:\Major project\Testing\meningioma\Te-me_0054.jpg,1,meningioma,1,meningioma,0.125054,0.608772,0.125318,0.140855
D:\Major project\Testing\meningioma\Te-me_0055.jpg,1,meningioma,1,meningioma,0.125423,0.623536,0.125493,0.125548
D:\Major project\Testing\meningioma\Te-me_0056.jpg,1,meningioma,1,meningioma,0.131924,0.602849,0.130218,0.135009
D:\Major project\Testing\meningioma\Te-me_0057.jpg,1,meningioma,1,meningioma,0.127803,0.572204,0.158972,0.141021
D:\Major project\Testing\meningioma\Te-me_0058.jpg,1,meningioma,1,meningioma,0.127756,0.603315,0.125616,0.143314
D:\Major project\Testing\meningioma\Te-me_0059.jpg,1,meningioma,1,meningioma,0.127528,0.537557,0.167176,0.167739
D:\Major project\Testing\meningioma\Te-me_0060.jpg,1,meningioma,1,meningioma,0.197921,0.532498,0.129595,0.139985
D:\Major project\Testing\meningioma\Te-me_0061.jpg,1,meningioma,1,meningioma,0.130869,0.617295,0.125328,0.126508
D:\Major project\Testing\meningioma\Te-me_0062.jpg,1,meningioma,1,meningioma,0.125220,0.582555,0.166540,0.125684
D:\Major project\Testing\meningioma\Te-me_0063.jpg,1,meningioma,1,meningioma,0.126495,0.608838,0.125007,0.139660
D:\Major project\Testing\meningioma\Te-me_0064.jpg,1,meningioma,2,notumor,0.126789,0.230394,0.511971,0.130846
D:\Major project\Testing\meningioma\Te-me_0065.jpg,1,meningioma,1,meningioma,0.223157,0.420545,0.228878,0.127420
D:\Major project\Testing\meningioma\Te-me_0066.jpg,1,meningioma,1,meningioma,0.132203,0.614279,0.125149,0.128369
D:\Major project\Testing\meningioma\Te-me_0067.jpg,1,meningioma,1,meningioma,0.130593,0.612710,0.131592,0.125105
D:\Major project\Testing\meningioma\Te-me_0068.jpg,1,meningioma,1,meningioma,0.125014,0.624455,0.125412,0.125119
D:\Major project\Testing\meningioma\Te-me_0069.jpg,1,meningioma,1,meningioma,0.125013,0.388694,0.359117,0.127177
D:\Major project\Testing\meningioma\Te-me_0070.jpg,1,meningioma,1,meningioma,0.125022,0.613495,0.131498,0.129985
D:\Major project\Testing\meningioma\Te-me_0071.jpg,1,meningioma,1,meningioma,0.135253,0.567365,0.161530,0.135852
D:\Major project\Testing\meningioma\Te-me_0072.jpg,1,meningioma,1,meningioma,0.125071,0.579653,0.147722,0.147554
D:\Major project\Testing\meningioma\Te-me_0073.jpg,1,meningioma,1,meningioma,0.135253,0.567365,0.161530,0.135852
D:\Major project\Testing\meningioma\Te-me_0074.jpg,1,meningioma,1,meningioma,0.125020,0.623160,0.126580,0.125239
D:\Major project\Testing\meningioma\Te-me_0075.jpg,1,meningioma,1,meningioma,0.129639,0.619726,0.125525,0.125110
D:\Major project\Testing\meningioma\Te-me_0076.jpg,1,meningioma,1,meningioma,0.125293,0.624483,0.125163,0.125062
D:\Major project\Testing\meningioma\Te-me_0077.jpg,1,meningioma,1,meningioma,0.125012,0.624783,0.125155,0.125050
D:\Major project\Testing\meningioma\Te-me_0078.jpg,1,meningioma,1,meningioma,0.125029,0.617368,0.131960,0.125643
D:\Major project\Testing\meningioma\Te-me_0079.jpg,1,meningioma,1,meningioma,0.156096,0.569060,0.148964,0.125880
D:\Major project\Testing\meningioma\Te-me_0080.jpg,1,meningioma,1,meningioma,0.225119,0.509687,0.125244,0.139950
D:\Major project\Testing\meningioma\Te-me_0081.jpg,1,meningioma,1,meningioma,0.125018,0.620989,0.128500,0.125493
D:\Major project\Testing\meningioma\Te-me_0082.jpg,1,meningioma,1,meningioma,0.125011,0.624512,0.125417,0.125059
D:\Major project\Testing\meningioma\Te-me_0083.jpg,1,meningioma,1,meningioma,0.125097,0.610698,0.139064,0.125141
D:\Major project\Testing\meningioma\Te-me_0084.jpg,1,meningioma,1,meningioma,0.125043,0.604114,0.142906,0.127937
D:\Major project\Testing\meningioma\Te-me_0085.jpg,1,meningioma,1,meningioma,0.125047,0.615848,0.126868,0.132238
D:\Major project\Testing\meningioma\Te-me_0086.jpg,1,meningioma,1,meningioma,0.125560,0.623783,0.125317,0.125340
D:\Major project\Testing\meningioma\Te-me_0087.jpg,1,meningioma,1,meningioma,0.126636,0.551621,0.195435,0.126309
D:\Major project\Testing\meningioma\Te-me_0088.jpg,1,meningioma,1,meningioma,0.125031,0.621511,0.128182,0.125276
D:\Major project\Testing\meningioma\Te-me_0089.jpg,1,meningioma,1,meningioma,0.125013,0.623500,0.126411,0.125076
D:\Major project\Testing\meningioma\Te-me_0090.jpg,1,meningioma,1,meningioma,0.125050,0.622843,0.126715,0.125392
D:\Major project\Testing\meningioma\Te-me_0091.jpg,1,meningioma,1,meningioma,0.125016,0.603690,0.146006,0.125288
D:\Major project\Testing\meningioma\Te-me_0092.jpg,1,meningioma,1,meningioma,0.128230,0.538041,0.127607,0.206122
D:\Major project\Testing\meningioma\Te-me_0093.jpg,1,meningioma,1,meningioma,0.125264,0.619204,0.130019,0.125513
D:\Major project\Testing\meningioma\Te-me_0094.jpg,1,meningioma,1,meningioma,0.126324,0.623647,0.124947,0.125082
D:\Major project\Testing\meningioma\Te-me_0095.jpg,1,meningioma,1,meningioma,0.125013,0.624808,0.125126,0.125053
D:\Major project\Testing\meningioma\Te-me_0096.jpg,1,meningioma,1,meningioma,0.176632,0.568779,0.126925,0.127664
D:\Major project\Testing\meningioma\Te-me_0097.jpg,1,meningioma,1,meningioma,0.125020,0.618507,0.130045,0.126428
D:\Major project\Testing\meningioma\Te-me_0098.jpg,1,meningioma,1,meningioma,0.125015,0.617222,0.132492,0.125271
D:\Major project\Testing\meningioma\Te-me_0099.jpg,1,meningioma,2,notumor,0.125492,0.270593,0.478838,0.125078
D:\Major project\Testing\meningioma\Te-me_0100.jpg,1,meningioma,1,meningioma,0.125694,0.506925,0.238683,0.128697
D:\Major project\Testing\meningioma\Te-me_0101.jpg,1,meningioma,1,meningioma,0.125015,0.615247,0.134665,0.125073
D:\Major project\Testing\meningioma\Te-me_0102.jpg,1,meningioma,1,meningioma,0.125285,0.524010,0.225636,0.125069
D:\Major project\Testing\meningioma\Te-me_0103.jpg,1,meningioma,1,meningioma,0.125168,0.513337,0.148691,0.212804
D:\Major project\Testing\meningioma\Te-me_0104.jpg,1,meningioma,1,meningioma,0.125035,0.624182,0.125574,0.125210
D:\Major project\Testing\meningioma\Te-me_0105.jpg,1,meningioma,2,notumor,0.125013,0.127695,0.622231,0.125060
D:\Major project\Testing\meningioma\Te-me_0106.jpg,1,meningioma,1,meningioma,0.148794,0.482029,0.243438,0.125740
D:\Major project\Testing\meningioma\Te-me_0107.jpg,1,meningioma,1,meningioma,0.125014,0.619478,0.130441,0.125067
D:\Major project\Testing\meningioma\Te-me_0108.jpg,1,meningioma,1,meningioma,0.125285,0.505190,0.236473,0.133052
D:\Major project\Testing\meningioma\Te-me_0109.jpg,1,meningioma,1,meningioma,0.125240,0.624536,0.125005,0.125219
D:\Major project\Testing\meningioma\Te-me_0110.jpg,1,meningioma,1,meningioma,0.139758,0.470102,0.138602,0.251538
D:\Major project\Testing\meningioma\Te-me_0111.jpg,1,meningioma,2,notumor,0.126148,0.177747,0.570865,0.125241
D:\Major project\Testing\meningioma\Te-me_0112.jpg,1,meningioma,1,meningioma,0.128872,0.440402,0.305126,0.125600
D:\Major project\Testing\meningioma\Te-me_0113.jpg,1,meningioma,1,meningioma,0.125052,0.456994,0.292493,0.125461
D:\Major project\Testing\meningioma\Te-me_0114.jpg,1,meningioma,1,meningioma,0.125400,0.622558,0.126981,0.125061
D:\Major project\Testing\meningioma\Te-me_0115.jpg,1,meningioma,1,meningioma,0.126268,0.556625,0.124963,0.192144
D:\Major project\Testing\meningioma\Te-me_0116.jpg,1,meningioma,3,pituitary,0.141588,0.327352,0.125034,0.406025
D:\Major project\Testing\meningioma\Te-me_0117.jpg,1,meningioma,1,meningioma,0.128988,0.621006,0.124941,0.125066
D:\Major project\Testing\meningioma\Te-me_0118.jpg,1,meningioma,1,meningioma,0.130889,0.548562,0.124947,0.195602
D:\Major project\Testing\meningioma\Te-me_0119.jpg,1,meningioma,1,meningioma,0.125377,0.624606,0.124941,0.125076
D:\Major project\Testing\meningioma\Te-me_0120.jpg,1,meningioma,1,meningioma,0.126752,0.623209,0.124949,0.125089
D:\Major project\Testing\meningioma\Te-me_0121.jpg,1,meningioma,1,meningioma,0.125355,0.614909,0.124937,0.134800
D:\Major project\Testing\meningioma\Te-me_0122.jpg,1,meningioma,1,meningioma,0.126606,0.623341,0.124942,0.125112
D:\Major project\Testing\meningioma\Te-me_0123.jpg,1,meningioma,1,meningioma,0.146673,0.550948,0.125180,0.177199
D:\Major project\Testing\meningioma\Te-me_0124.jpg,1,meningioma,1,meningioma,0.146548,0.603344,0.124942,0.125166
D:\Major project\Testing\meningioma\Te-me_0125.jpg,1,meningioma,1,meningioma,0.126394,0.623595,0.124942,0.125069
D:\Major project\Testing\meningioma\Te-me_0126.jpg,1,meningioma,1,meningioma,0.126369,0.623611,0.124966,0.125054
D:\Major project\Testing\meningioma\Te-me_0127.jpg,1,meningioma,1,meningioma,0.125020,0.624983,0.124942,0.125055
D:\Major project\Testing\meningioma\Te-me_0128.jpg,1,meningioma,1,meningioma,0.127567,0.580896,0.124998,0.166539
D:\Major project\Testing\meningioma\Te-me_0129.jpg,1,meningioma,1,meningioma,0.125032,0.624921,0.124943,0.125104
D:\Major project\Testing\meningioma\Te-me_0130.jpg,1,meningioma,1,meningioma,0.125280,0.624723,0.124944,0.125053
D:\Major project\Testing\meningioma\Te-me_0131.jpg,1,meningioma,1,meningioma,0.134383,0.614929,0.125625,0.125062
D:\Major project\Testing\meningioma\Te-me_0132.jpg,1,meningioma,1,meningioma,0.125018,0.585942,0.124941,0.164099
D:\Major project\Testing\meningioma\Te-me_0133.jpg,1,meningioma,1,meningioma,0.125847,0.624157,0.124940,0.125056
D:\Major project\Testing\meningioma\Te-me_0134.jpg,1,meningioma,1,meningioma,0.128795,0.621198,0.124948,0.125060
D:\Major project\Testing\meningioma\Te-me_0135.jpg,1,meningioma,1,meningioma,0.125105,0.624897,0.124943,0.125055
D:\Major project\Testing\meningioma\Te-me_0136.jpg,1,meningioma,1,meningioma,0.149542,0.578376,0.124958,0.147125
D:\Major project\Testing\meningioma\Te-me_0137.jpg,1,meningioma,1,meningioma,0.127545,0.614808,0.124946,0.132701
D:\Major project\Testing\meningioma\Te-me_0138.jpg,1,meningioma,1,meningioma,0.125039,0.624820,0.124944,0.125197
D:\Major project\Testing\meningioma\Te-me_0139.jpg,1,meningioma,1,meningioma,0.125054,0.624947,0.124943,0.125056
D:\Major project\Testing\meningioma\Te-me_0140.jpg,1,meningioma,1,meningioma,0.125549,0.590669,0.149192,0.134590
D:\Major project\Testing\meningioma\Te-me_0141.jpg,1,meningioma,1,meningioma,0.152227,0.596330,0.124939,0.126505
D:\Major project\Testing\meningioma\Te-me_0142.jpg,1,meningioma,0,glioma,0.577683,0.171975,0.124944,0.125398
D:\Major project\Testing\meningioma\Te-me_0143.jpg,1,meningioma,1,meningioma,0.148794,0.482029,0.243438,0.125740
D:\Major project\Testing\meningioma\Te-me_0144.jpg,1,meningioma,1,meningioma,0.125043,0.624940,0.124940,0.125077
D:\Major project\Testing\meningioma\Te-me_0145.jpg,1,meningioma,1,meningioma,0.139758,0.470102,0.138602,0.251538
D:\Major project\Testing\meningioma\Te-me_0146.jpg,1,meningioma,1,meningioma,0.283928,0.439452,0.130642,0.145978
D:\Major project\Testing\meningioma\Te-me_0147.jpg,1,meningioma,1,meningioma,0.125015,0.624979,0.124943,0.125063
D:\Major project\Testing\meningioma\Te-me_0148.jpg,1,meningioma,1,meningioma,0.125060,0.541649,0.124940,0.208352
D:\Major project\Testing\meningioma\Te-me_0149.jpg,1,meningioma,1,meningioma,0.125251,0.623733,0.124969,0.126047
D:\Major project\Testing\meningioma\Te-me_0150.jpg,1,meningioma,1,meningioma,0.125379,0.624620,0.124942,0.125059
D:\Major project\Testing\meningioma\Te-me_0151.jpg,1,meningioma,1,meningioma,0.130800,0.619132,0.124944,0.125124
D:\Major project\Testing\meningioma\Te-me_0152.jpg,1,meningioma,1,meningioma,0.125930,0.623999,0.124939,0.125133
D:\Major project\Testing\meningioma\Te-me_0153.jpg,1,meningioma,1,meningioma,0.125179,0.623581,0.124940,0.126299
D:\Major project\Testing\meningioma\Te-me_0154.jpg,1,meningioma,1,meningioma,0.125805,0.624184,0.124942,0.125069
D:\Major project\Testing\meningioma\Te-me_0155.jpg,1,meningioma,1,meningioma,0.125027,0.624978,0.124935,0.125061
D:\Major project\Testing\meningioma\Te-me_0156.jpg,1,meningioma,3,pituitary,0.126205,0.202542,0.124948,0.546305
D:\Major project\Testing\meningioma\Te-me_0157.jpg,1,meningioma,1,meningioma,0.126210,0.623787,0.124940,0.125062
D:\Major project\Testing\meningioma\Te-me_0158.jpg,1,meningioma,1,meningioma,0.128744,0.621245,0.124940,0.125072
D:\Major project\Testing\meningioma\Te-me_0159.jpg,1,meningioma,1,meningioma,0.125219,0.620983,0.124938,0.128860
D:\Major project\Testing\meningioma\Te-me_0160.jpg,1,meningioma,1,meningioma,0.127397,0.622085,0.124944,0.125573
D:\Major project\Testing\meningioma\Te-me_0161.jpg,1,meningioma,1,meningioma,0.125251,0.621931,0.124937,0.127881
D:\Major project\Testing\meningioma\Te-me_0162.jpg,1,meningioma,1,meningioma,0.126013,0.623922,0.124943,0.125123
D:\Major project\Testing\meningioma\Te-me_0163.jpg,1,meningioma,3,pituitary,0.125334,0.368164,0.124947,0.381555
D:\Major project\Testing\meningioma\Te-me_0164.jpg,1,meningioma,1,meningioma,0.125079,0.449201,0.125003,0.300717
D:\Major project\Testing\meningioma\Te-me_0165.jpg,1,meningioma,1,meningioma,0.145761,0.585270,0.124939,0.144030
D:\Major project\Testing\meningioma\Te-me_0166.jpg,1,meningioma,1,meningioma,0.144186,0.605702,0.124938,0.125173
D:\Major project\Testing\meningioma\Te-me_0167.jpg,1,meningioma,1,meningioma,0.125324,0.624101,0.124939,0.125636
D:\Major project\Testing\meningioma\Te-me_0168.jpg,1,meningioma,1,meningioma,0.125063,0.624610,0.124943,0.125384
D:\Major project\Testing\meningioma\Te-me_0169.jpg,1,meningioma,1,meningioma,0.125636,0.624366,0.124940,0.125057
D:\Major project\Testing\meningioma\Te-me_0170.jpg,1,meningioma,1,meningioma,0.126828,0.566004,0.125060,0.182108
D:\Major project\Testing\meningioma\Te-me_0171.jpg,1,meningioma,1,meningioma,0.127088,0.622862,0.124951,0.125099
D:\Major project\Testing\meningioma\Te-me_0172.jpg,1,meningioma,1,meningioma,0.125015,0.624969,0.124941,0.125075
D:\Major project\Testing\meningioma\Te-me_0173.jpg,1,meningioma,1,meningioma,0.125342,0.624589,0.124944,0.125124
D:\Major project\Testing\meningioma\Te-me_0174.jpg,1,meningioma,1,meningioma,0.125889,0.624109,0.124941,0.125061
D:\Major project\Testing\meningioma\Te-me_0175.jpg,1,meningioma,1,meningioma,0.125173,0.624830,0.124941,0.125056
D:\Major project\Testing\meningioma\Te-me_0176.jpg,1,meningioma,1,meningioma,0.125479,0.624505,0.124942,0.125075
D:\Major project\Testing\meningioma\Te-me_0177.jpg,1,meningioma,1,meningioma,0.125832,0.621877,0.124941,0.127350
D:\Major project\Testing\meningioma\Te-me_0178.jpg,1,meningioma,0,glioma,0.455950,0.293958,0.125007,0.125085
D:\Major project\Testing\meningioma\Te-me_0179.jpg,1,meningioma,1,meningioma,0.125795,0.624181,0.124942,0.125082
D:\Major project\Testing\meningioma\Te-me_0180.jpg,1,meningioma,1,meningioma,0.125099,0.624887,0.124940,0.125073
D:\Major project\Testing\meningioma\Te-me_0181.jpg,1,meningioma,1,meningioma,0.125708,0.622772,0.124940,0.126579
D:\Major project\Testing\meningioma\Te-me_0182.jpg,1,meningioma,1,meningioma,0.125342,0.623495,0.124935,0.126229
D:\Major project\Testing\meningioma\Te-me_0183.jpg,1,meningioma,1,meningioma,0.125055,0.624790,0.124941,0.125214
D:\Major project\Testing\meningioma\Te-me_0184.jpg,1,meningioma,1,meningioma,0.125465,0.624538,0.124938,0.125058
D:\Major project\Testing\meningioma\Te-me_0185.jpg,1,meningioma,1,meningioma,0.131971,0.617575,0.125231,0.125222
D:\Major project\Testing\meningioma\Te-me_0186.jpg,1,meningioma,1,meningioma,0.129640,0.620269,0.124940,0.125152
D:\Major project\Testing\meningioma\Te-me_0187.jpg,1,meningioma,1,meningioma,0.150712,0.599287,0.124941,0.125060
D:\Major project\Testing\meningioma\Te-me_0188.jpg,1,meningioma,1,meningioma,0.125483,0.624508,0.124940,0.125070
D:\Major project\Testing\meningioma\Te-me_0189.jpg,1,meningioma,3,pituitary,0.125047,0.188653,0.124939,0.561361
D:\Major project\Testing\meningioma\Te-me_0190.jpg,1,meningioma,1,meningioma,0.125640,0.624295,0.124937,0.125128
D:\Major project\Testing\meningioma\Te-me_0191.jpg,1,meningioma,1,meningioma,0.126179,0.623609,0.124939,0.125274
D:\Major project\Testing\meningioma\Te-me_0192.jpg,1,meningioma,1,meningioma,0.125407,0.624405,0.124938,0.125250
D:\Major project\Testing\meningioma\Te-me_0193.jpg,1,meningioma,3,pituitary,0.125020,0.159600,0.124959,0.590421
D:\Major project\Testing\meningioma\Te-me_0194.jpg,1,meningioma,1,meningioma,0.128332,0.621655,0.124942,0.125072
D:\Major project\Testing\meningioma\Te-me_0195.jpg,1,meningioma,1,meningioma,0.125161,0.624842,0.124938,0.125059
D:\Major project\Testing\meningioma\Te-me_0196.jpg,1,meningioma,1,meningioma,0.130284,0.619718,0.124939,0.125060
D:\Major project\Testing\meningioma\Te-me_0197.jpg,1,meningioma,1,meningioma,0.127102,0.621914,0.124942,0.126042
D:\Major project\Testing\meningioma\Te-me_0198.jpg,1,meningioma,1,meningioma,0.128817,0.621134,0.124947,0.125102
D:\Major project\Testing\meningioma\Te-me_0199.jpg,1,meningioma,1,meningioma,0.125047,0.624676,0.124940,0.125337
D:\Major project\Testing\meningioma\Te-me_0200.jpg,1,meningioma,1,meningioma,0.125083,0.624921,0.124940,0.125057
D:\Major project\Testing\meningioma\Te-me_0201.jpg,1,meningioma,1,meningioma,0.125360,0.624624,0.124944,0.125072
D:\Major project\Testing\meningioma\Te-me_0202.jpg,1,meningioma,1,meningioma,0.127551,0.622451,0.124939,0.125059
D:\Major project\Testing\meningioma\Te-me_0203.jpg,1,meningioma,1,meningioma,0.125268,0.621630,0.124940,0.128162
D:\Major project\Testing\meningioma\Te-me_0204.jpg,1,meningioma,1,meningioma,0.131147,0.617936,0.124938,0.125979
D:\Major project\Testing\meningioma\Te-me_0205.jpg,1,meningioma,1,meningioma,0.131327,0.618569,0.124938,0.125165
D:\Major project\Testing\meningioma\Te-me_0206.jpg,1,meningioma,1,meningioma,0.125027,0.624977,0.124940,0.125056
D:\Major project\Testing\meningioma\Te-me_0207.jpg,1,meningioma,3,pituitary,0.125074,0.323603,0.125073,0.426250
D:\Major project\Testing\meningioma\Te-me_0208.jpg,1,meningioma,1,meningioma,0.125470,0.624532,0.124940,0.125058
D:\Major project\Testing\meningioma\Te-me_0209.jpg,1,meningioma,1,meningioma,0.125020,0.624189,0.124939,0.125852
D:\Major project\Testing\meningioma\Te-me_0210.jpg,1,meningioma,1,meningioma,0.125039,0.624963,0.124941,0.125057
D:\Major project\Testing\meningioma\Te-me_0211.jpg,1,meningioma,1,meningioma,0.125030,0.624969,0.124942,0.125058
D:\Major project\Testing\meningioma\Te-me_0212.jpg,1,meningioma,1,meningioma,0.126406,0.623527,0.124968,0.125098
D:\Major project\Testing\meningioma\Te-me_0213.jpg,1,meningioma,1,meningioma,0.125496,0.624252,0.124943,0.125309
D:\Major project\Testing\meningioma\Te-me_0214.jpg,1,meningioma,1,meningioma,0.125033,0.624441,0.124940,0.125586
D:\Major project\Testing\meningioma\Te-me_0215.jpg,1,meningioma,1,meningioma,0.130582,0.619417,0.124939,0.125061
D:\Major project\Testing\meningioma\Te-me_0216.jpg,1,meningioma,1,meningioma,0.132191,0.617762,0.124942,0.125106
D:\Major project\Testing\meningioma\Te-me_0217.jpg,1,meningioma,1,meningioma,0.131202,0.618722,0.124942,0.125135
D:\Major project\Testing\meningioma\Te-me_0218.jpg,1,meningioma,1,meningioma,0.158086,0.591048,0.124949,0.125917
D:\Major project\Testing\meningioma\Te-me_0219.jpg,1,meningioma,1,meningioma,0.125124,0.624830,0.124946,0.125100
D:\Major project\Testing\meningioma\Te-me_0220.jpg,1,meningioma,1,meningioma,0.125033,0.624970,0.124939,0.125058
D:\Major project\Testing\meningioma\Te-me_0221.jpg,1,meningioma,1,meningioma,0.126064,0.623823,0.124940,0.125173
D:\Major project\Testing\meningioma\Te-me_0222.jpg,1,meningioma,1,meningioma,0.126362,0.620800,0.124940,0.127898
D:\Major project\Testing\meningioma\Te-me_0223.jpg,1,meningioma,1,meningioma,0.156659,0.592700,0.124941,0.125700
D:\Major project\Testing\meningioma\Te-me_0224.jpg,1,meningioma,1,meningioma,0.125229,0.593415,0.124957,0.156399
D:\Major project\Testing\meningioma\Te-me_0225.jpg,1,meningioma,1,meningioma,0.125635,0.624046,0.124938,0.125380
D:\Major project\Testing\meningioma\Te-me_0226.jpg,1,meningioma,1,meningioma,0.133085,0.616906,0.124944,0.125065
D:\Major project\Testing\meningioma\Te-me_0227.jpg,1,meningioma,1,meningioma,0.348839,0.399528,0.125020,0.126613
D:\Major project\Testing\meningioma\Te-me_0228.jpg,1,meningioma,1,meningioma,0.155728,0.594149,0.124944,0.125179
D:\Major project\Testing\meningioma\Te-me_0229.jpg,1,meningioma,1,meningioma,0.140604,0.608654,0.124947,0.125796
D:\Major project\Testing\meningioma\Te-me_0230.jpg,1,meningioma,1,meningioma,0.136387,0.613346,0.124941,0.125326
D:\Major project\Testing\meningioma\Te-me_0231.jpg,1,meningioma,1,meningioma,0.125103,0.599271,0.124995,0.150631
D:\Major project\Testing\meningioma\Te-me_0232.jpg,1,meningioma,1,meningioma,0.138295,0.610461,0.124947,0.126297
D:\Major project\Testing\meningioma\Te-me_0233.jpg,1,meningioma,1,meningioma,0.160885,0.588360,0.125379,0.125376
D:\Major project\Testing\meningioma\Te-me_0234.jpg,1,meningioma,1,meningioma,0.135868,0.614135,0.124943,0.125054
D:\Major project\Testing\meningioma\Te-me_0235.jpg,1,meningioma,1,meningioma,0.129955,0.620046,0.124945,0.125054
D:\Major project\Testing\meningioma\Te-me_0236.jpg,1,meningioma,1,meningioma,0.209714,0.540228,0.124949,0.125109
D:\Major project\Testing\meningioma\Te-me_0237.jpg,1,meningioma,1,meningioma,0.218147,0.531700,0.124946,0.125207
D:\Major project\Testing\meningioma\Te-me_0238.jpg,1,meningioma,1,meningioma,0.125030,0.622364,0.124943,0.127663
D:\Major project\Testing\meningioma\Te-me_0239.jpg,1,meningioma,1,meningioma,0.148430,0.599528,0.124966,0.127076
D:\Major project\Testing\meningioma\Te-me_0240.jpg,1,meningioma,1,meningioma,0.129554,0.619383,0.124943,0.126120
D:\Major project\Testing\meningioma\Te-me_0241.jpg,1,meningioma,1,meningioma,0.145273,0.604699,0.124949,0.125079
D:\Major project\Testing\meningioma\Te-me_0242.jpg,1,meningioma,1,meningioma,0.139146,0.610738,0.124944,0.125173
D:\Major project\Testing\meningioma\Te-me_0243.jpg,1,meningioma,1,meningioma,0.145748,0.604234,0.124948,0.125070
D:\Major project\Testing\meningioma\Te-me_0244.jpg,1,meningioma,1,meningioma,0.134351,0.614406,0.124942,0.126301
D:\Major project\Testing\meningioma\Te-me_0245.jpg,1,meningioma,1,meningioma,0.125275,0.624718,0.124942,0.125065
D:\Major project\Testing\meningioma\Te-me_0246.jpg,1,meningioma,1,meningioma,0.127106,0.611755,0.125052,0.136087
D:\Major project\Testing\meningioma\Te-me_0247.jpg,1,meningioma,1,meningioma,0.153272,0.596635,0.124945,0.125149
D:\Major project\Testing\meningioma\Te-me_0248.jpg,1,meningioma,1,meningioma,0.125153,0.621542,0.124949,0.128356
D:\Major project\Testing\meningioma\Te-me_0249.jpg,1,meningioma,0,glioma,0.543968,0.205868,0.125003,0.125161
D:\Major project\Testing\meningioma\Te-me_0250.jpg,1,meningioma,1,meningioma,0.145427,0.604571,0.124945,0.125057
D:\Major project\Testing\meningioma\Te-me_0251.jpg,1,meningioma,1,meningioma,0.125855,0.623963,0.124944,0.125238
D:\Major project\Testing\meningioma\Te-me_0252.jpg,1,meningioma,1,meningioma,0.125456,0.624156,0.124941,0.125448
D:\Major project\Testing\meningioma\Te-me_0253.jpg,1,meningioma,1,meningioma,0.209799,0.538353,0.124957,0.126891
D:\Major project\Testing\meningioma\Te-me_0254.jpg,1,meningioma,1,meningioma,0.126619,0.623372,0.124944,0.125064
D:\Major project\Testing\meningioma\Te-me_0255.jpg,1,meningioma,1,meningioma,0.125261,0.623761,0.124940,0.126038
D:\Major project\Testing\meningioma\Te-me_0256.jpg,1,meningioma,1,meningioma,0.125430,0.624193,0.124942,0.125435
D:\Major project\Testing\meningioma\Te-me_0257.jpg,1,meningioma,1,meningioma,0.128746,0.620742,0.124958,0.125554
D:\Major project\Testing\meningioma\Te-me_0258.jpg,1,meningioma,1,meningioma,0.129642,0.620313,0.124940,0.125105
D:\Major project\Testing\meningioma\Te-me_0259.jpg,1,meningioma,1,meningioma,0.190729,0.559257,0.124949,0.125065
D:\Major project\Testing\meningioma\Te-me_0260.jpg,1,meningioma,1,meningioma,0.152776,0.593165,0.125008,0.129051
D:\Major project\Testing\meningioma\Te-me_0261.jpg,1,meningioma,1,meningioma,0.127717,0.621356,0.124941,0.125986
D:\Major project\Testing\meningioma\Te-me_0262.jpg,1,meningioma,1,meningioma,0.125579,0.624395,0.124941,0.125086
D:\Major project\Testing\meningioma\Te-me_0263.jpg,1,meningioma,1,meningioma,0.126867,0.623117,0.124941,0.125075
D:\Major project\Testing\meningioma\Te-me_0264.jpg,1,meningioma,1,meningioma,0.147475,0.602498,0.124941,0.125087
D:\Major project\Testing\meningioma\Te-me_0265.jpg,1,meningioma,1,meningioma,0.125514,0.604117,0.124943,0.145427
D:\Major project\Testing\meningioma\Te-me_0266.jpg,1,meningioma,1,meningioma,0.168952,0.580694,0.124957,0.125397
D:\Major project\Testing\meningioma\Te-me_0267.jpg,1,meningioma,1,meningioma,0.126355,0.623412,0.124951,0.125282
D:\Major project\Testing\meningioma\Te-me_0268.jpg,1,meningioma,1,meningioma,0.136079,0.612849,0.124950,0.126122
D:\Major project\Testing\meningioma\Te-me_0269.jpg,1,meningioma,1,meningioma,0.125418,0.621495,0.124944,0.128143
D:\Major project\Testing\meningioma\Te-me_0270.jpg,1,meningioma,1,meningioma,0.235136,0.514670,0.125140,0.125054
D:\Major project\Testing\meningioma\Te-me_0271.jpg,1,meningioma,3,pituitary,0.131168,0.179354,0.124941,0.564537
D:\Major project\Testing\meningioma\Te-me_0272.jpg,1,meningioma,1,meningioma,0.125136,0.533302,0.124942,0.216620
D:\Major project\Testing\meningioma\Te-me_0273.jpg,1,meningioma,1,meningioma,0.125592,0.624412,0.124941,0.125055
D:\Major project\Testing\meningioma\Te-me_0274.jpg,1,meningioma,1,meningioma,0.125759,0.624247,0.124938,0.125056
D:\Major project\Testing\meningioma\Te-me_0275.jpg,1,meningioma,1,meningioma,0.126118,0.623883,0.124943,0.125057
D:\Major project\Testing\meningioma\Te-me_0276.jpg,1,meningioma,1,meningioma,0.125061,0.624838,0.124977,0.125124
D:\Major project\Testing\meningioma\Te-me_0277.jpg,1,meningioma,1,meningioma,0.270207,0.479673,0.124981,0.125138
D:\Major project\Testing\meningioma\Te-me_0278.jpg,1,meningioma,1,meningioma,0.130189,0.619527,0.124946,0.125338
D:\Major project\Testing\meningioma\Te-me_0279.jpg,1,meningioma,1,meningioma,0.137406,0.612561,0.124941,0.125092
D:\Major project\Testing\meningioma\Te-me_0280.jpg,1,meningioma,1,meningioma,0.125831,0.623516,0.124942,0.125711
D:\Major project\Testing\meningioma\Te-me_0281.jpg,1,meningioma,1,meningioma,0.125448,0.624538,0.124942,0.125072
D:\Major project\Testing\meningioma\Te-me_0282.jpg,1,meningioma,1,meningioma,0.125221,0.624782,0.124946,0.125050
D:\Major project\Testing\meningioma\Te-me_0283.jpg,1,meningioma,1,meningioma,0.160925,0.581898,0.125079,0.132099
D:\Major project\Testing\meningioma\Te-me_0284.jpg,1,meningioma,1,meningioma,0.125528,0.618588,0.124941,0.130942
D:\Major project\Testing\meningioma\Te-me_0285.jpg,1,meningioma,1,meningioma,0.140229,0.609725,0.124941,0.125105
D:\Major project\Testing\meningioma\Te-me_0286.jpg,1,meningioma,1,meningioma,0.126856,0.620344,0.124943,0.127856
D:\Major project\Testing\meningioma\Te-me_0287.jpg,1,meningioma,3,pituitary,0.125019,0.168237,0.124938,0.581806
D:\Major project\Testing\meningioma\Te-me_0288.jpg,1,meningioma,1,meningioma,0.128216,0.621788,0.124943,0.125054
D:\Major project\Testing\meningioma\Te-me_0289.jpg,1,meningioma,1,meningioma,0.128387,0.621594,0.124961,0.125059
D:\Major project\Testing\meningioma\Te-me_0290.jpg,1,meningioma,1,meningioma,0.125347,0.624624,0.124943,0.125086
D:\Major project\Testing\meningioma\Te-me_0291.jpg,1,meningioma,1,meningioma,0.125868,0.624125,0.124944,0.125063
D:\Major project\Testing\meningioma\Te-me_0292.jpg,1,meningioma,3,pituitary,0.125022,0.134290,0.124938,0.615750
D:\Major project\Testing\meningioma\Te-me_0293.jpg,1,meningioma,1,meningioma,0.134640,0.614755,0.125110,0.125495
D:\Major project\Testing\meningioma\Te-me_0294.jpg,1,meningioma,1,meningioma,0.125704,0.623526,0.124939,0.125832
D:\Major project\Testing\meningioma\Te-me_0295.jpg,1,meningioma,1,meningioma,0.127869,0.621556,0.124938,0.125637
D:\Major project\Testing\meningioma\Te-me_0296.jpg,1,meningioma,1,meningioma,0.143876,0.539607,0.125061,0.191456
D:\Major project\Testing\meningioma\Te-me_0297.jpg,1,meningioma,1,meningioma,0.141111,0.502696,0.125230,0.230963
D:\Major project\Testing\meningioma\Te-me_0298.jpg,1,meningioma,1,meningioma,0.128250,0.621629,0.124943,0.125179
D:\Major project\Testing\meningioma\Te-me_0299.jpg,1,meningioma,1,meningioma,0.125026,0.583773,0.124941,0.166261
D:\Major project\Testing\meningioma\Te-me_0300.jpg,1,meningioma,1,meningioma,0.125795,0.599898,0.125177,0.149131
D:\Major project\Testing\meningioma\Te-me_0301.jpg,1,meningioma,1,meningioma,0.131657,0.618343,0.124943,0.125057
D:\Major project\Testing\meningioma\Te-me_0302.jpg,1,meningioma,1,meningioma,0.125145,0.624853,0.124945,0.125058
D:\Major project\Testing\meningioma\Te-me_0303.jpg,1,meningioma,1,meningioma,0.125015,0.624989,0.124941,0.125055
D:\Major project\Testing\meningioma\Te-me_0304.jpg,1,meningioma,1,meningioma,0.139973,0.596318,0.124957,0.138752
D:\Major project\Testing\meningioma\Te-me_0305.jpg,1,meningioma,1,meningioma,0.127840,0.617938,0.124939,0.129283
D:\Major project\Testing\notumor\Te-noTr_0000.jpg,2,notumor,2,notumor,0.125104,0.128169,0.621655,0.125072
D:\Major project\Testing\notumor\Te-noTr_0001.jpg,2,notumor,2,notumor,0.125017,0.125057,0.624872,0.125053
D:\Major project\Testing\notumor\Te-noTr_0002.jpg,2,notumor,2,notumor,0.125012,0.124999,0.624936,0.125054
D:\Major project\Testing\notumor\Te-noTr_0003.jpg,2,notumor,2,notumor,0.125078,0.125660,0.624185,0.125077
D:\Major project\Testing\notumor\Te-noTr_0004.jpg,2,notumor,2,notumor,0.125061,0.134850,0.612867,0.127222
D:\Major project\Testing\notumor\Te-noTr_0005.jpg,2,notumor,2,notumor,0.125014,0.125021,0.624901,0.125064
D:\Major project\Testing\notumor\Te-noTr_0006.jpg,2,notumor,2,notumor,0.152317,0.125237,0.597259,0.125187
D:\Major project\Testing\notumor\Te-noTr_0007.jpg,2,notumor,2,notumor,0.125008,0.125004,0.624949,0.125039
D:\Major project\Testing\notumor\Te-noTr_0008.jpg,2,notumor,2,notumor,0.125012,0.125146,0.624782,0.125060
D:\Major project\Testing\notumor\Te-noTr_0009.jpg,2,notumor,2,notumor,0.125013,0.125049,0.624871,0.125066
D:\Major project\Testing\notumor\Te-no_0010.jpg,2,notumor,2,notumor,0.125013,0.125001,0.624926,0.125060
D:\Major project\Testing\notumor\Te-no_0011.jpg,2,notumor,2,notumor,0.125016,0.125052,0.624861,0.125072
D:\Major project\Testing\notumor\Te-no_0012.jpg,2,notumor,2,notumor,0.125014,0.125060,0.624853,0.125073
D:\Major project\Testing\notumor\Te-no_0013.jpg,2,notumor,2,notumor,0.125025,0.125064,0.624846,0.125065
D:\Major project\Testing\notumor\Te-no_0014.jpg,2,notumor,2,notumor,0.125011,0.125035,0.624909,0.125045
D:\Major project\Testing\notumor\Te-no_0015.jpg,2,notumor,2,notumor,0.125394,0.143925,0.605285,0.125397
D:\Major project\Testing\notumor\Te-no_0016.jpg,2,notumor,2,notumor,0.125013,0.124999,0.624932,0.125057
D:\Major project\Testing\notumor\Te-no_0017.jpg,2,notumor,2,notumor,0.125011,0.125263,0.622853,0.126874
D:\Major project\Testing\notumor\Te-no_0018.jpg,2,notumor,2,notumor,0.125097,0.125249,0.624598,0.125057
D:\Major project\Testing\notumor\Te-no_0019.jpg,2,notumor,2,notumor,0.125051,0.125212,0.624676,0.125060
D:\Major project\Testing\notumor\Te-no_0020.jpg,2,notumor,2,notumor,0.141437,0.129130,0.604374,0.125059
D:\Major project\Testing\notumor\Te-no_0021.jpg,2,notumor,2,notumor,0.125014,0.125919,0.624011,0.125057
D:\Major project\Testing\notumor\Te-no_0022.jpg,2,notumor,2,notumor,0.125439,0.148706,0.600225,0.125630
D:\Major project\Testing\notumor\Te-no_0023.jpg,2,notumor,2,notumor,0.125015,0.126832,0.623087,0.125066
D:\Major project\Testing\notumor\Te-no_0024.jpg,2,notumor,2,notumor,0.125015,0.131791,0.537463,0.205730
D:\Major project\Testing\notumor\Te-no_0025.jpg,2,notumor,2,notumor,0.125010,0.125353,0.624569,0.125067
D:\Major project\Testing\notumor\Te-no_0026.jpg,2,notumor,2,notumor,0.125014,0.125106,0.624822,0.125057
D:\Major project\Testing\notumor\Te-no_0027.jpg,2,notumor,2,notumor,0.125013,0.130954,0.618913,0.125120
D:\Major project\Testing\notumor\Te-no_0028.jpg,2,notumor,2,notumor,0.125017,0.127805,0.621929,0.125250
D:\Major project\Testing\notumor\Te-no_0029.jpg,2,notumor,1,meningioma,0.292979,0.332290,0.249557,0.125174
D:\Major project\Testing\notumor\Te-no_0030.jpg,2,notumor,2,notumor,0.125017,0.125242,0.624681,0.125059
D:\Major project\Testing\notumor\Te-no_0031.jpg,2,notumor,2,notumor,0.125017,0.125057,0.624872,0.125053
D:\Major project\Testing\notumor\Te-no_0032.jpg,2,notumor,2,notumor,0.125016,0.124995,0.624931,0.125057
D:\Major project\Testing\notumor\Te-no_0033.jpg,2,notumor,2,notumor,0.129491,0.140931,0.604466,0.125111
D:\Major project\Testing\notumor\Te-no_0034.jpg,2,notumor,2,notumor,0.125013,0.125001,0.624927,0.125059
D:\Major project\Testing\notumor\Te-no_0035.jpg,2,notumor,2,notumor,0.127886,0.130901,0.616128,0.125086
D:\Major project\Testing\notumor\Te-no_0036.jpg,2,notumor,2,notumor,0.125016,0.125034,0.624875,0.125075
D:\Major project\Testing\notumor\Te-no_0037.jpg,2,notumor,2,notumor,0.125018,0.125092,0.624831,0.125058
D:\Major project\Testing\notumor\Te-no_0038.jpg,2,notumor,2,notumor,0.125666,0.127788,0.621165,0.125381
D:\Major project\Testing\notumor\Te-no_0039.jpg,2,notumor,2,notumor,0.125012,0.125000,0.624918,0.125070
D:\Major project\Testing\notumor\Te-no_0040.jpg,2,notumor,2,notumor,0.125015,0.125044,0.624869,0.125072
D:\Major project\Testing\notumor\Te-no_0041.jpg,2,notumor,2,notumor,0.125015,0.125242,0.624682,0.125061
D:\Major project\Testing\notumor\Te-no_0042.jpg,2,notumor,2,notumor,0.125014,0.124995,0.624925,0.125066
D:\Major project\Testing\notumor\Te-no_0043.jpg,2,notumor,2,notumor,0.125014,0.125034,0.624888,0.125064
D:\Major project\Testing\notumor\Te-no_0044.jpg,2,notumor,2,notumor,0.125014,0.125060,0.624853,0.125073
D:\Major project\Testing\notumor\Te-no_0045.jpg,2,notumor,2,notumor,0.132664,0.127889,0.614393,0.125054
D:\Major project\Testing\notumor\Te-no_0046.jpg,2,notumor,2,notumor,0.125014,0.125040,0.624888,0.125058
D:\Major project\Testing\notumor\Te-no_0047.jpg,2,notumor,2,notumor,0.125014,0.125091,0.624834,0.125061
D:\Major project\Testing\notumor\Te-no_0048.jpg,2,notumor,2,notumor,0.125016,0.125052,0.624861,0.125072
D:\Major project\Testing\notumor\Te-no_0049.jpg,2,notumor,2,notumor,0.125027,0.137336,0.611933,0.125704
D:\Major project\Testing\notumor\Te-no_0050.jpg,2,notumor,2,notumor,0.132664,0.127889,0.614393,0.125054
D:\Major project\Testing\notumor\Te-no_0051.jpg,2,notumor,2,notumor,0.125016,0.125236,0.624682,0.125067
D:\Major project\Testing\notumor\Te-no_0052.jpg,2,notumor,2,notumor,0.125015,0.125044,0.624869,0.125072
D:\Major project\Testing\notumor\Te-no_0053.jpg,2,notumor,2,notumor,0.125016,0.125052,0.624861,0.125072
D:\Major project\Testing\notumor\Te-no_0054.jpg,2,notumor,2,notumor,0.132664,0.127889,0.614393,0.125054
D:\Major project\Testing\notumor\Te-no_0055.jpg,2,notumor,2,notumor,0.125014,0.125060,0.624853,0.125073
D:\Major project\Testing\notumor\Te-no_0056.jpg,2,notumor,2,notumor,0.125014,0.125078,0.624830,0.125077
D:\Major project\Testing\notumor\Te-no_0057.jpg,2,notumor,2,notumor,0.125012,0.124998,0.624931,0.125059
D:\Major project\Testing\notumor\Te-no_0058.jpg,2,notumor,2,notumor,0.125016,0.125671,0.624243,0.125071
D:\Major project\Testing\notumor\Te-no_0059.jpg,2,notumor,2,notumor,0.125014,0.124997,0.624923,0.125067
D:\Major project\Testing\notumor\Te-no_0060.jpg,2,notumor,2,notumor,0.125015,0.125024,0.624903,0.125058
D:\Major project\Testing\notumor\Te-no_0061.jpg,2,notumor,2,notumor,0.125014,0.125060,0.624853,0.125073
D:\Major project\Testing\notumor\Te-no_0062.jpg,2,notumor,2,notumor,0.125051,0.125212,0.624676,0.125060
D:\Major project\Testing\notumor\Te-no_0063.jpg,2,notumor,2,notumor,0.125012,0.125002,0.624928,0.125058
D:\Major project\Testing\notumor\Te-no_0064.jpg,2,notumor,2,notumor,0.125015,0.125028,0.624899,0.125057
D:\Major project\Testing\notumor\Te-no_0065.jpg,2,notumor,2,notumor,0.125017,0.125242,0.624681,0.125059
D:\Major project\Testing\notumor\Te-no_0066.jpg,2,notumor,2,notumor,0.125012,0.125223,0.624705,0.125060
D:\Major project\Testing\notumor\Te-no_0067.jpg,2,notumor,2,notumor,0.125017,0.125057,0.624872,0.125053
D:\Major project\Testing\notumor\Te-no_0068.jpg,2,notumor,2,notumor,0.125016,0.125052,0.624861,0.125072
D:\Major project\Testing\notumor\Te-no_0069.jpg,2,notumor,1,meningioma,0.292979,0.332290,0.249557,0.125174
D:\Major project\Testing\notumor\Te-no_0070.jpg,2,notumor,2,notumor,0.125097,0.125249,0.624598,0.125057
D:\Major project\Testing\notumor\Te-no_0071.jpg,2,notumor,2,notumor,0.125018,0.128305,0.621487,0.125190
D:\Major project\Testing\notumor\Te-no_0072.jpg,2,notumor,2,notumor,0.125014,0.125919,0.624011,0.125057
D:\Major project\Testing\notumor\Te-no_0073.jpg,2,notumor,2,notumor,0.125051,0.125212,0.624676,0.125060
D:\Major project\Testing\notumor\Te-no_0074.jpg,2,notumor,2,notumor,0.125011,0.125273,0.623752,0.125964
D:\Major project\Testing\notumor\Te-no_0075.jpg,2,notumor,2,notumor,0.125439,0.148706,0.600225,0.125630
D:\Major project\Testing\notumor\Te-no_0076.jpg,2,notumor,2,notumor,0.125022,0.125406,0.624509,0.125063
D:\Major project\Testing\notumor\Te-no_0077.jpg,2,notumor,2,notumor,0.125014,0.125091,0.624834,0.125061
D:\Major project\Testing\notumor\Te-no_0078.jpg,2,notumor,2,notumor,0.125012,0.125108,0.624820,0.125060
D:\Major project\Testing\notumor\Te-no_0079.jpg,2,notumor,2,notumor,0.125011,0.130333,0.605395,0.139261
D:\Major project\Testing\notumor\Te-no_0080.jpg,2,notumor,2,notumor,0.125016,0.124994,0.624927,0.125063
D:\Major project\Testing\notumor\Te-no_0081.jpg,2,notumor,2,notumor,0.127886,0.130901,0.616128,0.125086
D:\Major project\Testing\notumor\Te-no_0082.jpg,2,notumor,2,notumor,0.125020,0.125492,0.624427,0.125061
D:\Major project\Testing\notumor\Te-no_0083.jpg,2,notumor,2,notumor,0.125146,0.125005,0.624787,0.125062
D:\Major project\Testing\notumor\Te-no_0084.jpg,2,notumor,2,notumor,0.125017,0.125057,0.624872,0.125053
D:\Major project\Testing\notumor\Te-no_0085.jpg,2,notumor,2,notumor,0.125087,0.128527,0.619851,0.126535
D:\Major project\Testing\notumor\Te-no_0086.jpg,2,notumor,2,notumor,0.125015,0.125182,0.624732,0.125072
D:\Major project\Testing\notumor\Te-no_0087.jpg,2,notumor,2,notumor,0.125016,0.125052,0.624861,0.125072
D:\Major project\Testing\notumor\Te-no_0088.jpg,2,notumor,2,notumor,0.125008,0.125004,0.624949,0.125039
D:\Major project\Testing\notumor\Te-no_0089.jpg,2,notumor,2,notumor,0.125015,0.125366,0.624557,0.125061
D:\Major project\Testing\notumor\Te-no_0090.jpg,2,notumor,2,notumor,0.125022,0.207398,0.539154,0.128426
D:\Major project\Testing\notumor\Te-no_0091.jpg,2,notumor,2,notumor,0.125013,0.124996,0.624940,0.125051
D:\Major project\Testing\notumor\Te-no_0092.jpg,2,notumor,2,notumor,0.125018,0.125837,0.624066,0.125079
D:\Major project\Testing\notumor\Te-no_0093.jpg,2,notumor,2,notumor,0.125146,0.125005,0.624787,0.125062
D:\Major project\Testing\notumor\Te-no_0094.jpg,2,notumor,2,notumor,0.125015,0.126908,0.623006,0.125071
D:\Major project\Testing\notumor\Te-no_0095.jpg,2,notumor,2,notumor,0.125243,0.125026,0.624666,0.125065
D:\Major project\Testing\notumor\Te-no_0096.jpg,2,notumor,2,notumor,0.125016,0.124994,0.624915,0.125076
D:\Major project\Testing\notumor\Te-no_0097.jpg,2,notumor,2,notumor,0.125011,0.125367,0.624574,0.125047
D:\Major project\Testing\notumor\Te-no_0098.jpg,2,notumor,2,notumor,0.138621,0.149796,0.526725,0.184858
D:\Major project\Testing\notumor\Te-no_0099.jpg,2,notumor,2,notumor,0.125751,0.130933,0.618094,0.125222
D:\Major project\Testing\notumor\Te-no_0100.jpg,2,notumor,2,notumor,0.125015,0.125640,0.624286,0.125060
D:\Major project\Testing\notumor\Te-no_0101.jpg,2,notumor,2,notumor,0.129790,0.240801,0.497906,0.131503
D:\Major project\Testing\notumor\Te-no_0102.jpg,2,notumor,2,notumor,0.125014,0.124995,0.624938,0.125053
D:\Major project\Testing\notumor\Te-no_0103.jpg,2,notumor,2,notumor,0.125017,0.125048,0.624877,0.125058
D:\Major project\Testing\notumor\Te-no_0104.jpg,2,notumor,1,meningioma,0.138797,0.551796,0.160988,0.148420
D:\Major project\Testing\notumor\Te-no_0105.jpg,2,notumor,2,notumor,0.125034,0.125199,0.624678,0.125089
D:\Major project\Testing\notumor\Te-no_0106.jpg,2,notumor,2,notumor,0.125015,0.124997,0.624930,0.125059
D:\Major project\Testing\notumor\Te-no_0107.jpg,2,notumor,2,notumor,0.125028,0.124993,0.624923,0.125056
D:\Major project\Testing\notumor\Te-no_0108.jpg,2,notumor,2,notumor,0.125066,0.125058,0.624818,0.125058
D:\Major project\Testing\notumor\Te-no_0109.jpg,2,notumor,2,notumor,0.125016,0.124992,0.624930,0.125062
D:\Major project\Testing\notumor\Te-no_0110.jpg,2,notumor,2,notumor,0.125012,0.125014,0.624915,0.125059
D:\Major project\Testing\notumor\Te-no_0111.jpg,2,notumor,2,notumor,0.125038,0.125157,0.624737,0.125069
D:\Major project\Testing\notumor\Te-no_0112.jpg,2,notumor,2,notumor,0.125032,0.125431,0.624483,0.125054
D:\Major project\Testing\notumor\Te-no_0113.jpg,2,notumor,2,notumor,0.125027,0.125171,0.624737,0.125065
D:\Major project\Testing\notumor\Te-no_0114.jpg,2,notumor,2,notumor,0.125014,0.124993,0.624932,0.125061
D:\Major project\Testing\notumor\Te-no_0115.jpg,2,notumor,2,notumor,0.125010,0.125001,0.624933,0.125056
D:\Major project\Testing\notumor\Te-no_0116.jpg,2,notumor,2,notumor,0.125015,0.125001,0.624911,0.125074
D:\Major project\Testing\notumor\Te-no_0117.jpg,2,notumor,2,notumor,0.125014,0.125094,0.624839,0.125053
D:\Major project\Testing\notumor\Te-no_0118.jpg,2,notumor,2,notumor,0.125009,0.127350,0.622588,0.125053
D:\Major project\Testing\notumor\Te-no_0119.jpg,2,notumor,2,notumor,0.125021,0.124999,0.624916,0.125063
D:\Major project\Testing\notumor\Te-no_0120.jpg,2,notumor,2,notumor,0.126065,0.125050,0.623820,0.125065
D:\Major project\Testing\notumor\Te-no_0121.jpg,2,notumor,2,notumor,0.125034,0.125175,0.624736,0.125055
D:\Major project\Testing\notumor\Te-no_0122.jpg,2,notumor,2,notumor,0.125161,0.143822,0.605807,0.125211
D:\Major project\Testing\notumor\Te-no_0123.jpg,2,notumor,2,notumor,0.125011,0.125071,0.624862,0.125055
D:\Major project\Testing\notumor\Te-no_0124.jpg,2,notumor,2,notumor,0.125020,0.125005,0.624920,0.125056
D:\Major project\Testing\notumor\Te-no_0125.jpg,2,notumor,2,notumor,0.125017,0.125113,0.624808,0.125062
D:\Major project\Testing\notumor\Te-no_0126.jpg,2,notumor,2,notumor,0.125019,0.125060,0.624849,0.125072
D:\Major project\Testing\notumor\Te-no_0127.jpg,2,notumor,2,notumor,0.125012,0.125393,0.624547,0.125048
D:\Major project\Testing\notumor\Te-no_0128.jpg,2,notumor,2,notumor,0.125016,0.125624,0.624301,0.125059
D:\Major project\Testing\notumor\Te-no_0129.jpg,2,notumor,2,notumor,0.125019,0.125033,0.624853,0.125095
D:\Major project\Testing\notumor\Te-no_0130.jpg,2,notumor,2,notumor,0.125014,0.124991,0.624936,0.125059
D:\Major project\Testing\notumor\Te-no_0131.jpg,2,notumor,2,notumor,0.125064,0.124999,0.624873,0.125064
D:\Major project\Testing\notumor\Te-no_0132.jpg,2,notumor,2,notumor,0.125014,0.125002,0.624914,0.125071
D:\Major project\Testing\notumor\Te-no_0133.jpg,2,notumor,2,notumor,0.125012,0.125028,0.624892,0.125068
D:\Major project\Testing\notumor\Te-no_0134.jpg,2,notumor,2,notumor,0.125024,0.125075,0.624845,0.125055
D:\Major project\Testing\notumor\Te-no_0135.jpg,2,notumor,2,notumor,0.125011,0.125074,0.624867,0.125047
D:\Major project\Testing\notumor\Te-no_0136.jpg,2,notumor,2,notumor,0.125011,0.125005,0.624921,0.125063
D:\Major project\Testing\notumor\Te-no_0137.jpg,2,notumor,2,notumor,0.125026,0.124995,0.624914,0.125064
D:\Major project\Testing\notumor\Te-no_0138.jpg,2,notumor,2,notumor,0.125011,0.124994,0.624945,0.125050
D:\Major project\Testing\notumor\Te-no_0139.jpg,2,notumor,2,notumor,0.125019,0.125013,0.624888,0.125080
D:\Major project\Testing\notumor\Te-no_0140.jpg,2,notumor,2,notumor,0.125015,0.125021,0.624907,0.125057
D:\Major project\Testing\notumor\Te-no_0141.jpg,2,notumor,2,notumor,0.125015,0.124998,0.624910,0.125077
D:\Major project\Testing\notumor\Te-no_0142.jpg,2,notumor,2,notumor,0.125014,0.125007,0.624908,0.125071
D:\Major project\Testing\notumor\Te-no_0143.jpg,2,notumor,2,notumor,0.125016,0.125001,0.624912,0.125072
D:\Major project\Testing\notumor\Te-no_0144.jpg,2,notumor,2,notumor,0.125015,0.124997,0.624914,0.125074
D:\Major project\Testing\notumor\Te-no_0145.jpg,2,notumor,2,notumor,0.125016,0.124997,0.624921,0.125065
D:\Major project\Testing\notumor\Te-no_0146.jpg,2,notumor,2,notumor,0.125015,0.125000,0.624907,0.125077
D:\Major project\Testing\notumor\Te-no_0147.jpg,2,notumor,2,notumor,0.125015,0.125075,0.624837,0.125073
D:\Major project\Testing\notumor\Te-no_0148.jpg,2,notumor,2,notumor,0.125011,0.125004,0.624927,0.125058
D:\Major project\Testing\notumor\Te-no_0149.jpg,2,notumor,2,notumor,0.125026,0.126421,0.623477,0.125076
D:\Major project\Testing\notumor\Te-no_0150.jpg,2,notumor,2,notumor,0.125070,0.127187,0.622656,0.125087
D:\Major project\Testing\notumor\Te-no_0151.jpg,2,notumor,2,notumor,0.125015,0.124998,0.624919,0.125068
D:\Major project\Testing\notumor\Te-no_0152.jpg,2,notumor,2,notumor,0.125013,0.125006,0.624897,0.125084
D:\Major project\Testing\notumor\Te-no_0153.jpg,2,notumor,2,notumor,0.125010,0.125007,0.624908,0.125076
D:\Major project\Testing\notumor\Te-no_0154.jpg,2,notumor,2,notumor,0.125012,0.125087,0.624844,0.125056
D:\Major project\Testing\notumor\Te-no_0155.jpg,2,notumor,2,notumor,0.125011,0.125067,0.624836,0.125086
D:\Major project\Testing\notumor\Te-no_0156.jpg,2,notumor,2,notumor,0.125013,0.125028,0.624889,0.125070
D:\Major project\Testing\notumor\Te-no_0157.jpg,2,notumor,2,notumor,0.125013,0.124997,0.624924,0.125065
D:\Major project\Testing\notumor\Te-no_0158.jpg,2,notumor,2,notumor,0.125030,0.125182,0.624719,0.125069
D:\Major project\Testing\notumor\Te-no_0159.jpg,2,notumor,2,notumor,0.125015,0.124999,0.624909,0.125078
D:\Major project\Testing\notumor\Te-no_0160.jpg,2,notumor,2,notumor,0.125015,0.124998,0.624914,0.125073
D:\Major project\Testing\notumor\Te-no_0161.jpg,2,notumor,2,notumor,0.125010,0.124998,0.624933,0.125059
D:\Major project\Testing\notumor\Te-no_0162.jpg,2,notumor,2,notumor,0.125016,0.125014,0.624907,0.125063
D:\Major project\Testing\notumor\Te-no_0163.jpg,2,notumor,2,notumor,0.125017,0.125003,0.624917,0.125063
D:\Major project\Testing\notumor\Te-no_0164.jpg,2,notumor,2,notumor,0.125016,0.125035,0.624879,0.125070
D:\Major project\Testing\notumor\Te-no_0165.jpg,2,notumor,2,notumor,0.125014,0.125006,0.624908,0.125072
D:\Major project\Testing\notumor\Te-no_0166.jpg,2,notumor,2,notumor,0.125011,0.125000,0.624920,0.125070
D:\Major project\Testing\notumor\Te-no_0167.jpg,2,notumor,2,notumor,0.125015,0.124998,0.624919,0.125069
D:\Major project\Testing\notumor\Te-no_0168.jpg,2,notumor,2,notumor,0.125012,0.125050,0.624872,0.125065
D:\Major project\Testing\notumor\Te-no_0169.jpg,2,notumor,2,notumor,0.125014,0.125001,0.624901,0.125084
D:\Major project\Testing\notumor\Te-no_0170.jpg,2,notumor,2,notumor,0.125016,0.125072,0.624829,0.125083
D:\Major project\Testing\notumor\Te-no_0171.jpg,2,notumor,2,notumor,0.125011,0.124997,0.624919,0.125074
D:\Major project\Testing\notumor\Te-no_0172.jpg,2,notumor,2,notumor,0.125010,0.125037,0.624878,0.125075
D:\Major project\Testing\notumor\Te-no_0173.jpg,2,notumor,2,notumor,0.125018,0.124993,0.624927,0.125062
D:\Major project\Testing\notumor\Te-no_0174.jpg,2,notumor,2,notumor,0.125010,0.125052,0.624862,0.125076
D:\Major project\Testing\notumor\Te-no_0175.jpg,2,notumor,2,notumor,0.125011,0.124996,0.624921,0.125072
D:\Major project\Testing\notumor\Te-no_0176.jpg,2,notumor,2,notumor,0.125010,0.125012,0.624908,0.125069
D:\Major project\Testing\notumor\Te-no_0177.jpg,2,notumor,2,notumor,0.125013,0.124999,0.624919,0.125070
D:\Major project\Testing\notumor\Te-no_0178.jpg,2,notumor,2,notumor,0.125023,0.125033,0.624886,0.125058
D:\Major project\Testing\notumor\Te-no_0179.jpg,2,notumor,2,notumor,0.125015,0.124996,0.624916,0.125072
D:\Major project\Testing\notumor\Te-no_0180.jpg,2,notumor,2,notumor,0.125015,0.124992,0.624912,0.125081
D:\Major project\Testing\notumor\Te-no_0181.jpg,2,notumor,2,notumor,0.125015,0.125083,0.624820,0.125082
D:\Major project\Testing\notumor\Te-no_0182.jpg,2,notumor,2,notumor,0.125011,0.124996,0.624919,0.125073
D:\Major project\Testing\notumor\Te-no_0183.jpg,2,notumor,2,notumor,0.125017,0.125214,0.624700,0.125069
D:\Major project\Testing\notumor\Te-no_0184.jpg,2,notumor,2,notumor,0.125026,0.126233,0.623685,0.125056
D:\Major project\Testing\notumor\Te-no_0185.jpg,2,notumor,2,notumor,0.125015,0.125041,0.624875,0.125068
D:\Major project\Testing\notumor\Te-no_0186.jpg,2,notumor,2,notumor,0.125018,0.125207,0.624710,0.125065
D:\Major project\Testing\notumor\Te-no_0187.jpg,2,notumor,2,notumor,0.125013,0.124998,0.624932,0.125058
D:\Major project\Testing\notumor\Te-no_0188.jpg,2,notumor,2,notumor,0.125012,0.127714,0.622219,0.125055
D:\Major project\Testing\notumor\Te-no_0189.jpg,2,notumor,2,notumor,0.125050,0.125036,0.624836,0.125078
D:\Major project\Testing\notumor\Te-no_0190.jpg,2,notumor,2,notumor,0.125017,0.125017,0.624899,0.125067
D:\Major project\Testing\notumor\Te-no_0191.jpg,2,notumor,2,notumor,0.125231,0.125083,0.624624,0.125061
D:\Major project\Testing\notumor\Te-no_0192.jpg,2,notumor,2,notumor,0.125016,0.124992,0.624928,0.125065
D:\Major project\Testing\notumor\Te-no_0193.jpg,2,notumor,2,notumor,0.125014,0.125094,0.624844,0.125049
D:\Major project\Testing\notumor\Te-no_0194.jpg,2,notumor,2,notumor,0.125065,0.125014,0.624855,0.125066
D:\Major project\Testing\notumor\Te-no_0195.jpg,2,notumor,2,notumor,0.125015,0.124997,0.624914,0.125074
D:\Major project\Testing\notumor\Te-no_0196.jpg,2,notumor,2,notumor,0.125031,0.125282,0.624618,0.125069
D:\Major project\Testing\notumor\Te-no_0197.jpg,2,notumor,2,notumor,0.125017,0.125009,0.624887,0.125087
D:\Major project\Testing\notumor\Te-no_0198.jpg,2,notumor,2,notumor,0.125016,0.125010,0.624916,0.125059
D:\Major project\Testing\notumor\Te-no_0199.jpg,2,notumor,2,notumor,0.125026,0.125000,0.624912,0.125062
D:\Major project\Testing\notumor\Te-no_0200.jpg,2,notumor,2,notumor,0.125017,0.124992,0.624929,0.125062
D:\Major project\Testing\notumor\Te-no_0201.jpg,2,notumor,2,notumor,0.125032,0.125429,0.624470,0.125069
D:\Major project\Testing\notumor\Te-no_0202.jpg,2,notumor,2,notumor,0.125015,0.125000,0.624879,0.125105
D:\Major project\Testing\notumor\Te-no_0203.jpg,2,notumor,2,notumor,0.125015,0.124992,0.624937,0.125056
D:\Major project\Testing\notumor\Te-no_0204.jpg,2,notumor,2,notumor,0.125012,0.125607,0.624328,0.125053
D:\Major project\Testing\notumor\Te-no_0205.jpg,2,notumor,2,notumor,0.125014,0.124999,0.624914,0.125073
D:\Major project\Testing\notumor\Te-no_0206.jpg,2,notumor,2,notumor,0.125033,0.126325,0.623590,0.125052
D:\Major project\Testing\notumor\Te-no_0207.jpg,2,notumor,2,notumor,0.125016,0.125002,0.624888,0.125094
D:\Major project\Testing\notumor\Te-no_0208.jpg,2,notumor,2,notumor,0.125013,0.125048,0.624877,0.125062
D:\Major project\Testing\notumor\Te-no_0209.jpg,2,notumor,2,notumor,0.125015,0.125012,0.624918,0.125055
D:\Major project\Testing\notumor\Te-no_0210.jpg,2,notumor,2,notumor,0.125580,0.125015,0.624341,0.125064
D:\Major project\Testing\notumor\Te-no_0211.jpg,2,notumor,2,notumor,0.125140,0.128631,0.621134,0.125096
D:\Major project\Testing\notumor\Te-no_0212.jpg,2,notumor,2,notumor,0.125017,0.124999,0.624888,0.125095
D:\Major project\Testing\notumor\Te-no_0213.jpg,2,notumor,2,notumor,0.125020,0.124999,0.624925,0.125056
D:\Major project\Testing\notumor\Te-no_0214.jpg,2,notumor,2,notumor,0.125017,0.125177,0.624744,0.125063
D:\Major project\Testing\notumor\Te-no_0215.jpg,2,notumor,2,notumor,0.125018,0.125005,0.624915,0.125062
D:\Major project\Testing\notumor\Te-no_0216.jpg,2,notumor,2,notumor,0.125014,0.125056,0.624871,0.125058
D:\Major project\Testing\notumor\Te-no_0217.jpg,2,notumor,2,notumor,0.125017,0.125018,0.624879,0.125087
D:\Major project\Testing\notumor\Te-no_0218.jpg,2,notumor,2,notumor,0.125026,0.124998,0.624913,0.125063
D:\Major project\Testing\notumor\Te-no_0219.jpg,2,notumor,2,notumor,0.128079,0.125049,0.621786,0.125086
D:\Major project\Testing\notumor\Te-no_0220.jpg,2,notumor,2,notumor,0.125015,0.125087,0.624828,0.125070
D:\Major project\Testing\notumor\Te-no_0221.jpg,2,notumor,2,notumor,0.125016,0.125001,0.624928,0.125055
D:\Major project\Testing\notumor\Te-no_0222.jpg,2,notumor,2,notumor,0.125012,0.125014,0.624927,0.125047
D:\Major project\Testing\notumor\Te-no_0223.jpg,2,notumor,2,notumor,0.125012,0.125028,0.624897,0.125063
D:\Major project\Testing\notumor\Te-no_0224.jpg,2,notumor,2,notumor,0.125010,0.125015,0.624914,0.125061
D:\Major project\Testing\notumor\Te-no_0225.jpg,2,notumor,2,notumor,0.125012,0.125124,0.624799,0.125065
D:\Major project\Testing\notumor\Te-no_0226.jpg,2,notumor,2,notumor,0.125014,0.125082,0.624839,0.125065
D:\Major project\Testing\notumor\Te-no_0227.jpg,2,notumor,2,notumor,0.125015,0.125014,0.624914,0.125057
D:\Major project\Testing\notumor\Te-no_0228.jpg,2,notumor,2,notumor,0.125052,0.128331,0.619019,0.127598
D:\Major project\Testing\notumor\Te-no_0229.jpg,2,notumor,2,notumor,0.125012,0.124996,0.624931,0.125060
D:\Major project\Testing\notumor\Te-no_0230.jpg,2,notumor,2,notumor,0.125011,0.125022,0.624916,0.125051
D:\Major project\Testing\notumor\Te-no_0231.jpg,2,notumor,2,notumor,0.125017,0.125035,0.624896,0.125052
D:\Major project\Testing\notumor\Te-no_0232.jpg,2,notumor,2,notumor,0.125013,0.124991,0.624931,0.125065
D:\Major project\Testing\notumor\Te-no_0233.jpg,2,notumor,2,notumor,0.125042,0.125022,0.624875,0.125061
D:\Major project\Testing\notumor\Te-no_0234.jpg,2,notumor,2,notumor,0.125014,0.125011,0.624905,0.125070
D:\Major project\Testing\notumor\Te-no_0235.jpg,2,notumor,2,notumor,0.125026,0.125104,0.624814,0.125056
D:\Major project\Testing\notumor\Te-no_0236.jpg,2,notumor,2,notumor,0.125016,0.125000,0.624937,0.125048
D:\Major project\Testing\notumor\Te-no_0237.jpg,2,notumor,2,notumor,0.125083,0.125344,0.624514,0.125059
D:\Major project\Testing\notumor\Te-no_0238.jpg,2,notumor,2,notumor,0.125015,0.125290,0.624645,0.125049
D:\Major project\Testing\notumor\Te-no_0239.jpg,2,notumor,2,notumor,0.125015,0.125001,0.624925,0.125060
D:\Major project\Testing\notumor\Te-no_0240.jpg,2,notumor,2,notumor,0.125014,0.124992,0.624930,0.125065
D:\Major project\Testing\notumor\Te-no_0241.jpg,2,notumor,2,notumor,0.125019,0.125045,0.624842,0.125095
D:\Major project\Testing\notumor\Te-no_0242.jpg,2,notumor,2,notumor,0.125013,0.125006,0.624911,0.125070
D:\Major project\Testing\notumor\Te-no_0243.jpg,2,notumor,2,notumor,0.125040,0.125145,0.624759,0.125056
D:\Major project\Testing\notumor\Te-no_0244.jpg,2,notumor,2,notumor,0.125013,0.125063,0.624860,0.125063
D:\Major project\Testing\notumor\Te-no_0245.jpg,2,notumor,2,notumor,0.125013,0.124997,0.624925,0.125065
D:\Major project\Testing\notumor\Te-no_0246.jpg,2,notumor,2,notumor,0.125012,0.125001,0.624931,0.125056
D:\Major project\Testing\notumor\Te-no_0247.jpg,2,notumor,2,notumor,0.125011,0.124994,0.624946,0.125050
D:\Major project\Testing\notumor\Te-no_0248.jpg,2,notumor,2,notumor,0.125016,0.124993,0.624934,0.125057
D:\Major project\Testing\notumor\Te-no_0249.jpg,2,notumor,2,notumor,0.125017,0.125006,0.624889,0.125088
D:\Major project\Testing\notumor\Te-no_0250.jpg,2,notumor,2,notumor,0.125013,0.125018,0.624880,0.125088
D:\Major project\Testing\notumor\Te-no_0251.jpg,2,notumor,2,notumor,0.125014,0.125029,0.624862,0.125096
D:\Major project\Testing\notumor\Te-no_0252.jpg,2,notumor,2,notumor,0.125015,0.125057,0.624860,0.125068
D:\Major project\Testing\notumor\Te-no_0253.jpg,2,notumor,2,notumor,0.125015,0.125076,0.624838,0.125071
D:\Major project\Testing\notumor\Te-no_0254.jpg,2,notumor,2,notumor,0.125013,0.125338,0.624585,0.125064
D:\Major project\Testing\notumor\Te-no_0255.jpg,2,notumor,2,notumor,0.125011,0.125003,0.624929,0.125057
D:\Major project\Testing\notumor\Te-no_0256.jpg,2,notumor,2,notumor,0.125013,0.124996,0.624925,0.125066
D:\Major project\Testing\notumor\Te-no_0257.jpg,2,notumor,2,notumor,0.125012,0.125053,0.624852,0.125082
D:\Major project\Testing\notumor\Te-no_0258.jpg,2,notumor,2,notumor,0.125015,0.124998,0.624910,0.125077
D:\Major project\Testing\notumor\Te-no_0259.jpg,2,notumor,2,notumor,0.125014,0.125000,0.624915,0.125071
D:\Major project\Testing\notumor\Te-no_0260.jpg,2,notumor,2,notumor,0.125013,0.125068,0.624830,0.125089
D:\Major project\Testing\notumor\Te-no_0261.jpg,2,notumor,2,notumor,0.125010,0.125016,0.624916,0.125058
D:\Major project\Testing\notumor\Te-no_0262.jpg,2,notumor,2,notumor,0.125014,0.125004,0.624911,0.125071
D:\Major project\Testing\notumor\Te-no_0263.jpg,2,notumor,2,notumor,0.125016,0.124996,0.624916,0.125072
D:\Major project\Testing\notumor\Te-no_0264.jpg,2,notumor,2,notumor,0.125023,0.124999,0.624902,0.125076
D:\Major project\Testing\notumor\Te-no_0265.jpg,2,notumor,2,notumor,0.125017,0.125009,0.624890,0.125084
D:\Major project\Testing\notumor\Te-no_0266.jpg,2,notumor,2,notumor,0.125010,0.124998,0.624919,0.125074
D:\Major project\Testing\notumor\Te-no_0267.jpg,2,notumor,2,notumor,0.125011,0.125003,0.624910,0.125076
D:\Major project\Testing\notumor\Te-no_0268.jpg,2,notumor,2,notumor,0.125011,0.124996,0.624923,0.125070
D:\Major project\Testing\notumor\Te-no_0269.jpg,2,notumor,2,notumor,0.125016,0.124996,0.624924,0.125064
D:\Major project\Testing\notumor\Te-no_0270.jpg,2,notumor,2,notumor,0.125016,0.125019,0.624874,0.125092
D:\Major project\Testing\notumor\Te-no_0271.jpg,2,notumor,2,notumor,0.125013,0.125065,0.624841,0.125081
D:\Major project\Testing\notumor\Te-no_0272.jpg,2,notumor,2,notumor,0.125015,0.125056,0.624863,0.125066
D:\Major project\Testing\notumor\Te-no_0273.jpg,2,notumor,2,notumor,0.125017,0.125358,0.624542,0.125083
D:\Major project\Testing\notumor\Te-no_0274.jpg,2,notumor,2,notumor,0.125015,0.125095,0.624819,0.125071
D:\Major project\Testing\notumor\Te-no_0275.jpg,2,notumor,2,notumor,0.125016,0.125009,0.624880,0.125094
D:\Major project\Testing\notumor\Te-no_0276.jpg,2,notumor,2,notumor,0.125016,0.125023,0.624883,0.125078
D:\Major project\Testing\notumor\Te-no_0277.jpg,2,notumor,2,notumor,0.125010,0.125000,0.624932,0.125057
D:\Major project\Testing\notumor\Te-no_0278.jpg,2,notumor,2,notumor,0.125014,0.125005,0.624892,0.125088
D:\Major project\Testing\notumor\Te-no_0279.jpg,2,notumor,2,notumor,0.125021,0.125003,0.624892,0.125084
D:\Major project\Testing\notumor\Te-no_0280.jpg,2,notumor,2,notumor,0.125013,0.125009,0.624895,0.125083
D:\Major project\Testing\notumor\Te-no_0281.jpg,2,notumor,2,notumor,0.125013,0.125001,0.624918,0.125067
D:\Major project\Testing\notumor\Te-no_0282.jpg,2,notumor,2,notumor,0.125021,0.125000,0.624895,0.125083
D:\Major project\Testing\notumor\Te-no_0283.jpg,2,notumor,2,notumor,0.125014,0.125156,0.624746,0.125084
D:\Major project\Testing\notumor\Te-no_0284.jpg,2,notumor,2,notumor,0.125014,0.125001,0.624913,0.125072
D:\Major project\Testing\notumor\Te-no_0285.jpg,2,notumor,2,notumor,0.125020,0.125001,0.624885,0.125095
D:\Major project\Testing\notumor\Te-no_0286.jpg,2,notumor,2,notumor,0.125010,0.125010,0.624910,0.125070
D:\Major project\Testing\notumor\Te-no_0287.jpg,2,notumor,2,notumor,0.125013,0.125002,0.624916,0.125070
D:\Major project\Testing\notumor\Te-no_0288.jpg,2,notumor,2,notumor,0.125015,0.124993,0.624911,0.125081
D:\Major project\Testing\notumor\Te-no_0289.jpg,2,notumor,2,notumor,0.125016,0.124997,0.624901,0.125086
D:\Major project\Testing\notumor\Te-no_0290.jpg,2,notumor,2,notumor,0.125014,0.125008,0.624892,0.125085
D:\Major project\Testing\notumor\Te-no_0291.jpg,2,notumor,2,notumor,0.125012,0.125004,0.624907,0.125078
D:\Major project\Testing\notumor\Te-no_0292.jpg,2,notumor,2,notumor,0.125012,0.125007,0.624906,0.125076
D:\Major project\Testing\notumor\Te-no_0293.jpg,2,notumor,2,notumor,0.125015,0.124996,0.624921,0.125068
D:\Major project\Testing\notumor\Te-no_0294.jpg,2,notumor,2,notumor,0.125011,0.125000,0.624919,0.125070
D:\Major project\Testing\notumor\Te-no_0295.jpg,2,notumor,2,notumor,0.125014,0.124997,0.624919,0.125069
D:\Major project\Testing\notumor\Te-no_0296.jpg,2,notumor,2,notumor,0.125039,0.125093,0.624787,0.125081
D:\Major project\Testing\notumor\Te-no_0297.jpg,2,notumor,2,notumor,0.125014,0.124995,0.624934,0.125056
D:\Major project\Testing\notumor\Te-no_0298.jpg,2,notumor,2,notumor,0.125010,0.125036,0.624902,0.125052
D:\Major project\Testing\notumor\Te-no_0299.jpg,2,notumor,2,notumor,0.125016,0.124994,0.624915,0.125075
D:\Major project\Testing\notumor\Te-no_0300.jpg,2,notumor,2,notumor,0.125027,0.125137,0.624771,0.125065
D:\Major project\Testing\notumor\Te-no_0301.jpg,2,notumor,2,notumor,0.125014,0.124993,0.624932,0.125061
D:\Major project\Testing\notumor\Te-no_0302.jpg,2,notumor,2,notumor,0.125014,0.124999,0.624913,0.125074
D:\Major project\Testing\notumor\Te-no_0303.jpg,2,notumor,2,notumor,0.125012,0.125003,0.624926,0.125059
D:\Major project\Testing\notumor\Te-no_0304.jpg,2,notumor,2,notumor,0.125017,0.125070,0.624818,0.125095
D:\Major project\Testing\notumor\Te-no_0305.jpg,2,notumor,2,notumor,0.125013,0.125036,0.624892,0.125059
D:\Major project\Testing\notumor\Te-no_0306.jpg,2,notumor,2,notumor,0.125015,0.125017,0.624910,0.125059
D:\Major project\Testing\notumor\Te-no_0307.jpg,2,notumor,2,notumor,0.125044,0.126266,0.623604,0.125086
D:\Major project\Testing\notumor\Te-no_0308.jpg,2,notumor,2,notumor,0.125015,0.125281,0.624636,0.125068
D:\Major project\Testing\notumor\Te-no_0309.jpg,2,notumor,2,notumor,0.125015,0.125000,0.624916,0.125070
D:\Major project\Testing\notumor\Te-no_0310.jpg,2,notumor,2,notumor,0.125015,0.125074,0.624850,0.125060
D:\Major project\Testing\notumor\Te-no_0311.jpg,2,notumor,2,notumor,0.125012,0.125007,0.624932,0.125049
D:\Major project\Testing\notumor\Te-no_0312.jpg,2,notumor,2,notumor,0.125041,0.126751,0.623152,0.125056
D:\Major project\Testing\notumor\Te-no_0313.jpg,2,notumor,2,notumor,0.125015,0.124991,0.624938,0.125056
D:\Major project\Testing\notumor\Te-no_0314.jpg,2,notumor,2,notumor,0.125088,0.124999,0.624849,0.125064
D:\Major project\Testing\notumor\Te-no_0315.jpg,2,notumor,2,notumor,0.125013,0.124997,0.624933,0.125057
D:\Major project\Testing\notumor\Te-no_0316.jpg,2,notumor,2,notumor,0.125011,0.125066,0.624866,0.125057
D:\Major project\Testing\notumor\Te-no_0317.jpg,2,notumor,2,notumor,0.125016,0.125007,0.624910,0.125067
D:\Major project\Testing\notumor\Te-no_0318.jpg,2,notumor,2,notumor,0.125069,0.125012,0.624853,0.125066
D:\Major project\Testing\notumor\Te-no_0319.jpg,2,notumor,2,notumor,0.125049,0.125151,0.624745,0.125056
D:\Major project\Testing\notumor\Te-no_0320.jpg,2,notumor,2,notumor,0.125027,0.126113,0.623788,0.125072
D:\Major project\Testing\notumor\Te-no_0321.jpg,2,notumor,2,notumor,0.125033,0.125272,0.624620,0.125075
D:\Major project\Testing\notumor\Te-no_0322.jpg,2,notumor,2,notumor,0.125015,0.125002,0.624925,0.125059
D:\Major project\Testing\notumor\Te-no_0323.jpg,2,notumor,2,notumor,0.125010,0.124998,0.624918,0.125074
D:\Major project\Testing\notumor\Te-no_0324.jpg,2,notumor,2,notumor,0.125016,0.124992,0.624916,0.125076
D:\Major project\Testing\notumor\Te-no_0325.jpg,2,notumor,2,notumor,0.125024,0.125076,0.624833,0.125067
D:\Major project\Testing\notumor\Te-no_0326.jpg,2,notumor,2,notumor,0.125016,0.125010,0.624878,0.125096
D:\Major project\Testing\notumor\Te-no_0327.jpg,2,notumor,2,notumor,0.125011,0.125018,0.624914,0.125057
D:\Major project\Testing\notumor\Te-no_0328.jpg,2,notumor,2,notumor,0.125008,0.125575,0.624365,0.125052
D:\Major project\Testing\notumor\Te-no_0329.jpg,2,notumor,2,notumor,0.125020,0.124999,0.624886,0.125095
D:\Major project\Testing\notumor\Te-no_0330.jpg,2,notumor,2,notumor,0.125068,0.125160,0.624716,0.125055
D:\Major project\Testing\notumor\Te-no_0331.jpg,2,notumor,2,notumor,0.125013,0.125278,0.624639,0.125069
D:\Major project\Testing\notumor\Te-no_0332.jpg,2,notumor,2,notumor,0.125015,0.124999,0.624927,0.125059
D:\Major project\Testing\notumor\Te-no_0333.jpg,2,notumor,2,notumor,0.125016,0.124992,0.624927,0.125065
D:\Major project\Testing\notumor\Te-no_0334.jpg,2,notumor,2,notumor,0.125049,0.127173,0.622724,0.125054
D:\Major project\Testing\notumor\Te-no_0335.jpg,2,notumor,2,notumor,0.125014,0.124998,0.624920,0.125067
D:\Major project\Testing\notumor\Te-no_0336.jpg,2,notumor,2,notumor,0.125013,0.124997,0.624936,0.125055
D:\Major project\Testing\notumor\Te-no_0337.jpg,2,notumor,2,notumor,0.125012,0.125027,0.624898,0.125063
D:\Major project\Testing\notumor\Te-no_0338.jpg,2,notumor,2,notumor,0.125021,0.125059,0.624841,0.125078
D:\Major project\Testing\notumor\Te-no_0339.jpg,2,notumor,2,notumor,0.125023,0.124998,0.624916,0.125064
D:\Major project\Testing\notumor\Te-no_0340.jpg,2,notumor,2,notumor,0.125020,0.125005,0.624886,0.125089
D:\Major project\Testing\notumor\Te-no_0341.jpg,2,notumor,2,notumor,0.125206,0.160062,0.589412,0.125320
D:\Major project\Testing\notumor\Te-no_0342.jpg,2,notumor,2,notumor,0.125014,0.124994,0.624932,0.125059
D:\Major project\Testing\notumor\Te-no_0343.jpg,2,notumor,2,notumor,0.125018,0.125040,0.624882,0.125060
D:\Major project\Testing\notumor\Te-no_0344.jpg,2,notumor,2,notumor,0.125069,0.126496,0.622934,0.125502
D:\Major project\Testing\notumor\Te-no_0345.jpg,2,notumor,2,notumor,0.125015,0.125217,0.624719,0.125049
D:\Major project\Testing\notumor\Te-no_0346.jpg,2,notumor,2,notumor,0.125071,0.124999,0.624866,0.125064
D:\Major project\Testing\notumor\Te-no_0347.jpg,2,notumor,2,notumor,0.125012,0.125015,0.624905,0.125068
D:\Major project\Testing\notumor\Te-no_0348.jpg,2,notumor,2,notumor,0.125011,0.125012,0.624914,0.125063
D:\Major project\Testing\notumor\Te-no_0349.jpg,2,notumor,2,notumor,0.125013,0.125013,0.624918,0.125055
D:\Major project\Testing\notumor\Te-no_0350.jpg,2,notumor,2,notumor,0.125036,0.126514,0.623301,0.125148
D:\Major project\Testing\notumor\Te-no_0351.jpg,2,notumor,2,notumor,0.125016,0.125106,0.624801,0.125077
D:\Major project\Testing\notumor\Te-no_0352.jpg,2,notumor,2,notumor,0.125015,0.124990,0.624935,0.125060
D:\Major project\Testing\notumor\Te-no_0353.jpg,2,notumor,2,notumor,0.125015,0.124995,0.624928,0.125062
D:\Major project\Testing\notumor\Te-no_0354.jpg,2,notumor,2,notumor,0.125013,0.124992,0.624933,0.125061
D:\Major project\Testing\notumor\Te-no_0355.jpg,2,notumor,2,notumor,0.125012,0.125046,0.624879,0.125063
D:\Major project\Testing\notumor\Te-no_0356.jpg,2,notumor,2,notumor,0.125014,0.125182,0.624758,0.125046
D:\Major project\Testing\notumor\Te-no_0357.jpg,2,notumor,2,notumor,0.125011,0.125043,0.624895,0.125051
D:\Major project\Testing\notumor\Te-no_0358.jpg,2,notumor,2,notumor,0.125041,0.125007,0.624892,0.125060
D:\Major project\Testing\notumor\Te-no_0359.jpg,2,notumor,2,notumor,0.125012,0.124991,0.624942,0.125054
D:\Major project\Testing\notumor\Te-no_0360.jpg,2,notumor,2,notumor,0.125013,0.124993,0.624948,0.125047
D:\Major project\Testing\notumor\Te-no_0361.jpg,2,notumor,2,notumor,0.125012,0.125000,0.624925,0.125063
D:\Major project\Testing\notumor\Te-no_0362.jpg,2,notumor,2,notumor,0.125015,0.125097,0.624779,0.125109
D:\Major project\Testing\notumor\Te-no_0363.jpg,2,notumor,2,notumor,0.125017,0.124997,0.624921,0.125065
D:\Major project\Testing\notumor\Te-no_0364.jpg,2,notumor,2,notumor,0.125014,0.125008,0.624905,0.125073
D:\Major project\Testing\notumor\Te-no_0365.jpg,2,notumor,2,notumor,0.125015,0.124991,0.624938,0.125056
D:\Major project\Testing\notumor\Te-no_0366.jpg,2,notumor,2,notumor,0.125012,0.124996,0.624934,0.125057
D:\Major project\Testing\notumor\Te-no_0367.jpg,2,notumor,2,notumor,0.125015,0.124996,0.624920,0.125068
D:\Major project\Testing\notumor\Te-no_0368.jpg,2,notumor,2,notumor,0.125015,0.125017,0.624902,0.125066
D:\Major project\Testing\notumor\Te-no_0369.jpg,2,notumor,2,notumor,0.125015,0.124999,0.624922,0.125064
D:\Major project\Testing\notumor\Te-no_0370.jpg,2,notumor,2,notumor,0.125014,0.126174,0.623747,0.125065
D:\Major project\Testing\notumor\Te-no_0371.jpg,2,notumor,2,notumor,0.125018,0.125163,0.624741,0.125077
D:\Major project\Testing\notumor\Te-no_0372.jpg,2,notumor,2,notumor,0.125017,0.125069,0.624845,0.125069
D:\Major project\Testing\notumor\Te-no_0373.jpg,2,notumor,2,notumor,0.125014,0.124998,0.624913,0.125074
D:\Major project\Testing\notumor\Te-no_0374.jpg,2,notumor,2,notumor,0.125016,0.124996,0.624916,0.125072
D:\Major project\Testing\notumor\Te-no_0375.jpg,2,notumor,2,notumor,0.125013,0.125007,0.624930,0.125050
D:\Major project\Testing\notumor\Te-no_0376.jpg,2,notumor,2,notumor,0.125011,0.125045,0.624885,0.125058
D:\Major project\Testing\notumor\Te-no_0377.jpg,2,notumor,2,notumor,0.125011,0.125011,0.624909,0.125070
D:\Major project\Testing\notumor\Te-no_0378.jpg,2,notumor,2,notumor,0.125029,0.125019,0.624872,0.125081
D:\Major project\Testing\notumor\Te-no_0379.jpg,2,notumor,2,notumor,0.125013,0.124999,0.624921,0.125067
D:\Major project\Testing\notumor\Te-no_0380.jpg,2,notumor,2,notumor,0.125013,0.124996,0.624934,0.125056
D:\Major project\Testing\notumor\Te-no_0381.jpg,2,notumor,2,notumor,0.125015,0.124997,0.624917,0.125070
D:\Major project\Testing\notumor\Te-no_0382.jpg,2,notumor,2,notumor,0.125013,0.124997,0.624935,0.125055
D:\Major project\Testing\notumor\Te-no_0383.jpg,2,notumor,2,notumor,0.125014,0.124993,0.624932,0.125061
D:\Major project\Testing\notumor\Te-no_0384.jpg,2,notumor,2,notumor,0.125015,0.125003,0.624907,0.125074
D:\Major project\Testing\notumor\Te-no_0385.jpg,2,notumor,2,notumor,0.125014,0.125045,0.624888,0.125053
D:\Major project\Testing\notumor\Te-no_0386.jpg,2,notumor,2,notumor,0.125020,0.125002,0.624915,0.125064
D:\Major project\Testing\notumor\Te-no_0387.jpg,2,notumor,2,notumor,0.125017,0.125011,0.624893,0.125079
D:\Major project\Testing\notumor\Te-no_0388.jpg,2,notumor,2,notumor,0.125017,0.125511,0.624404,0.125068
D:\Major project\Testing\notumor\Te-no_0389.jpg,2,notumor,2,notumor,0.125023,0.125109,0.624805,0.125063
D:\Major project\Testing\notumor\Te-no_0390.jpg,2,notumor,2,notumor,0.125019,0.125017,0.624902,0.125062
D:\Major project\Testing\notumor\Te-no_0391.jpg,2,notumor,2,notumor,0.125015,0.125733,0.624198,0.125054
D:\Major project\Testing\notumor\Te-no_0392.jpg,2,notumor,2,notumor,0.125027,0.125210,0.624693,0.125070
D:\Major project\Testing\notumor\Te-no_0393.jpg,2,notumor,2,notumor,0.125059,0.126615,0.623271,0.125056
D:\Major project\Testing\notumor\Te-no_0394.jpg,2,notumor,2,notumor,0.125022,0.125049,0.624863,0.125066
D:\Major project\Testing\notumor\Te-no_0395.jpg,2,notumor,2,notumor,0.125012,0.124998,0.624933,0.125056
D:\Major project\Testing\notumor\Te-no_0396.jpg,2,notumor,2,notumor,0.125011,0.125006,0.624927,0.125057
D:\Major project\Testing\notumor\Te-no_0397.jpg,2,notumor,2,notumor,0.125010,0.125054,0.624875,0.125061
D:\Major project\Testing\notumor\Te-no_0398.jpg,2,notumor,2,notumor,0.125011,0.125030,0.624902,0.125057
D:\Major project\Testing\notumor\Te-no_0399.jpg,2,notumor,2,notumor,0.125007,0.125420,0.624520,0.125052
D:\Major project\Testing\notumor\Te-no_0400.jpg,2,notumor,2,notumor,0.125011,0.125023,0.624903,0.125062
D:\Major project\Testing\notumor\Te-no_0401.jpg,2,notumor,2,notumor,0.125012,0.125163,0.624776,0.125049
D:\Major project\Testing\notumor\Te-no_0402.jpg,2,notumor,2,notumor,0.125160,0.125004,0.624770,0.125066
D:\Major project\Testing\notumor\Te-no_0403.jpg,2,notumor,2,notumor,0.125039,0.125002,0.624877,0.125082
D:\Major project\Testing\notumor\Te-no_0404.jpg,2,notumor,2,notumor,0.125014,0.125506,0.624410,0.125070
D:\Major project\Testing\pituitary\Te-piTr_0000.jpg,3,pituitary,3,pituitary,0.125047,0.125345,0.125518,0.624089
D:\Major project\Testing\pituitary\Te-piTr_0001.jpg,3,pituitary,3,pituitary,0.125013,0.125057,0.124942,0.624988
D:\Major project\Testing\pituitary\Te-piTr_0002.jpg,3,pituitary,3,pituitary,0.125226,0.165784,0.124939,0.584051
D:\Major project\Testing\pituitary\Te-piTr_0003.jpg,3,pituitary,3,pituitary,0.125011,0.124998,0.124947,0.625045
D:\Major project\Testing\pituitary\Te-piTr_0004.jpg,3,pituitary,3,pituitary,0.125012,0.125021,0.124946,0.625021
D:\Major project\Testing\pituitary\Te-piTr_0005.jpg,3,pituitary,3,pituitary,0.125090,0.125145,0.124945,0.624820
D:\Major project\Testing\pituitary\Te-piTr_0006.jpg,3,pituitary,3,pituitary,0.128194,0.131287,0.124954,0.615565
D:\Major project\Testing\pituitary\Te-piTr_0007.jpg,3,pituitary,3,pituitary,0.125031,0.125497,0.124942,0.624531
D:\Major project\Testing\pituitary\Te-piTr_0008.jpg,3,pituitary,3,pituitary,0.125050,0.125045,0.124943,0.624961
D:\Major project\Testing\pituitary\Te-piTr_0009.jpg,3,pituitary,3,pituitary,0.125015,0.125158,0.124979,0.624847
D:\Major project\Testing\pituitary\Te-pi_0010.jpg,3,pituitary,3,pituitary,0.125013,0.126192,0.124940,0.623856
D:\Major project\Testing\pituitary\Te-pi_0011.jpg,3,pituitary,3,pituitary,0.125014,0.125003,0.124937,0.625046
D:\Major project\Testing\pituitary\Te-pi_0012.jpg,3,pituitary,3,pituitary,0.125040,0.125160,0.124940,0.624859
D:\Major project\Testing\pituitary\Te-pi_0013.jpg,3,pituitary,3,pituitary,0.174429,0.141601,0.124979,0.558991
D:\Major project\Testing\pituitary\Te-pi_0014.jpg,3,pituitary,3,pituitary,0.125013,0.125894,0.124940,0.624153
D:\Major project\Testing\pituitary\Te-pi_0015.jpg,3,pituitary,3,pituitary,0.125014,0.125391,0.124940,0.624655
D:\Major project\Testing\pituitary\Te-pi_0016.jpg,3,pituitary,3,pituitary,0.125016,0.126635,0.124940,0.623410
D:\Major project\Testing\pituitary\Te-pi_0017.jpg,3,pituitary,3,pituitary,0.125024,0.126218,0.124935,0.623823
D:\Major project\Testing\pituitary\Te-pi_0018.jpg,3,pituitary,3,pituitary,0.125013,0.125110,0.124936,0.624941
D:\Major project\Testing\pituitary\Te-pi_0019.jpg,3,pituitary,3,pituitary,0.125061,0.127402,0.124949,0.622588
D:\Major project\Testing\pituitary\Te-pi_0020.jpg,3,pituitary,3,pituitary,0.125013,0.126463,0.124936,0.623587
D:\Major project\Testing\pituitary\Te-pi_0021.jpg,3,pituitary,3,pituitary,0.125017,0.125358,0.124965,0.624660
D:\Major project\Testing\pituitary\Te-pi_0022.jpg,3,pituitary,3,pituitary,0.125017,0.124998,0.124948,0.625037
D:\Major project\Testing\pituitary\Te-pi_0023.jpg,3,pituitary,3,pituitary,0.125021,0.127170,0.124949,0.622860
D:\Major project\Testing\pituitary\Te-pi_0024.jpg,3,pituitary,3,pituitary,0.125047,0.125608,0.125008,0.624338
D:\Major project\Testing\pituitary\Te-pi_0025.jpg,3,pituitary,3,pituitary,0.125021,0.130065,0.125032,0.619881
D:\Major project\Testing\pituitary\Te-pi_0026.jpg,3,pituitary,3,pituitary,0.125013,0.124994,0.124943,0.625050
D:\Major project\Testing\pituitary\Te-pi_0027.jpg,3,pituitary,3,pituitary,0.125014,0.125017,0.124941,0.625029
D:\Major project\Testing\pituitary\Te-pi_0028.jpg,3,pituitary,3,pituitary,0.125014,0.125141,0.124940,0.624906
D:\Major project\Testing\pituitary\Te-pi_0029.jpg,3,pituitary,1,meningioma,0.131645,0.441541,0.124994,0.301819
D:\Major project\Testing\pituitary\Te-pi_0030.jpg,3,pituitary,3,pituitary,0.125014,0.125734,0.125127,0.624125
D:\Major project\Testing\pituitary\Te-pi_0031.jpg,3,pituitary,3,pituitary,0.125015,0.126051,0.124942,0.623992
D:\Major project\Testing\pituitary\Te-pi_0032.jpg,3,pituitary,3,pituitary,0.125046,0.127766,0.125388,0.621800
D:\Major project\Testing\pituitary\Te-pi_0033.jpg,3,pituitary,3,pituitary,0.125013,0.125041,0.124940,0.625006
D:\Major project\Testing\pituitary\Te-pi_0034.jpg,3,pituitary,3,pituitary,0.125014,0.125073,0.124941,0.624972
D:\Major project\Testing\pituitary\Te-pi_0035.jpg,3,pituitary,3,pituitary,0.125016,0.125010,0.124938,0.625036
D:\Major project\Testing\pituitary\Te-pi_0036.jpg,3,pituitary,3,pituitary,0.125013,0.125395,0.124942,0.624649
D:\Major project\Testing\pituitary\Te-pi_0037.jpg,3,pituitary,3,pituitary,0.125013,0.125090,0.124943,0.624954
D:\Major project\Testing\pituitary\Te-pi_0038.jpg,3,pituitary,3,pituitary,0.125015,0.125738,0.124949,0.624298
D:\Major project\Testing\pituitary\Te-pi_0039.jpg,3,pituitary,3,pituitary,0.125018,0.125273,0.124946,0.624763
D:\Major project\Testing\pituitary\Te-pi_0040.jpg,3,pituitary,3,pituitary,0.125043,0.125654,0.124943,0.624360
D:\Major project\Testing\pituitary\Te-pi_0041.jpg,3,pituitary,3,pituitary,0.125013,0.125230,0.124940,0.624817
D:\Major project\Testing\pituitary\Te-pi_0042.jpg,3,pituitary,3,pituitary,0.125014,0.129220,0.124996,0.620770
D:\Major project\Testing\pituitary\Te-pi_0043.jpg,3,pituitary,3,pituitary,0.125016,0.126202,0.124973,0.623809
D:\Major project\Testing\pituitary\Te-pi_0044.jpg,3,pituitary,3,pituitary,0.125014,0.125314,0.124939,0.624733
D:\Major project\Testing\pituitary\Te-pi_0045.jpg,3,pituitary,3,pituitary,0.125029,0.125231,0.124945,0.624795
D:\Major project\Testing\pituitary\Te-pi_0046.jpg,3,pituitary,3,pituitary,0.125010,0.125048,0.124945,0.624996
D:\Major project\Testing\pituitary\Te-pi_0047.jpg,3,pituitary,3,pituitary,0.125009,0.124994,0.124950,0.625047
D:\Major project\Testing\pituitary\Te-pi_0048.jpg,3,pituitary,3,pituitary,0.125013,0.124997,0.124943,0.625047
D:\Major project\Testing\pituitary\Te-pi_0049.jpg,3,pituitary,3,pituitary,0.125029,0.124992,0.124943,0.625035
D:\Major project\Testing\pituitary\Te-pi_0050.jpg,3,pituitary,3,pituitary,0.125014,0.124997,0.124939,0.625050
D:\Major project\Testing\pituitary\Te-pi_0051.jpg,3,pituitary,3,pituitary,0.125024,0.125094,0.124946,0.624935
D:\Major project\Testing\pituitary\Te-pi_0052.jpg,3,pituitary,3,pituitary,0.125013,0.125003,0.124946,0.625039
D:\Major project\Testing\pituitary\Te-pi_0053.jpg,3,pituitary,3,pituitary,0.125013,0.125025,0.124937,0.625025
D:\Major project\Testing\pituitary\Te-pi_0054.jpg,3,pituitary,3,pituitary,0.125018,0.125086,0.124942,0.624954
D:\Major project\Testing\pituitary\Te-pi_0055.jpg,3,pituitary,3,pituitary,0.125012,0.124992,0.124945,0.625052
D:\Major project\Testing\pituitary\Te-pi_0056.jpg,3,pituitary,3,pituitary,0.125013,0.125051,0.124943,0.624994
D:\Major project\Testing\pituitary\Te-pi_0057.jpg,3,pituitary,3,pituitary,0.125013,0.125002,0.124959,0.625025
D:\Major project\Testing\pituitary\Te-pi_0058.jpg,3,pituitary,3,pituitary,0.125014,0.125580,0.124939,0.624467
D:\Major project\Testing\pituitary\Te-pi_0059.jpg,3,pituitary,3,pituitary,0.125012,0.125184,0.124938,0.624866
D:\Major project\Testing\pituitary\Te-pi_0060.jpg,3,pituitary,3,pituitary,0.125016,0.126933,0.124951,0.623101
D:\Major project\Testing\pituitary\Te-pi_0061.jpg,3,pituitary,3,pituitary,0.125013,0.124996,0.124941,0.625050
D:\Major project\Testing\pituitary\Te-pi_0062.jpg,3,pituitary,3,pituitary,0.125015,0.129649,0.124944,0.620392
D:\Major project\Testing\pituitary\Te-pi_0063.jpg,3,pituitary,3,pituitary,0.125016,0.125005,0.125014,0.624965
D:\Major project\Testing\pituitary\Te-pi_0064.jpg,3,pituitary,3,pituitary,0.125013,0.125288,0.124943,0.624756
D:\Major project\Testing\pituitary\Te-pi_0065.jpg,3,pituitary,3,pituitary,0.125014,0.124998,0.124942,0.625046
D:\Major project\Testing\pituitary\Te-pi_0066.jpg,3,pituitary,3,pituitary,0.125013,0.125019,0.124941,0.625027
D:\Major project\Testing\pituitary\Te-pi_0067.jpg,3,pituitary,3,pituitary,0.125013,0.125078,0.124941,0.624968
D:\Major project\Testing\pituitary\Te-pi_0068.jpg,3,pituitary,3,pituitary,0.125013,0.126023,0.124943,0.624020
D:\Major project\Testing\pituitary\Te-pi_0069.jpg,3,pituitary,3,pituitary,0.125012,0.125032,0.124943,0.625014
D:\Major project\Testing\pituitary\Te-pi_0070.jpg,3,pituitary,3,pituitary,0.125012,0.124994,0.124939,0.625055
D:\Major project\Testing\pituitary\Te-pi_0071.jpg,3,pituitary,3,pituitary,0.125012,0.125328,0.124950,0.624710
D:\Major project\Testing\pituitary\Te-pi_0072.jpg,3,pituitary,3,pituitary,0.125014,0.125701,0.124940,0.624346
D:\Major project\Testing\pituitary\Te-pi_0073.jpg,3,pituitary,3,pituitary,0.125011,0.124993,0.124944,0.625051
D:\Major project\Testing\pituitary\Te-pi_0074.jpg,3,pituitary,3,pituitary,0.125012,0.124992,0.124942,0.625054
D:\Major project\Testing\pituitary\Te-pi_0075.jpg,3,pituitary,3,pituitary,0.125023,0.125652,0.124946,0.624380
D:\Major project\Testing\pituitary\Te-pi_0076.jpg,3,pituitary,3,pituitary,0.125011,0.124995,0.124943,0.625052
D:\Major project\Testing\pituitary\Te-pi_0077.jpg,3,pituitary,3,pituitary,0.125013,0.125147,0.124943,0.624897
D:\Major project\Testing\pituitary\Te-pi_0078.jpg,3,pituitary,3,pituitary,0.125207,0.126544,0.124941,0.623308
D:\Major project\Testing\pituitary\Te-pi_0079.jpg,3,pituitary,3,pituitary,0.125206,0.125337,0.124940,0.624516
D:\Major project\Testing\pituitary\Te-pi_0080.jpg,3,pituitary,3,pituitary,0.125033,0.124995,0.124944,0.625029
D:\Major project\Testing\pituitary\Te-pi_0081.jpg,3,pituitary,3,pituitary,0.125011,0.125009,0.124940,0.625040
D:\Major project\Testing\pituitary\Te-pi_0082.jpg,3,pituitary,3,pituitary,0.125012,0.124992,0.124938,0.625057
D:\Major project\Testing\pituitary\Te-pi_0083.jpg,3,pituitary,3,pituitary,0.125013,0.124991,0.124942,0.625054
D:\Major project\Testing\pituitary\Te-pi_0084.jpg,3,pituitary,3,pituitary,0.125014,0.125040,0.124936,0.625010
D:\Major project\Testing\pituitary\Te-pi_0085.jpg,3,pituitary,3,pituitary,0.125013,0.125080,0.124942,0.624964
D:\Major project\Testing\pituitary\Te-pi_0086.jpg,3,pituitary,3,pituitary,0.125131,0.129751,0.125096,0.620022
D:\Major project\Testing\pituitary\Te-pi_0087.jpg,3,pituitary,3,pituitary,0.125016,0.125283,0.124942,0.624760
D:\Major project\Testing\pituitary\Te-pi_0088.jpg,3,pituitary,3,pituitary,0.125013,0.125171,0.124942,0.624873
D:\Major project\Testing\pituitary\Te-pi_0089.jpg,3,pituitary,3,pituitary,0.125013,0.125011,0.124945,0.625031
D:\Major project\Testing\pituitary\Te-pi_0090.jpg,3,pituitary,3,pituitary,0.125017,0.124994,0.124944,0.625044
D:\Major project\Testing\pituitary\Te-pi_0091.jpg,3,pituitary,3,pituitary,0.125015,0.125015,0.124944,0.625026
D:\Major project\Testing\pituitary\Te-pi_0092.jpg,3,pituitary,3,pituitary,0.125014,0.125105,0.124945,0.624936
D:\Major project\Testing\pituitary\Te-pi_0093.jpg,3,pituitary,3,pituitary,0.125060,0.125602,0.125012,0.624326
D:\Major project\Testing\pituitary\Te-pi_0094.jpg,3,pituitary,3,pituitary,0.125018,0.125070,0.124945,0.624967
D:\Major project\Testing\pituitary\Te-pi_0095.jpg,3,pituitary,3,pituitary,0.125014,0.124995,0.124944,0.625048
D:\Major project\Testing\pituitary\Te-pi_0096.jpg,3,pituitary,3,pituitary,0.125013,0.125055,0.124943,0.624988
D:\Major project\Testing\pituitary\Te-pi_0097.jpg,3,pituitary,3,pituitary,0.125012,0.124992,0.124945,0.625052
D:\Major project\Testing\pituitary\Te-pi_0098.jpg,3,pituitary,3,pituitary,0.125011,0.125024,0.124942,0.625022
D:\Major project\Testing\pituitary\Te-pi_0099.jpg,3,pituitary,3,pituitary,0.125031,0.124998,0.124954,0.625018
D:\Major project\Testing\pituitary\Te-pi_0100.jpg,3,pituitary,3,pituitary,0.125013,0.125015,0.124959,0.625013
D:\Major project\Testing\pituitary\Te-pi_0101.jpg,3,pituitary,3,pituitary,0.125013,0.125006,0.124945,0.625036
D:\Major project\Testing\pituitary\Te-pi_0102.jpg,3,pituitary,3,pituitary,0.125013,0.125078,0.124947,0.624962
D:\Major project\Testing\pituitary\Te-pi_0103.jpg,3,pituitary,3,pituitary,0.128128,0.124992,0.124948,0.621933
D:\Major project\Testing\pituitary\Te-pi_0104.jpg,3,pituitary,3,pituitary,0.125079,0.130842,0.124950,0.619129
D:\Major project\Testing\pituitary\Te-pi_0105.jpg,3,pituitary,3,pituitary,0.125014,0.125051,0.124945,0.624990
D:\Major project\Testing\pituitary\Te-pi_0106.jpg,3,pituitary,3,pituitary,0.125032,0.134321,0.124945,0.615703
D:\Major project\Testing\pituitary\Te-pi_0107.jpg,3,pituitary,3,pituitary,0.125014,0.125059,0.124943,0.624984
D:\Major project\Testing\pituitary\Te-pi_0108.jpg,3,pituitary,3,pituitary,0.125017,0.125029,0.124947,0.625008
D:\Major project\Testing\pituitary\Te-pi_0109.jpg,3,pituitary,3,pituitary,0.125104,0.260262,0.124943,0.489691
D:\Major project\Testing\pituitary\Te-pi_0110.jpg,3,pituitary,3,pituitary,0.125012,0.125043,0.124943,0.625002
D:\Major project\Testing\pituitary\Te-pi_0111.jpg,3,pituitary,3,pituitary,0.125014,0.125131,0.124944,0.624911
D:\Major project\Testing\pituitary\Te-pi_0112.jpg,3,pituitary,3,pituitary,0.125013,0.125003,0.124941,0.625043
D:\Major project\Testing\pituitary\Te-pi_0113.jpg,3,pituitary,3,pituitary,0.125114,0.225255,0.124956,0.524676
D:\Major project\Testing\pituitary\Te-pi_0114.jpg,3,pituitary,3,pituitary,0.125889,0.128725,0.124944,0.620443
D:\Major project\Testing\pituitary\Te-pi_0115.jpg,3,pituitary,3,pituitary,0.125012,0.125052,0.124960,0.624976
D:\Major project\Testing\pituitary\Te-pi_0116.jpg,3,pituitary,3,pituitary,0.125022,0.125057,0.124943,0.624977
D:\Major project\Testing\pituitary\Te-pi_0117.jpg,3,pituitary,3,pituitary,0.125013,0.125018,0.124943,0.625026
D:\Major project\Testing\pituitary\Te-pi_0118.jpg,3,pituitary,3,pituitary,0.125013,0.124991,0.124943,0.625053
D:\Major project\Testing\pituitary\Te-pi_0119.jpg,3,pituitary,3,pituitary,0.125020,0.125568,0.124947,0.624465
D:\Major project\Testing\pituitary\Te-pi_0120.jpg,3,pituitary,3,pituitary,0.125013,0.125262,0.125011,0.624715
D:\Major project\Testing\pituitary\Te-pi_0121.jpg,3,pituitary,3,pituitary,0.125013,0.125000,0.124942,0.625045
D:\Major project\Testing\pituitary\Te-pi_0122.jpg,3,pituitary,3,pituitary,0.125013,0.126247,0.124940,0.623800
D:\Major project\Testing\pituitary\Te-pi_0123.jpg,3,pituitary,3,pituitary,0.125013,0.125088,0.124938,0.624961
D:\Major project\Testing\pituitary\Te-pi_0124.jpg,3,pituitary,3,pituitary,0.125012,0.125015,0.124946,0.625027
D:\Major project\Testing\pituitary\Te-pi_0125.jpg,3,pituitary,3,pituitary,0.125039,0.125361,0.124944,0.624657
D:\Major project\Testing\pituitary\Te-pi_0126.jpg,3,pituitary,3,pituitary,0.125019,0.125601,0.124953,0.624426
D:\Major project\Testing\pituitary\Te-pi_0127.jpg,3,pituitary,3,pituitary,0.125013,0.125008,0.124941,0.625038
D:\Major project\Testing\pituitary\Te-pi_0128.jpg,3,pituitary,3,pituitary,0.125015,0.130438,0.124941,0.619606
D:\Major project\Testing\pituitary\Te-pi_0129.jpg,3,pituitary,3,pituitary,0.125015,0.125098,0.124941,0.624945
D:\Major project\Testing\pituitary\Te-pi_0130.jpg,3,pituitary,3,pituitary,0.125013,0.126310,0.124943,0.623734
D:\Major project\Testing\pituitary\Te-pi_0131.jpg,3,pituitary,3,pituitary,0.125013,0.125016,0.124941,0.625030
D:\Major project\Testing\pituitary\Te-pi_0132.jpg,3,pituitary,3,pituitary,0.125014,0.125041,0.124940,0.625006
D:\Major project\Testing\pituitary\Te-pi_0133.jpg,3,pituitary,3,pituitary,0.125023,0.134191,0.124993,0.615793
D:\Major project\Testing\pituitary\Te-pi_0134.jpg,3,pituitary,3,pituitary,0.125014,0.125049,0.124934,0.625003
D:\Major project\Testing\pituitary\Te-pi_0135.jpg,3,pituitary,3,pituitary,0.125014,0.125002,0.124939,0.625046
D:\Major project\Testing\pituitary\Te-pi_0136.jpg,3,pituitary,3,pituitary,0.125012,0.125008,0.124940,0.625040
D:\Major project\Testing\pituitary\Te-pi_0137.jpg,3,pituitary,3,pituitary,0.125041,0.125370,0.124949,0.624641
D:\Major project\Testing\pituitary\Te-pi_0138.jpg,3,pituitary,3,pituitary,0.125016,0.125037,0.125081,0.624866
D:\Major project\Testing\pituitary\Te-pi_0139.jpg,3,pituitary,3,pituitary,0.125014,0.125432,0.124939,0.624614
D:\Major project\Testing\pituitary\Te-pi_0140.jpg,3,pituitary,3,pituitary,0.125055,0.127172,0.124941,0.622832
D:\Major project\Testing\pituitary\Te-pi_0141.jpg,3,pituitary,3,pituitary,0.125017,0.125053,0.124947,0.624983
D:\Major project\Testing\pituitary\Te-pi_0142.jpg,3,pituitary,3,pituitary,0.125041,0.125040,0.124946,0.624973
D:\Major project\Testing\pituitary\Te-pi_0143.jpg,3,pituitary,3,pituitary,0.125014,0.124998,0.124946,0.625042
D:\Major project\Testing\pituitary\Te-pi_0144.jpg,3,pituitary,3,pituitary,0.125014,0.125570,0.124938,0.624478
D:\Major project\Testing\pituitary\Te-pi_0145.jpg,3,pituitary,3,pituitary,0.125014,0.125160,0.124937,0.624889
D:\Major project\Testing\pituitary\Te-pi_0146.jpg,3,pituitary,3,pituitary,0.125014,0.125211,0.124940,0.624835
D:\Major project\Testing\pituitary\Te-pi_0147.jpg,3,pituitary,3,pituitary,0.125918,0.125579,0.124940,0.623562
D:\Major project\Testing\pituitary\Te-pi_0148.jpg,3,pituitary,3,pituitary,0.125013,0.125564,0.124954,0.624469
D:\Major project\Testing\pituitary\Te-pi_0149.jpg,3,pituitary,3,pituitary,0.125013,0.125072,0.124951,0.624963
D:\Major project\Testing\pituitary\Te-pi_0150.jpg,3,pituitary,3,pituitary,0.125013,0.125550,0.124940,0.624496
D:\Major project\Testing\pituitary\Te-pi_0151.jpg,3,pituitary,3,pituitary,0.125013,0.125050,0.124944,0.624994
D:\Major project\Testing\pituitary\Te-pi_0152.jpg,3,pituitary,3,pituitary,0.125056,0.152224,0.124998,0.597721
D:\Major project\Testing\pituitary\Te-pi_0153.jpg,3,pituitary,3,pituitary,0.125026,0.131950,0.124937,0.618087
D:\Major project\Testing\pituitary\Te-pi_0154.jpg,3,pituitary,3,pituitary,0.125013,0.125039,0.124936,0.625011
D:\Major project\Testing\pituitary\Te-pi_0155.jpg,3,pituitary,3,pituitary,0.125014,0.125012,0.124943,0.625032
D:\Major project\Testing\pituitary\Te-pi_0156.jpg,3,pituitary,3,pituitary,0.125151,0.127302,0.124960,0.622588
D:\Major project\Testing\pituitary\Te-pi_0157.jpg,3,pituitary,3,pituitary,0.125014,0.125023,0.124942,0.625022
D:\Major project\Testing\pituitary\Te-pi_0158.jpg,3,pituitary,3,pituitary,0.125015,0.125006,0.124943,0.625036
D:\Major project\Testing\pituitary\Te-pi_0159.jpg,3,pituitary,3,pituitary,0.125014,0.125878,0.124948,0.624160
D:\Major project\Testing\pituitary\Te-pi_0160.jpg,3,pituitary,3,pituitary,0.125013,0.125094,0.124977,0.624915
D:\Major project\Testing\pituitary\Te-pi_0161.jpg,3,pituitary,3,pituitary,0.125013,0.125017,0.124938,0.625032
D:\Major project\Testing\pituitary\Te-pi_0162.jpg,3,pituitary,3,pituitary,0.125017,0.125728,0.124979,0.624276
D:\Major project\Testing\pituitary\Te-pi_0163.jpg,3,pituitary,3,pituitary,0.125063,0.125198,0.124964,0.624774
D:\Major project\Testing\pituitary\Te-pi_0164.jpg,3,pituitary,3,pituitary,0.125025,0.130759,0.125129,0.619088
D:\Major project\Testing\pituitary\Te-pi_0165.jpg,3,pituitary,3,pituitary,0.125016,0.125037,0.124936,0.625012
D:\Major project\Testing\pituitary\Te-pi_0166.jpg,3,pituitary,3,pituitary,0.125014,0.125095,0.124982,0.624910
D:\Major project\Testing\pituitary\Te-pi_0167.jpg,3,pituitary,3,pituitary,0.125013,0.124997,0.124944,0.625046
D:\Major project\Testing\pituitary\Te-pi_0168.jpg,3,pituitary,3,pituitary,0.125013,0.125037,0.124937,0.625013
D:\Major project\Testing\pituitary\Te-pi_0169.jpg,3,pituitary,3,pituitary,0.125014,0.125275,0.124943,0.624769
D:\Major project\Testing\pituitary\Te-pi_0170.jpg,3,pituitary,3,pituitary,0.125014,0.125146,0.124943,0.624898
D:\Major project\Testing\pituitary\Te-pi_0171.jpg,3,pituitary,3,pituitary,0.125089,0.249141,0.124943,0.500827
D:\Major project\Testing\pituitary\Te-pi_0172.jpg,3,pituitary,3,pituitary,0.125013,0.124997,0.124944,0.625046
D:\Major project\Testing\pituitary\Te-pi_0173.jpg,3,pituitary,3,pituitary,0.125147,0.125253,0.124945,0.624655
D:\Major project\Testing\pituitary\Te-pi_0174.jpg,3,pituitary,3,pituitary,0.125021,0.125599,0.124947,0.624433
D:\Major project\Testing\pituitary\Te-pi_0175.jpg,3,pituitary,3,pituitary,0.125090,0.125921,0.125299,0.623690
D:\Major project\Testing\pituitary\Te-pi_0176.jpg,3,pituitary,3,pituitary,0.125013,0.125670,0.124939,0.624378
D:\Major project\Testing\pituitary\Te-pi_0177.jpg,3,pituitary,3,pituitary,0.125013,0.125010,0.124940,0.625038
D:\Major project\Testing\pituitary\Te-pi_0178.jpg,3,pituitary,3,pituitary,0.125015,0.125220,0.124939,0.624826
D:\Major project\Testing\pituitary\Te-pi_0179.jpg,3,pituitary,3,pituitary,0.125022,0.127718,0.124936,0.622325
D:\Major project\Testing\pituitary\Te-pi_0180.jpg,3,pituitary,3,pituitary,0.125067,0.125112,0.125030,0.624791
D:\Major project\Testing\pituitary\Te-pi_0181.jpg,3,pituitary,3,pituitary,0.125013,0.125315,0.124942,0.624730
D:\Major project\Testing\pituitary\Te-pi_0182.jpg,3,pituitary,3,pituitary,0.125013,0.125096,0.124949,0.624941
D:\Major project\Testing\pituitary\Te-pi_0183.jpg,3,pituitary,3,pituitary,0.125015,0.127526,0.124942,0.622518
D:\Major project\Testing\pituitary\Te-pi_0184.jpg,3,pituitary,3,pituitary,0.125014,0.125278,0.124944,0.624764
D:\Major project\Testing\pituitary\Te-pi_0185.jpg,3,pituitary,3,pituitary,0.125113,0.125119,0.124998,0.624770
D:\Major project\Testing\pituitary\Te-pi_0186.jpg,3,pituitary,3,pituitary,0.125019,0.125241,0.124942,0.624798
D:\Major project\Testing\pituitary\Te-pi_0187.jpg,3,pituitary,3,pituitary,0.125026,0.125441,0.124941,0.624592
D:\Major project\Testing\pituitary\Te-pi_0188.jpg,3,pituitary,3,pituitary,0.125259,0.134954,0.124959,0.614829
D:\Major project\Testing\pituitary\Te-pi_0189.jpg,3,pituitary,3,pituitary,0.125013,0.125160,0.124942,0.624885
D:\Major project\Testing\pituitary\Te-pi_0190.jpg,3,pituitary,3,pituitary,0.125031,0.125563,0.124967,0.624438
D:\Major project\Testing\pituitary\Te-pi_0191.jpg,3,pituitary,3,pituitary,0.125013,0.125074,0.124941,0.624972
D:\Major project\Testing\pituitary\Te-pi_0192.jpg,3,pituitary,3,pituitary,0.125055,0.125536,0.124953,0.624456
D:\Major project\Testing\pituitary\Te-pi_0193.jpg,3,pituitary,3,pituitary,0.125015,0.125219,0.124947,0.624819
D:\Major project\Testing\pituitary\Te-pi_0194.jpg,3,pituitary,3,pituitary,0.125009,0.124998,0.124950,0.625043
D:\Major project\Testing\pituitary\Te-pi_0195.jpg,3,pituitary,3,pituitary,0.125011,0.124996,0.124943,0.625051
D:\Major project\Testing\pituitary\Te-pi_0196.jpg,3,pituitary,3,pituitary,0.125011,0.124998,0.124942,0.625049
D:\Major project\Testing\pituitary\Te-pi_0197.jpg,3,pituitary,3,pituitary,0.125015,0.124994,0.124942,0.625049
D:\Major project\Testing\pituitary\Te-pi_0198.jpg,3,pituitary,3,pituitary,0.125023,0.125003,0.124944,0.625031
D:\Major project\Testing\pituitary\Te-pi_0199.jpg,3,pituitary,3,pituitary,0.125014,0.124993,0.124939,0.625054
D:\Major project\Testing\pituitary\Te-pi_0200.jpg,3,pituitary,3,pituitary,0.125091,0.125382,0.124946,0.624581
D:\Major project\Testing\pituitary\Te-pi_0201.jpg,3,pituitary,3,pituitary,0.125013,0.125008,0.124944,0.625036
D:\Major project\Testing\pituitary\Te-pi_0202.jpg,3,pituitary,3,pituitary,0.125013,0.125095,0.124943,0.624950
D:\Major project\Testing\pituitary\Te-pi_0203.jpg,3,pituitary,3,pituitary,0.125011,0.124998,0.124939,0.625052
D:\Major project\Testing\pituitary\Te-pi_0204.jpg,3,pituitary,3,pituitary,0.125012,0.125107,0.124940,0.624941
D:\Major project\Testing\pituitary\Te-pi_0205.jpg,3,pituitary,3,pituitary,0.125014,0.125266,0.124945,0.624775
D:\Major project\Testing\pituitary\Te-pi_0206.jpg,3,pituitary,3,pituitary,0.125013,0.125064,0.124941,0.624982
D:\Major project\Testing\pituitary\Te-pi_0207.jpg,3,pituitary,3,pituitary,0.125012,0.125045,0.124938,0.625004
D:\Major project\Testing\pituitary\Te-pi_0208.jpg,3,pituitary,3,pituitary,0.125011,0.125132,0.124942,0.624915
D:\Major project\Testing\pituitary\Te-pi_0209.jpg,3,pituitary,3,pituitary,0.125013,0.125009,0.124943,0.625035
D:\Major project\Testing\pituitary\Te-pi_0210.jpg,3,pituitary,3,pituitary,0.125014,0.125062,0.124943,0.624982
D:\Major project\Testing\pituitary\Te-pi_0211.jpg,3,pituitary,3,pituitary,0.125014,0.125014,0.124944,0.625029
D:\Major project\Testing\pituitary\Te-pi_0212.jpg,3,pituitary,3,pituitary,0.125014,0.127885,0.124943,0.622157
D:\Major project\Testing\pituitary\Te-pi_0213.jpg,3,pituitary,3,pituitary,0.125012,0.124994,0.124941,0.625053
D:\Major project\Testing\pituitary\Te-pi_0214.jpg,3,pituitary,3,pituitary,0.125012,0.124991,0.124942,0.625055
D:\Major project\Testing\pituitary\Te-pi_0215.jpg,3,pituitary,3,pituitary,0.125012,0.125938,0.124943,0.624108
D:\Major project\Testing\pituitary\Te-pi_0216.jpg,3,pituitary,3,pituitary,0.125015,0.125012,0.124966,0.625007
D:\Major project\Testing\pituitary\Te-pi_0217.jpg,3,pituitary,3,pituitary,0.125055,0.130440,0.124945,0.619559
D:\Major project\Testing\pituitary\Te-pi_0218.jpg,3,pituitary,3,pituitary,0.125013,0.125022,0.124941,0.625024
D:\Major project\Testing\pituitary\Te-pi_0219.jpg,3,pituitary,3,pituitary,0.125015,0.125102,0.124943,0.624940
D:\Major project\Testing\pituitary\Te-pi_0220.jpg,3,pituitary,3,pituitary,0.125011,0.124994,0.124942,0.625053
D:\Major project\Testing\pituitary\Te-pi_0221.jpg,3,pituitary,3,pituitary,0.125011,0.124997,0.124942,0.625050
D:\Major project\Testing\pituitary\Te-pi_0222.jpg,3,pituitary,3,pituitary,0.125013,0.125013,0.124941,0.625033
D:\Major project\Testing\pituitary\Te-pi_0223.jpg,3,pituitary,3,pituitary,0.125011,0.125003,0.124944,0.625042
D:\Major project\Testing\pituitary\Te-pi_0224.jpg,3,pituitary,3,pituitary,0.126627,0.128091,0.125152,0.620130
D:\Major project\Testing\pituitary\Te-pi_0225.jpg,3,pituitary,3,pituitary,0.125011,0.125015,0.124943,0.625031
D:\Major project\Testing\pituitary\Te-pi_0226.jpg,3,pituitary,3,pituitary,0.125012,0.124993,0.124942,0.625053
D:\Major project\Testing\pituitary\Te-pi_0227.jpg,3,pituitary,3,pituitary,0.125012,0.125303,0.124944,0.624741
D:\Major project\Testing\pituitary\Te-pi_0228.jpg,3,pituitary,3,pituitary,0.125012,0.124992,0.124945,0.625051
D:\Major project\Testing\pituitary\Te-pi_0229.jpg,3,pituitary,3,pituitary,0.125012,0.125008,0.124946,0.625034
D:\Major project\Testing\pituitary\Te-pi_0230.jpg,3,pituitary,3,pituitary,0.125012,0.125029,0.124949,0.625010
D:\Major project\Testing\pituitary\Te-pi_0231.jpg,3,pituitary,3,pituitary,0.125012,0.125004,0.124941,0.625042
D:\Major project\Testing\pituitary\Te-pi_0232.jpg,3,pituitary,3,pituitary,0.125013,0.125075,0.124941,0.624972
D:\Major project\Testing\pituitary\Te-pi_0233.jpg,3,pituitary,3,pituitary,0.125012,0.125000,0.124942,0.625045
D:\Major project\Testing\pituitary\Te-pi_0234.jpg,3,pituitary,3,pituitary,0.125012,0.124992,0.124941,0.625055
D:\Major project\Testing\pituitary\Te-pi_0235.jpg,3,pituitary,3,pituitary,0.125012,0.124991,0.124943,0.625053
D:\Major project\Testing\pituitary\Te-pi_0236.jpg,3,pituitary,3,pituitary,0.125020,0.127050,0.124940,0.622990
D:\Major project\Testing\pituitary\Te-pi_0237.jpg,3,pituitary,3,pituitary,0.125030,0.125509,0.124941,0.624520
D:\Major project\Testing\pituitary\Te-pi_0238.jpg,3,pituitary,3,pituitary,0.125013,0.125031,0.124940,0.625016
D:\Major project\Testing\pituitary\Te-pi_0239.jpg,3,pituitary,3,pituitary,0.125013,0.125080,0.124942,0.624966
D:\Major project\Testing\pituitary\Te-pi_0240.jpg,3,pituitary,3,pituitary,0.125013,0.124998,0.124943,0.625046
D:\Major project\Testing\pituitary\Te-pi_0241.jpg,3,pituitary,3,pituitary,0.125013,0.125039,0.124943,0.625005
D:\Major project\Testing\pituitary\Te-pi_0242.jpg,3,pituitary,3,pituitary,0.125012,0.124995,0.124941,0.625052
D:\Major project\Testing\pituitary\Te-pi_0243.jpg,3,pituitary,3,pituitary,0.125012,0.125253,0.124949,0.624786
D:\Major project\Testing\pituitary\Te-pi_0244.jpg,3,pituitary,3,pituitary,0.125011,0.124993,0.124949,0.625047
D:\Major project\Testing\pituitary\Te-pi_0245.jpg,3,pituitary,3,pituitary,0.125012,0.125023,0.124946,0.625019
D:\Major project\Testing\pituitary\Te-pi_0246.jpg,3,pituitary,3,pituitary,0.125297,0.125214,0.124956,0.624533
D:\Major project\Testing\pituitary\Te-pi_0247.jpg,3,pituitary,3,pituitary,0.125021,0.125040,0.124941,0.624998
D:\Major project\Testing\pituitary\Te-pi_0248.jpg,3,pituitary,3,pituitary,0.125042,0.128189,0.124941,0.621829
D:\Major project\Testing\pituitary\Te-pi_0249.jpg,3,pituitary,3,pituitary,0.125013,0.124994,0.124943,0.625051
D:\Major project\Testing\pituitary\Te-pi_0250.jpg,3,pituitary,3,pituitary,0.135293,0.126127,0.124950,0.613629
D:\Major project\Testing\pituitary\Te-pi_0251.jpg,3,pituitary,3,pituitary,0.127727,0.143754,0.125032,0.603486
D:\Major project\Testing\pituitary\Te-pi_0252.jpg,3,pituitary,3,pituitary,0.125013,0.124990,0.124944,0.625053
D:\Major project\Testing\pituitary\Te-pi_0253.jpg,3,pituitary,3,pituitary,0.125245,0.130030,0.124983,0.619743
D:\Major project\Testing\pituitary\Te-pi_0254.jpg,3,pituitary,3,pituitary,0.125245,0.125067,0.124942,0.624746
D:\Major project\Testing\pituitary\Te-pi_0255.jpg,3,pituitary,3,pituitary,0.125015,0.125003,0.124947,0.625035
D:\Major project\Testing\pituitary\Te-pi_0256.jpg,3,pituitary,3,pituitary,0.125011,0.124994,0.124946,0.625049
D:\Major project\Testing\pituitary\Te-pi_0257.jpg,3,pituitary,3,pituitary,0.125014,0.125305,0.124945,0.624736
D:\Major project\Testing\pituitary\Te-pi_0258.jpg,3,pituitary,3,pituitary,0.125011,0.125006,0.124947,0.625035
D:\Major project\Testing\pituitary\Te-pi_0259.jpg,3,pituitary,3,pituitary,0.125039,0.126049,0.125572,0.623340
D:\Major project\Testing\pituitary\Te-pi_0260.jpg,3,pituitary,3,pituitary,0.125072,0.126599,0.124950,0.623379
D:\Major project\Testing\pituitary\Te-pi_0261.jpg,3,pituitary,3,pituitary,0.125013,0.124998,0.124950,0.625040
D:\Major project\Testing\pituitary\Te-pi_0262.jpg,3,pituitary,3,pituitary,0.125017,0.125500,0.124943,0.624540
D:\Major project\Testing\pituitary\Te-pi_0263.jpg,3,pituitary,3,pituitary,0.125019,0.125000,0.124944,0.625037
D:\Major project\Testing\pituitary\Te-pi_0264.jpg,3,pituitary,3,pituitary,0.125015,0.126810,0.125211,0.622963
D:\Major project\Testing\pituitary\Te-pi_0265.jpg,3,pituitary,3,pituitary,0.125076,0.127312,0.124944,0.622668
D:\Major project\Testing\pituitary\Te-pi_0266.jpg,3,pituitary,3,pituitary,0.125013,0.125016,0.124944,0.625027
D:\Major project\Testing\pituitary\Te-pi_0267.jpg,3,pituitary,3,pituitary,0.125410,0.125973,0.124953,0.623663
D:\Major project\Testing\pituitary\Te-pi_0268.jpg,3,pituitary,3,pituitary,0.125042,0.125251,0.124952,0.624755
D:\Major project\Testing\pituitary\Te-pi_0269.jpg,3,pituitary,3,pituitary,0.165414,0.168969,0.124989,0.540629
D:\Major project\Testing\pituitary\Te-pi_0270.jpg,3,pituitary,3,pituitary,0.125012,0.125051,0.124943,0.624993
D:\Major project\Testing\pituitary\Te-pi_0271.jpg,3,pituitary,3,pituitary,0.125015,0.125042,0.124940,0.625003
D:\Major project\Testing\pituitary\Te-pi_0272.jpg,3,pituitary,3,pituitary,0.125030,0.125001,0.124944,0.625025
D:\Major project\Testing\pituitary\Te-pi_0273.jpg,3,pituitary,3,pituitary,0.125013,0.125074,0.124992,0.624922
D:\Major project\Testing\pituitary\Te-pi_0274.jpg,3,pituitary,3,pituitary,0.125013,0.125015,0.124944,0.625027
D:\Major project\Testing\pituitary\Te-pi_0275.jpg,3,pituitary,3,pituitary,0.125012,0.124994,0.124946,0.625047
D:\Major project\Testing\pituitary\Te-pi_0276.jpg,3,pituitary,3,pituitary,0.125101,0.125715,0.124963,0.624221
D:\Major project\Testing\pituitary\Te-pi_0277.jpg,3,pituitary,3,pituitary,0.125010,0.124993,0.124947,0.625050
D:\Major project\Testing\pituitary\Te-pi_0278.jpg,3,pituitary,3,pituitary,0.125014,0.124993,0.124947,0.625046
D:\Major project\Testing\pituitary\Te-pi_0279.jpg,3,pituitary,3,pituitary,0.125014,0.125001,0.124948,0.625036
D:\Major project\Testing\pituitary\Te-pi_0280.jpg,3,pituitary,3,pituitary,0.125012,0.125010,0.124946,0.625032
D:\Major project\Testing\pituitary\Te-pi_0281.jpg,3,pituitary,3,pituitary,0.125056,0.125165,0.124996,0.624783
D:\Major project\Testing\pituitary\Te-pi_0282.jpg,3,pituitary,3,pituitary,0.125011,0.124999,0.124950,0.625040
D:\Major project\Testing\pituitary\Te-pi_0283.jpg,3,pituitary,3,pituitary,0.125013,0.125023,0.124940,0.625024
D:\Major project\Testing\pituitary\Te-pi_0284.jpg,3,pituitary,3,pituitary,0.125271,0.125269,0.124952,0.624508
D:\Major project\Testing\pituitary\Te-pi_0285.jpg,3,pituitary,3,pituitary,0.125012,0.124993,0.124942,0.625053
D:\Major project\Testing\pituitary\Te-pi_0286.jpg,3,pituitary,3,pituitary,0.125013,0.124997,0.124944,0.625046
D:\Major project\Testing\pituitary\Te-pi_0287.jpg,3,pituitary,3,pituitary,0.125044,0.125302,0.124942,0.624712
D:\Major project\Testing\pituitary\Te-pi_0288.jpg,3,pituitary,3,pituitary,0.125029,0.126581,0.124978,0.623413
D:\Major project\Testing\pituitary\Te-pi_0289.jpg,3,pituitary,3,pituitary,0.125022,0.125001,0.124946,0.625032
D:\Major project\Testing\pituitary\Te-pi_0290.jpg,3,pituitary,3,pituitary,0.125533,0.126949,0.124969,0.622549
D:\Major project\Testing\pituitary\Te-pi_0291.jpg,3,pituitary,3,pituitary,0.125019,0.125960,0.124943,0.624077
D:\Major project\Testing\pituitary\Te-pi_0292.jpg,3,pituitary,3,pituitary,0.125022,0.125603,0.124944,0.624431
D:\Major project\Testing\pituitary\Te-pi_0293.jpg,3,pituitary,3,pituitary,0.125016,0.126237,0.124944,0.623804
D:\Major project\Testing\pituitary\Te-pi_0294.jpg,3,pituitary,3,pituitary,0.125013,0.125025,0.124943,0.625019
D:\Major project\Testing\pituitary\Te-pi_0295.jpg,3,pituitary,3,pituitary,0.125013,0.124991,0.124941,0.625055
D:\Major project\Testing\pituitary\Te-pi_0296.jpg,3,pituitary,3,pituitary,0.125014,0.125043,0.124945,0.624998
D:\Major project\Testing\pituitary\Te-pi_0297.jpg,3,pituitary,3,pituitary,0.125017,0.125024,0.124944,0.625014
D:\Major project\Testing\pituitary\Te-pi_0298.jpg,3,pituitary,3,pituitary,0.125062,0.124996,0.124948,0.624994
D:\Major project\Testing\pituitary\Te-pi_0299.jpg,3,pituitary,3,pituitary,0.125011,0.125021,0.124943,0.625025
